"Process_Record_ID","Batch_ID","Step_Run_ID","Step_ID","Equipment_ID","Parameter","Value","Unit","Event_TS","Step_Start_TS","Step_End_TS","Data_Origin","Target_Value","Upper_Limit","Target_Duration_min","Upper_Duration_min"
"SIM-S0001-P0","SIM-S0001","SIM-S0001-MIX","MIX","MIX-1","Temperature","26.0396","C","2026-08-31T22:10:00Z","2026-08-31T22:10:00Z","2026-08-31T23:00:00Z","SYNTHETIC","25","30","50","60"
"SIM-S0001-P1","SIM-S0001","SIM-S0001-MIX","MIX","MIX-1","Temperature","25.8771","C","2026-08-31T22:18:00Z","2026-08-31T22:10:00Z","2026-08-31T23:00:00Z","SYNTHETIC","25","30","50","60"
"SIM-S0001-P2","SIM-S0001","SIM-S0001-MIX","MIX","MIX-1","Temperature","25.6866","C","2026-08-31T22:26:00Z","2026-08-31T22:10:00Z","2026-08-31T23:00:00Z","SYNTHETIC","25","30","50","60"
"SIM-S0001-P3","SIM-S0001","SIM-S0001-MIX","MIX","MIX-1","Temperature","25.5967","C","2026-08-31T22:34:00Z","2026-08-31T22:10:00Z","2026-08-31T23:00:00Z","SYNTHETIC","25","30","50","60"
"SIM-S0001-P4","SIM-S0001","SIM-S0001-MIX","MIX","MIX-1","Temperature","25.5253","C","2026-08-31T22:42:00Z","2026-08-31T22:10:00Z","2026-08-31T23:00:00Z","SYNTHETIC","25","30","50","60"
"SIM-S0001-P5","SIM-S0001","SIM-S0001-MIX","MIX","MIX-1","Temperature","26.0199","C","2026-08-31T22:50:00Z","2026-08-31T22:10:00Z","2026-08-31T23:00:00Z","SYNTHETIC","25","30","50","60"
"SIM-S0001-P6","SIM-S0001","SIM-S0001-MIX","MIX","MIX-1","Agitator_Speed","301.8028","rpm","2026-08-31T22:15:00Z","2026-08-31T22:10:00Z","2026-08-31T23:00:00Z","SYNTHETIC","300","330","50","60"
"SIM-S0001-P7","SIM-S0001","SIM-S0001-MIX","MIX","MIX-1","Agitator_Speed","298.5535","rpm","2026-08-31T22:35:00Z","2026-08-31T22:10:00Z","2026-08-31T23:00:00Z","SYNTHETIC","300","330","50","60"
"SIM-S0001-P8","SIM-S0001","SIM-S0001-MIX","MIX","MIX-1","Agitator_Speed","298.0406","rpm","2026-08-31T22:55:00Z","2026-08-31T22:10:00Z","2026-08-31T23:00:00Z","SYNTHETIC","300","330","50","60"
"SIM-S0001-P9","SIM-S0001","SIM-S0001-FILTER","FILTER","MIX-1","Filter_DP","36.2511","kPa","2026-08-31T23:00:00Z","2026-08-31T23:00:00Z","2026-08-31T23:15:00Z","SYNTHETIC","40","80","15","20"
"SIM-S0001-P10","SIM-S0001","SIM-S0001-FILTER","FILTER","MIX-1","Filter_DP","36.6954","kPa","2026-08-31T23:06:00Z","2026-08-31T23:00:00Z","2026-08-31T23:15:00Z","SYNTHETIC","40","80","15","20"
"SIM-S0001-P11","SIM-S0001","SIM-S0001-FILTER","FILTER","MIX-1","Filter_DP","37.6043","kPa","2026-08-31T23:12:00Z","2026-08-31T23:00:00Z","2026-08-31T23:15:00Z","SYNTHETIC","40","80","15","20"
"SIM-S0002-P0","SIM-S0002","SIM-S0002-MIX","MIX","MIX-2","Temperature","25.5451","C","2026-08-31T22:10:00Z","2026-08-31T22:10:00Z","2026-08-31T23:00:00Z","SYNTHETIC","25","30","50","60"
"SIM-S0002-P1","SIM-S0002","SIM-S0002-MIX","MIX","MIX-2","Temperature","25.5927","C","2026-08-31T22:18:00Z","2026-08-31T22:10:00Z","2026-08-31T23:00:00Z","SYNTHETIC","25","30","50","60"
"SIM-S0002-P2","SIM-S0002","SIM-S0002-MIX","MIX","MIX-2","Temperature","25.5065","C","2026-08-31T22:26:00Z","2026-08-31T22:10:00Z","2026-08-31T23:00:00Z","SYNTHETIC","25","30","50","60"
"SIM-S0002-P3","SIM-S0002","SIM-S0002-MIX","MIX","MIX-2","Temperature","25.5589","C","2026-08-31T22:34:00Z","2026-08-31T22:10:00Z","2026-08-31T23:00:00Z","SYNTHETIC","25","30","50","60"
"SIM-S0002-P4","SIM-S0002","SIM-S0002-MIX","MIX","MIX-2","Temperature","25.6297","C","2026-08-31T22:42:00Z","2026-08-31T22:10:00Z","2026-08-31T23:00:00Z","SYNTHETIC","25","30","50","60"
"SIM-S0002-P5","SIM-S0002","SIM-S0002-MIX","MIX","MIX-2","Temperature","25.7151","C","2026-08-31T22:50:00Z","2026-08-31T22:10:00Z","2026-08-31T23:00:00Z","SYNTHETIC","25","30","50","60"
"SIM-S0002-P6","SIM-S0002","SIM-S0002-MIX","MIX","MIX-2","Agitator_Speed","302.1843","rpm","2026-08-31T22:15:00Z","2026-08-31T22:10:00Z","2026-08-31T23:00:00Z","SYNTHETIC","300","330","50","60"
"SIM-S0002-P7","SIM-S0002","SIM-S0002-MIX","MIX","MIX-2","Agitator_Speed","300.6241","rpm","2026-08-31T22:35:00Z","2026-08-31T22:10:00Z","2026-08-31T23:00:00Z","SYNTHETIC","300","330","50","60"
"SIM-S0002-P8","SIM-S0002","SIM-S0002-MIX","MIX","MIX-2","Agitator_Speed","298.1533","rpm","2026-08-31T22:55:00Z","2026-08-31T22:10:00Z","2026-08-31T23:00:00Z","SYNTHETIC","300","330","50","60"
"SIM-S0002-P9","SIM-S0002","SIM-S0002-FILTER","FILTER","MIX-2","Filter_DP","38.4475","kPa","2026-08-31T23:00:00Z","2026-08-31T23:00:00Z","2026-08-31T23:15:00Z","SYNTHETIC","40","80","15","20"
"SIM-S0002-P10","SIM-S0002","SIM-S0002-FILTER","FILTER","MIX-2","Filter_DP","38.8292","kPa","2026-08-31T23:06:00Z","2026-08-31T23:00:00Z","2026-08-31T23:15:00Z","SYNTHETIC","40","80","15","20"
"SIM-S0002-P11","SIM-S0002","SIM-S0002-FILTER","FILTER","MIX-2","Filter_DP","39.6719","kPa","2026-08-31T23:12:00Z","2026-08-31T23:00:00Z","2026-08-31T23:15:00Z","SYNTHETIC","40","80","15","20"
"SIM-S0003-P0","SIM-S0003","SIM-S0003-MIX","MIX","MIX-3","Temperature","25.8094","C","2026-08-31T22:10:00Z","2026-08-31T22:10:00Z","2026-08-31T23:00:00Z","SYNTHETIC","25","30","50","60"
"SIM-S0003-P1","SIM-S0003","SIM-S0003-MIX","MIX","MIX-3","Temperature","25.6401","C","2026-08-31T22:18:00Z","2026-08-31T22:10:00Z","2026-08-31T23:00:00Z","SYNTHETIC","25","30","50","60"
"SIM-S0003-P2","SIM-S0003","SIM-S0003-MIX","MIX","MIX-3","Temperature","25.9105","C","2026-08-31T22:26:00Z","2026-08-31T22:10:00Z","2026-08-31T23:00:00Z","SYNTHETIC","25","30","50","60"
"SIM-S0003-P3","SIM-S0003","SIM-S0003-MIX","MIX","MIX-3","Temperature","25.3573","C","2026-08-31T22:34:00Z","2026-08-31T22:10:00Z","2026-08-31T23:00:00Z","SYNTHETIC","25","30","50","60"
"SIM-S0003-P4","SIM-S0003","SIM-S0003-MIX","MIX","MIX-3","Temperature","25.8823","C","2026-08-31T22:42:00Z","2026-08-31T22:10:00Z","2026-08-31T23:00:00Z","SYNTHETIC","25","30","50","60"
"SIM-S0003-P5","SIM-S0003","SIM-S0003-MIX","MIX","MIX-3","Temperature","25.6408","C","2026-08-31T22:50:00Z","2026-08-31T22:10:00Z","2026-08-31T23:00:00Z","SYNTHETIC","25","30","50","60"
"SIM-S0003-P6","SIM-S0003","SIM-S0003-MIX","MIX","MIX-3","Agitator_Speed","301.5805","rpm","2026-08-31T22:15:00Z","2026-08-31T22:10:00Z","2026-08-31T23:00:00Z","SYNTHETIC","300","330","50","60"
"SIM-S0003-P7","SIM-S0003","SIM-S0003-MIX","MIX","MIX-3","Agitator_Speed","299.5131","rpm","2026-08-31T22:35:00Z","2026-08-31T22:10:00Z","2026-08-31T23:00:00Z","SYNTHETIC","300","330","50","60"
"SIM-S0003-P8","SIM-S0003","SIM-S0003-MIX","MIX","MIX-3","Agitator_Speed","296.6074","rpm","2026-08-31T22:55:00Z","2026-08-31T22:10:00Z","2026-08-31T23:00:00Z","SYNTHETIC","300","330","50","60"
"SIM-S0003-P9","SIM-S0003","SIM-S0003-FILTER","FILTER","MIX-3","Filter_DP","35.1665","kPa","2026-08-31T23:00:00Z","2026-08-31T23:00:00Z","2026-08-31T23:15:00Z","SYNTHETIC","40","80","15","20"
"SIM-S0003-P10","SIM-S0003","SIM-S0003-FILTER","FILTER","MIX-3","Filter_DP","36.4341","kPa","2026-08-31T23:06:00Z","2026-08-31T23:00:00Z","2026-08-31T23:15:00Z","SYNTHETIC","40","80","15","20"
"SIM-S0003-P11","SIM-S0003","SIM-S0003-FILTER","FILTER","MIX-3","Filter_DP","36.9989","kPa","2026-08-31T23:12:00Z","2026-08-31T23:00:00Z","2026-08-31T23:15:00Z","SYNTHETIC","40","80","15","20"
"SIM-S0004-P0","SIM-S0004","SIM-S0004-MIX","MIX","MIX-1","Temperature","25.7558","C","2026-08-31T23:40:00Z","2026-08-31T23:40:00Z","2026-09-01T00:30:00Z","SYNTHETIC","25","30","50","60"
"SIM-S0004-P1","SIM-S0004","SIM-S0004-MIX","MIX","MIX-1","Temperature","25.6024","C","2026-08-31T23:48:00Z","2026-08-31T23:40:00Z","2026-09-01T00:30:00Z","SYNTHETIC","25","30","50","60"
"SIM-S0004-P2","SIM-S0004","SIM-S0004-MIX","MIX","MIX-1","Temperature","25.4619","C","2026-08-31T23:56:00Z","2026-08-31T23:40:00Z","2026-09-01T00:30:00Z","SYNTHETIC","25","30","50","60"
"SIM-S0004-P3","SIM-S0004","SIM-S0004-MIX","MIX","MIX-1","Temperature","25.6106","C","2026-09-01T00:04:00Z","2026-08-31T23:40:00Z","2026-09-01T00:30:00Z","SYNTHETIC","25","30","50","60"
"SIM-S0004-P4","SIM-S0004","SIM-S0004-MIX","MIX","MIX-1","Temperature","25.5928","C","2026-09-01T00:12:00Z","2026-08-31T23:40:00Z","2026-09-01T00:30:00Z","SYNTHETIC","25","30","50","60"
"SIM-S0004-P5","SIM-S0004","SIM-S0004-MIX","MIX","MIX-1","Temperature","25.3766","C","2026-09-01T00:20:00Z","2026-08-31T23:40:00Z","2026-09-01T00:30:00Z","SYNTHETIC","25","30","50","60"
"SIM-S0004-P6","SIM-S0004","SIM-S0004-MIX","MIX","MIX-1","Agitator_Speed","297.252","rpm","2026-08-31T23:45:00Z","2026-08-31T23:40:00Z","2026-09-01T00:30:00Z","SYNTHETIC","300","330","50","60"
"SIM-S0004-P7","SIM-S0004","SIM-S0004-MIX","MIX","MIX-1","Agitator_Speed","298.803","rpm","2026-09-01T00:05:00Z","2026-08-31T23:40:00Z","2026-09-01T00:30:00Z","SYNTHETIC","300","330","50","60"
"SIM-S0004-P8","SIM-S0004","SIM-S0004-MIX","MIX","MIX-1","Agitator_Speed","300.3013","rpm","2026-09-01T00:25:00Z","2026-08-31T23:40:00Z","2026-09-01T00:30:00Z","SYNTHETIC","300","330","50","60"
"SIM-S0004-P9","SIM-S0004","SIM-S0004-FILTER","FILTER","MIX-1","Filter_DP","40.716","kPa","2026-09-01T00:30:00Z","2026-09-01T00:30:00Z","2026-09-01T00:45:00Z","SYNTHETIC","40","80","15","20"
"SIM-S0004-P10","SIM-S0004","SIM-S0004-FILTER","FILTER","MIX-1","Filter_DP","42.1198","kPa","2026-09-01T00:36:00Z","2026-09-01T00:30:00Z","2026-09-01T00:45:00Z","SYNTHETIC","40","80","15","20"
"SIM-S0004-P11","SIM-S0004","SIM-S0004-FILTER","FILTER","MIX-1","Filter_DP","41.6883","kPa","2026-09-01T00:42:00Z","2026-09-01T00:30:00Z","2026-09-01T00:45:00Z","SYNTHETIC","40","80","15","20"
"SIM-S0005-P0","SIM-S0005","SIM-S0005-MIX","MIX","MIX-2","Temperature","25.3282","C","2026-08-31T23:40:00Z","2026-08-31T23:40:00Z","2026-09-01T00:30:00Z","SYNTHETIC","25","30","50","60"
"SIM-S0005-P1","SIM-S0005","SIM-S0005-MIX","MIX","MIX-2","Temperature","25.1547","C","2026-08-31T23:48:00Z","2026-08-31T23:40:00Z","2026-09-01T00:30:00Z","SYNTHETIC","25","30","50","60"
"SIM-S0005-P2","SIM-S0005","SIM-S0005-MIX","MIX","MIX-2","Temperature","25.1217","C","2026-08-31T23:56:00Z","2026-08-31T23:40:00Z","2026-09-01T00:30:00Z","SYNTHETIC","25","30","50","60"
"SIM-S0005-P3","SIM-S0005","SIM-S0005-MIX","MIX","MIX-2","Temperature","25.2099","C","2026-09-01T00:04:00Z","2026-08-31T23:40:00Z","2026-09-01T00:30:00Z","SYNTHETIC","25","30","50","60"
"SIM-S0005-P4","SIM-S0005","SIM-S0005-MIX","MIX","MIX-2","Temperature","25.178","C","2026-09-01T00:12:00Z","2026-08-31T23:40:00Z","2026-09-01T00:30:00Z","SYNTHETIC","25","30","50","60"
"SIM-S0005-P5","SIM-S0005","SIM-S0005-MIX","MIX","MIX-2","Temperature","25.252","C","2026-09-01T00:20:00Z","2026-08-31T23:40:00Z","2026-09-01T00:30:00Z","SYNTHETIC","25","30","50","60"
"SIM-S0005-P6","SIM-S0005","SIM-S0005-MIX","MIX","MIX-2","Agitator_Speed","298.0202","rpm","2026-08-31T23:45:00Z","2026-08-31T23:40:00Z","2026-09-01T00:30:00Z","SYNTHETIC","300","330","50","60"
"SIM-S0005-P7","SIM-S0005","SIM-S0005-MIX","MIX","MIX-2","Agitator_Speed","299.0486","rpm","2026-09-01T00:05:00Z","2026-08-31T23:40:00Z","2026-09-01T00:30:00Z","SYNTHETIC","300","330","50","60"
"SIM-S0005-P8","SIM-S0005","SIM-S0005-MIX","MIX","MIX-2","Agitator_Speed","298.2178","rpm","2026-09-01T00:25:00Z","2026-08-31T23:40:00Z","2026-09-01T00:30:00Z","SYNTHETIC","300","330","50","60"
"SIM-S0005-P9","SIM-S0005","SIM-S0005-FILTER","FILTER","MIX-2","Filter_DP","37.5864","kPa","2026-09-01T00:30:00Z","2026-09-01T00:30:00Z","2026-09-01T00:45:00Z","SYNTHETIC","40","80","15","20"
"SIM-S0005-P10","SIM-S0005","SIM-S0005-FILTER","FILTER","MIX-2","Filter_DP","37.7316","kPa","2026-09-01T00:36:00Z","2026-09-01T00:30:00Z","2026-09-01T00:45:00Z","SYNTHETIC","40","80","15","20"
"SIM-S0005-P11","SIM-S0005","SIM-S0005-FILTER","FILTER","MIX-2","Filter_DP","38.938","kPa","2026-09-01T00:42:00Z","2026-09-01T00:30:00Z","2026-09-01T00:45:00Z","SYNTHETIC","40","80","15","20"
"SIM-S0006-P0","SIM-S0006","SIM-S0006-MIX","MIX","MIX-3","Temperature","25.0459","C","2026-08-31T23:40:00Z","2026-08-31T23:40:00Z","2026-09-01T00:30:00Z","SYNTHETIC","25","30","50","60"
"SIM-S0006-P1","SIM-S0006","SIM-S0006-MIX","MIX","MIX-3","Temperature","25.2014","C","2026-08-31T23:48:00Z","2026-08-31T23:40:00Z","2026-09-01T00:30:00Z","SYNTHETIC","25","30","50","60"
"SIM-S0006-P2","SIM-S0006","SIM-S0006-MIX","MIX","MIX-3","Temperature","25.5304","C","2026-08-31T23:56:00Z","2026-08-31T23:40:00Z","2026-09-01T00:30:00Z","SYNTHETIC","25","30","50","60"
"SIM-S0006-P3","SIM-S0006","SIM-S0006-MIX","MIX","MIX-3","Temperature","25.3693","C","2026-09-01T00:04:00Z","2026-08-31T23:40:00Z","2026-09-01T00:30:00Z","SYNTHETIC","25","30","50","60"
"SIM-S0006-P4","SIM-S0006","SIM-S0006-MIX","MIX","MIX-3","Temperature","25.4167","C","2026-09-01T00:12:00Z","2026-08-31T23:40:00Z","2026-09-01T00:30:00Z","SYNTHETIC","25","30","50","60"
"SIM-S0006-P5","SIM-S0006","SIM-S0006-MIX","MIX","MIX-3","Temperature","25.1312","C","2026-09-01T00:20:00Z","2026-08-31T23:40:00Z","2026-09-01T00:30:00Z","SYNTHETIC","25","30","50","60"
"SIM-S0006-P6","SIM-S0006","SIM-S0006-MIX","MIX","MIX-3","Agitator_Speed","299.9141","rpm","2026-08-31T23:45:00Z","2026-08-31T23:40:00Z","2026-09-01T00:30:00Z","SYNTHETIC","300","330","50","60"
"SIM-S0006-P7","SIM-S0006","SIM-S0006-MIX","MIX","MIX-3","Agitator_Speed","302.5665","rpm","2026-09-01T00:05:00Z","2026-08-31T23:40:00Z","2026-09-01T00:30:00Z","SYNTHETIC","300","330","50","60"
"SIM-S0006-P8","SIM-S0006","SIM-S0006-MIX","MIX","MIX-3","Agitator_Speed","299.6323","rpm","2026-09-01T00:25:00Z","2026-08-31T23:40:00Z","2026-09-01T00:30:00Z","SYNTHETIC","300","330","50","60"
"SIM-S0006-P9","SIM-S0006","SIM-S0006-FILTER","FILTER","MIX-3","Filter_DP","40.6532","kPa","2026-09-01T00:30:00Z","2026-09-01T00:30:00Z","2026-09-01T00:45:00Z","SYNTHETIC","40","80","15","20"
"SIM-S0006-P10","SIM-S0006","SIM-S0006-FILTER","FILTER","MIX-3","Filter_DP","41.9352","kPa","2026-09-01T00:36:00Z","2026-09-01T00:30:00Z","2026-09-01T00:45:00Z","SYNTHETIC","40","80","15","20"
"SIM-S0006-P11","SIM-S0006","SIM-S0006-FILTER","FILTER","MIX-3","Filter_DP","42.4842","kPa","2026-09-01T00:42:00Z","2026-09-01T00:30:00Z","2026-09-01T00:45:00Z","SYNTHETIC","40","80","15","20"
"SIM-S0007-P0","SIM-S0007","SIM-S0007-MIX","MIX","MIX-1","Temperature","25.0207","C","2026-09-01T01:10:00Z","2026-09-01T01:10:00Z","2026-09-01T02:00:00Z","SYNTHETIC","25","30","50","60"
"SIM-S0007-P1","SIM-S0007","SIM-S0007-MIX","MIX","MIX-1","Temperature","24.9365","C","2026-09-01T01:18:00Z","2026-09-01T01:10:00Z","2026-09-01T02:00:00Z","SYNTHETIC","25","30","50","60"
"SIM-S0007-P2","SIM-S0007","SIM-S0007-MIX","MIX","MIX-1","Temperature","25.1754","C","2026-09-01T01:26:00Z","2026-09-01T01:10:00Z","2026-09-01T02:00:00Z","SYNTHETIC","25","30","50","60"
"SIM-S0007-P3","SIM-S0007","SIM-S0007-MIX","MIX","MIX-1","Temperature","25.0424","C","2026-09-01T01:34:00Z","2026-09-01T01:10:00Z","2026-09-01T02:00:00Z","SYNTHETIC","25","30","50","60"
"SIM-S0007-P4","SIM-S0007","SIM-S0007-MIX","MIX","MIX-1","Temperature","24.9425","C","2026-09-01T01:42:00Z","2026-09-01T01:10:00Z","2026-09-01T02:00:00Z","SYNTHETIC","25","30","50","60"
"SIM-S0007-P5","SIM-S0007","SIM-S0007-MIX","MIX","MIX-1","Temperature","25.188","C","2026-09-01T01:50:00Z","2026-09-01T01:10:00Z","2026-09-01T02:00:00Z","SYNTHETIC","25","30","50","60"
"SIM-S0007-P6","SIM-S0007","SIM-S0007-MIX","MIX","MIX-1","Agitator_Speed","304.6034","rpm","2026-09-01T01:15:00Z","2026-09-01T01:10:00Z","2026-09-01T02:00:00Z","SYNTHETIC","300","330","50","60"
"SIM-S0007-P7","SIM-S0007","SIM-S0007-MIX","MIX","MIX-1","Agitator_Speed","304.7447","rpm","2026-09-01T01:35:00Z","2026-09-01T01:10:00Z","2026-09-01T02:00:00Z","SYNTHETIC","300","330","50","60"
"SIM-S0007-P8","SIM-S0007","SIM-S0007-MIX","MIX","MIX-1","Agitator_Speed","302.4871","rpm","2026-09-01T01:55:00Z","2026-09-01T01:10:00Z","2026-09-01T02:00:00Z","SYNTHETIC","300","330","50","60"
"SIM-S0007-P9","SIM-S0007","SIM-S0007-FILTER","FILTER","MIX-1","Filter_DP","41.2143","kPa","2026-09-01T02:00:00Z","2026-09-01T02:00:00Z","2026-09-01T02:15:00Z","SYNTHETIC","40","80","15","20"
"SIM-S0007-P10","SIM-S0007","SIM-S0007-FILTER","FILTER","MIX-1","Filter_DP","41.6338","kPa","2026-09-01T02:06:00Z","2026-09-01T02:00:00Z","2026-09-01T02:15:00Z","SYNTHETIC","40","80","15","20"
"SIM-S0007-P11","SIM-S0007","SIM-S0007-FILTER","FILTER","MIX-1","Filter_DP","42.8926","kPa","2026-09-01T02:12:00Z","2026-09-01T02:00:00Z","2026-09-01T02:15:00Z","SYNTHETIC","40","80","15","20"
"SIM-S0008-P0","SIM-S0008","SIM-S0008-MIX","MIX","MIX-2","Temperature","25.2488","C","2026-09-01T01:10:00Z","2026-09-01T01:10:00Z","2026-09-01T02:00:00Z","SYNTHETIC","25","30","50","60"
"SIM-S0008-P1","SIM-S0008","SIM-S0008-MIX","MIX","MIX-2","Temperature","25.1292","C","2026-09-01T01:18:00Z","2026-09-01T01:10:00Z","2026-09-01T02:00:00Z","SYNTHETIC","25","30","50","60"
"SIM-S0008-P2","SIM-S0008","SIM-S0008-MIX","MIX","MIX-2","Temperature","25.3927","C","2026-09-01T01:26:00Z","2026-09-01T01:10:00Z","2026-09-01T02:00:00Z","SYNTHETIC","25","30","50","60"
"SIM-S0008-P3","SIM-S0008","SIM-S0008-MIX","MIX","MIX-2","Temperature","25.1459","C","2026-09-01T01:34:00Z","2026-09-01T01:10:00Z","2026-09-01T02:00:00Z","SYNTHETIC","25","30","50","60"
"SIM-S0008-P4","SIM-S0008","SIM-S0008-MIX","MIX","MIX-2","Temperature","25.0877","C","2026-09-01T01:42:00Z","2026-09-01T01:10:00Z","2026-09-01T02:00:00Z","SYNTHETIC","25","30","50","60"
"SIM-S0008-P5","SIM-S0008","SIM-S0008-MIX","MIX","MIX-2","Temperature","25.234","C","2026-09-01T01:50:00Z","2026-09-01T01:10:00Z","2026-09-01T02:00:00Z","SYNTHETIC","25","30","50","60"
"SIM-S0008-P6","SIM-S0008","SIM-S0008-MIX","MIX","MIX-2","Agitator_Speed","299.0524","rpm","2026-09-01T01:15:00Z","2026-09-01T01:10:00Z","2026-09-01T02:00:00Z","SYNTHETIC","300","330","50","60"
"SIM-S0008-P7","SIM-S0008","SIM-S0008-MIX","MIX","MIX-2","Agitator_Speed","295.9939","rpm","2026-09-01T01:35:00Z","2026-09-01T01:10:00Z","2026-09-01T02:00:00Z","SYNTHETIC","300","330","50","60"
"SIM-S0008-P8","SIM-S0008","SIM-S0008-MIX","MIX","MIX-2","Agitator_Speed","298.7685","rpm","2026-09-01T01:55:00Z","2026-09-01T01:10:00Z","2026-09-01T02:00:00Z","SYNTHETIC","300","330","50","60"
"SIM-S0008-P9","SIM-S0008","SIM-S0008-FILTER","FILTER","MIX-2","Filter_DP","43.1956","kPa","2026-09-01T02:00:00Z","2026-09-01T02:00:00Z","2026-09-01T02:15:00Z","SYNTHETIC","40","80","15","20"
"SIM-S0008-P10","SIM-S0008","SIM-S0008-FILTER","FILTER","MIX-2","Filter_DP","44.6915","kPa","2026-09-01T02:06:00Z","2026-09-01T02:00:00Z","2026-09-01T02:15:00Z","SYNTHETIC","40","80","15","20"
"SIM-S0008-P11","SIM-S0008","SIM-S0008-FILTER","FILTER","MIX-2","Filter_DP","44.8491","kPa","2026-09-01T02:12:00Z","2026-09-01T02:00:00Z","2026-09-01T02:15:00Z","SYNTHETIC","40","80","15","20"
"SIM-S0009-P0","SIM-S0009","SIM-S0009-MIX","MIX","MIX-3","Temperature","24.6946","C","2026-09-01T01:10:00Z","2026-09-01T01:10:00Z","2026-09-01T02:00:00Z","SYNTHETIC","25","30","50","60"
"SIM-S0009-P1","SIM-S0009","SIM-S0009-MIX","MIX","MIX-3","Temperature","24.7802","C","2026-09-01T01:18:00Z","2026-09-01T01:10:00Z","2026-09-01T02:00:00Z","SYNTHETIC","25","30","50","60"
"SIM-S0009-P2","SIM-S0009","SIM-S0009-MIX","MIX","MIX-3","Temperature","24.3049","C","2026-09-01T01:26:00Z","2026-09-01T01:10:00Z","2026-09-01T02:00:00Z","SYNTHETIC","25","30","50","60"
"SIM-S0009-P3","SIM-S0009","SIM-S0009-MIX","MIX","MIX-3","Temperature","24.9772","C","2026-09-01T01:34:00Z","2026-09-01T01:10:00Z","2026-09-01T02:00:00Z","SYNTHETIC","25","30","50","60"
"SIM-S0009-P4","SIM-S0009","SIM-S0009-MIX","MIX","MIX-3","Temperature","24.782","C","2026-09-01T01:42:00Z","2026-09-01T01:10:00Z","2026-09-01T02:00:00Z","SYNTHETIC","25","30","50","60"
"SIM-S0009-P5","SIM-S0009","SIM-S0009-MIX","MIX","MIX-3","Temperature","24.7719","C","2026-09-01T01:50:00Z","2026-09-01T01:10:00Z","2026-09-01T02:00:00Z","SYNTHETIC","25","30","50","60"
"SIM-S0009-P6","SIM-S0009","SIM-S0009-MIX","MIX","MIX-3","Agitator_Speed","298.7072","rpm","2026-09-01T01:15:00Z","2026-09-01T01:10:00Z","2026-09-01T02:00:00Z","SYNTHETIC","300","330","50","60"
"SIM-S0009-P7","SIM-S0009","SIM-S0009-MIX","MIX","MIX-3","Agitator_Speed","300.3114","rpm","2026-09-01T01:35:00Z","2026-09-01T01:10:00Z","2026-09-01T02:00:00Z","SYNTHETIC","300","330","50","60"
"SIM-S0009-P8","SIM-S0009","SIM-S0009-MIX","MIX","MIX-3","Agitator_Speed","299.3566","rpm","2026-09-01T01:55:00Z","2026-09-01T01:10:00Z","2026-09-01T02:00:00Z","SYNTHETIC","300","330","50","60"
"SIM-S0009-P9","SIM-S0009","SIM-S0009-FILTER","FILTER","MIX-3","Filter_DP","45.4592","kPa","2026-09-01T02:00:00Z","2026-09-01T02:00:00Z","2026-09-01T02:15:00Z","SYNTHETIC","40","80","15","20"
"SIM-S0009-P10","SIM-S0009","SIM-S0009-FILTER","FILTER","MIX-3","Filter_DP","46.0549","kPa","2026-09-01T02:06:00Z","2026-09-01T02:00:00Z","2026-09-01T02:15:00Z","SYNTHETIC","40","80","15","20"
"SIM-S0009-P11","SIM-S0009","SIM-S0009-FILTER","FILTER","MIX-3","Filter_DP","47.2235","kPa","2026-09-01T02:12:00Z","2026-09-01T02:00:00Z","2026-09-01T02:15:00Z","SYNTHETIC","40","80","15","20"
"SIM-S0010-P0","SIM-S0010","SIM-S0010-MIX","MIX","MIX-1","Temperature","25.1566","C","2026-09-01T02:40:00Z","2026-09-01T02:40:00Z","2026-09-01T03:30:00Z","SYNTHETIC","25","30","50","60"
"SIM-S0010-P1","SIM-S0010","SIM-S0010-MIX","MIX","MIX-1","Temperature","24.7104","C","2026-09-01T02:48:00Z","2026-09-01T02:40:00Z","2026-09-01T03:30:00Z","SYNTHETIC","25","30","50","60"
"SIM-S0010-P2","SIM-S0010","SIM-S0010-MIX","MIX","MIX-1","Temperature","25.4182","C","2026-09-01T02:56:00Z","2026-09-01T02:40:00Z","2026-09-01T03:30:00Z","SYNTHETIC","25","30","50","60"
"SIM-S0010-P3","SIM-S0010","SIM-S0010-MIX","MIX","MIX-1","Temperature","25.0184","C","2026-09-01T03:04:00Z","2026-09-01T02:40:00Z","2026-09-01T03:30:00Z","SYNTHETIC","25","30","50","60"
"SIM-S0010-P4","SIM-S0010","SIM-S0010-MIX","MIX","MIX-1","Temperature","25.3342","C","2026-09-01T03:12:00Z","2026-09-01T02:40:00Z","2026-09-01T03:30:00Z","SYNTHETIC","25","30","50","60"
"SIM-S0010-P5","SIM-S0010","SIM-S0010-MIX","MIX","MIX-1","Temperature","24.8282","C","2026-09-01T03:20:00Z","2026-09-01T02:40:00Z","2026-09-01T03:30:00Z","SYNTHETIC","25","30","50","60"
"SIM-S0010-P6","SIM-S0010","SIM-S0010-MIX","MIX","MIX-1","Agitator_Speed","301.9153","rpm","2026-09-01T02:45:00Z","2026-09-01T02:40:00Z","2026-09-01T03:30:00Z","SYNTHETIC","300","330","50","60"
"SIM-S0010-P7","SIM-S0010","SIM-S0010-MIX","MIX","MIX-1","Agitator_Speed","301.7368","rpm","2026-09-01T03:05:00Z","2026-09-01T02:40:00Z","2026-09-01T03:30:00Z","SYNTHETIC","300","330","50","60"
"SIM-S0010-P8","SIM-S0010","SIM-S0010-MIX","MIX","MIX-1","Agitator_Speed","303.4062","rpm","2026-09-01T03:25:00Z","2026-09-01T02:40:00Z","2026-09-01T03:30:00Z","SYNTHETIC","300","330","50","60"
"SIM-S0010-P9","SIM-S0010","SIM-S0010-FILTER","FILTER","MIX-1","Filter_DP","40.7897","kPa","2026-09-01T03:30:00Z","2026-09-01T03:30:00Z","2026-09-01T03:45:00Z","SYNTHETIC","40","80","15","20"
"SIM-S0010-P10","SIM-S0010","SIM-S0010-FILTER","FILTER","MIX-1","Filter_DP","42.3293","kPa","2026-09-01T03:36:00Z","2026-09-01T03:30:00Z","2026-09-01T03:45:00Z","SYNTHETIC","40","80","15","20"
"SIM-S0010-P11","SIM-S0010","SIM-S0010-FILTER","FILTER","MIX-1","Filter_DP","42.6543","kPa","2026-09-01T03:42:00Z","2026-09-01T03:30:00Z","2026-09-01T03:45:00Z","SYNTHETIC","40","80","15","20"
"SIM-S0011-P0","SIM-S0011","SIM-S0011-MIX","MIX","MIX-2","Temperature","25.2733","C","2026-09-01T02:40:00Z","2026-09-01T02:40:00Z","2026-09-01T03:30:00Z","SYNTHETIC","25","30","50","60"
"SIM-S0011-P1","SIM-S0011","SIM-S0011-MIX","MIX","MIX-2","Temperature","25.4171","C","2026-09-01T02:48:00Z","2026-09-01T02:40:00Z","2026-09-01T03:30:00Z","SYNTHETIC","25","30","50","60"
"SIM-S0011-P2","SIM-S0011","SIM-S0011-MIX","MIX","MIX-2","Temperature","25.3091","C","2026-09-01T02:56:00Z","2026-09-01T02:40:00Z","2026-09-01T03:30:00Z","SYNTHETIC","25","30","50","60"
"SIM-S0011-P3","SIM-S0011","SIM-S0011-MIX","MIX","MIX-2","Temperature","25.2476","C","2026-09-01T03:04:00Z","2026-09-01T02:40:00Z","2026-09-01T03:30:00Z","SYNTHETIC","25","30","50","60"
"SIM-S0011-P4","SIM-S0011","SIM-S0011-MIX","MIX","MIX-2","Temperature","25.2389","C","2026-09-01T03:12:00Z","2026-09-01T02:40:00Z","2026-09-01T03:30:00Z","SYNTHETIC","25","30","50","60"
"SIM-S0011-P5","SIM-S0011","SIM-S0011-MIX","MIX","MIX-2","Temperature","25.4993","C","2026-09-01T03:20:00Z","2026-09-01T02:40:00Z","2026-09-01T03:30:00Z","SYNTHETIC","25","30","50","60"
"SIM-S0011-P6","SIM-S0011","SIM-S0011-MIX","MIX","MIX-2","Agitator_Speed","295.0539","rpm","2026-09-01T02:45:00Z","2026-09-01T02:40:00Z","2026-09-01T03:30:00Z","SYNTHETIC","300","330","50","60"
"SIM-S0011-P7","SIM-S0011","SIM-S0011-MIX","MIX","MIX-2","Agitator_Speed","297.4501","rpm","2026-09-01T03:05:00Z","2026-09-01T02:40:00Z","2026-09-01T03:30:00Z","SYNTHETIC","300","330","50","60"
"SIM-S0011-P8","SIM-S0011","SIM-S0011-MIX","MIX","MIX-2","Agitator_Speed","294.2757","rpm","2026-09-01T03:25:00Z","2026-09-01T02:40:00Z","2026-09-01T03:30:00Z","SYNTHETIC","300","330","50","60"
"SIM-S0011-P9","SIM-S0011","SIM-S0011-FILTER","FILTER","MIX-2","Filter_DP","47.3456","kPa","2026-09-01T03:30:00Z","2026-09-01T03:30:00Z","2026-09-01T03:45:00Z","SYNTHETIC","40","80","15","20"
"SIM-S0011-P10","SIM-S0011","SIM-S0011-FILTER","FILTER","MIX-2","Filter_DP","47.4495","kPa","2026-09-01T03:36:00Z","2026-09-01T03:30:00Z","2026-09-01T03:45:00Z","SYNTHETIC","40","80","15","20"
"SIM-S0011-P11","SIM-S0011","SIM-S0011-FILTER","FILTER","MIX-2","Filter_DP","48.1875","kPa","2026-09-01T03:42:00Z","2026-09-01T03:30:00Z","2026-09-01T03:45:00Z","SYNTHETIC","40","80","15","20"
"SIM-S0012-P0","SIM-S0012","SIM-S0012-MIX","MIX","MIX-3","Temperature","25.2481","C","2026-09-01T02:40:00Z","2026-09-01T02:40:00Z","2026-09-01T03:30:00Z","SYNTHETIC","25","30","50","60"
"SIM-S0012-P1","SIM-S0012","SIM-S0012-MIX","MIX","MIX-3","Temperature","25.0797","C","2026-09-01T02:48:00Z","2026-09-01T02:40:00Z","2026-09-01T03:30:00Z","SYNTHETIC","25","30","50","60"
"SIM-S0012-P2","SIM-S0012","SIM-S0012-MIX","MIX","MIX-3","Temperature","25.3659","C","2026-09-01T02:56:00Z","2026-09-01T02:40:00Z","2026-09-01T03:30:00Z","SYNTHETIC","25","30","50","60"
"SIM-S0012-P3","SIM-S0012","SIM-S0012-MIX","MIX","MIX-3","Temperature","25.2455","C","2026-09-01T03:04:00Z","2026-09-01T02:40:00Z","2026-09-01T03:30:00Z","SYNTHETIC","25","30","50","60"
"SIM-S0012-P4","SIM-S0012","SIM-S0012-MIX","MIX","MIX-3","Temperature","25.287","C","2026-09-01T03:12:00Z","2026-09-01T02:40:00Z","2026-09-01T03:30:00Z","SYNTHETIC","25","30","50","60"
"SIM-S0012-P5","SIM-S0012","SIM-S0012-MIX","MIX","MIX-3","Temperature","25.6074","C","2026-09-01T03:20:00Z","2026-09-01T02:40:00Z","2026-09-01T03:30:00Z","SYNTHETIC","25","30","50","60"
"SIM-S0012-P6","SIM-S0012","SIM-S0012-MIX","MIX","MIX-3","Agitator_Speed","303.0195","rpm","2026-09-01T02:45:00Z","2026-09-01T02:40:00Z","2026-09-01T03:30:00Z","SYNTHETIC","300","330","50","60"
"SIM-S0012-P7","SIM-S0012","SIM-S0012-MIX","MIX","MIX-3","Agitator_Speed","301.3708","rpm","2026-09-01T03:05:00Z","2026-09-01T02:40:00Z","2026-09-01T03:30:00Z","SYNTHETIC","300","330","50","60"
"SIM-S0012-P8","SIM-S0012","SIM-S0012-MIX","MIX","MIX-3","Agitator_Speed","303.4992","rpm","2026-09-01T03:25:00Z","2026-09-01T02:40:00Z","2026-09-01T03:30:00Z","SYNTHETIC","300","330","50","60"
"SIM-S0012-P9","SIM-S0012","SIM-S0012-FILTER","FILTER","MIX-3","Filter_DP","42.5874","kPa","2026-09-01T03:30:00Z","2026-09-01T03:30:00Z","2026-09-01T03:45:00Z","SYNTHETIC","40","80","15","20"
"SIM-S0012-P10","SIM-S0012","SIM-S0012-FILTER","FILTER","MIX-3","Filter_DP","42.7505","kPa","2026-09-01T03:36:00Z","2026-09-01T03:30:00Z","2026-09-01T03:45:00Z","SYNTHETIC","40","80","15","20"
"SIM-S0012-P11","SIM-S0012","SIM-S0012-FILTER","FILTER","MIX-3","Filter_DP","43.4029","kPa","2026-09-01T03:42:00Z","2026-09-01T03:30:00Z","2026-09-01T03:45:00Z","SYNTHETIC","40","80","15","20"
"SIM-S0013-P0","SIM-S0013","SIM-S0013-MIX","MIX","MIX-1","Temperature","25.2373","C","2026-09-01T04:10:00Z","2026-09-01T04:10:00Z","2026-09-01T05:00:00Z","SYNTHETIC","25","30","50","60"
"SIM-S0013-P1","SIM-S0013","SIM-S0013-MIX","MIX","MIX-1","Temperature","25.2595","C","2026-09-01T04:18:00Z","2026-09-01T04:10:00Z","2026-09-01T05:00:00Z","SYNTHETIC","25","30","50","60"
"SIM-S0013-P2","SIM-S0013","SIM-S0013-MIX","MIX","MIX-1","Temperature","25.0908","C","2026-09-01T04:26:00Z","2026-09-01T04:10:00Z","2026-09-01T05:00:00Z","SYNTHETIC","25","30","50","60"
"SIM-S0013-P3","SIM-S0013","SIM-S0013-MIX","MIX","MIX-1","Temperature","25.2527","C","2026-09-01T04:34:00Z","2026-09-01T04:10:00Z","2026-09-01T05:00:00Z","SYNTHETIC","25","30","50","60"
"SIM-S0013-P4","SIM-S0013","SIM-S0013-MIX","MIX","MIX-1","Temperature","25.1564","C","2026-09-01T04:42:00Z","2026-09-01T04:10:00Z","2026-09-01T05:00:00Z","SYNTHETIC","25","30","50","60"
"SIM-S0013-P5","SIM-S0013","SIM-S0013-MIX","MIX","MIX-1","Temperature","25.1893","C","2026-09-01T04:50:00Z","2026-09-01T04:10:00Z","2026-09-01T05:00:00Z","SYNTHETIC","25","30","50","60"
"SIM-S0013-P6","SIM-S0013","SIM-S0013-MIX","MIX","MIX-1","Agitator_Speed","299.8151","rpm","2026-09-01T04:15:00Z","2026-09-01T04:10:00Z","2026-09-01T05:00:00Z","SYNTHETIC","300","330","50","60"
"SIM-S0013-P7","SIM-S0013","SIM-S0013-MIX","MIX","MIX-1","Agitator_Speed","298.5065","rpm","2026-09-01T04:35:00Z","2026-09-01T04:10:00Z","2026-09-01T05:00:00Z","SYNTHETIC","300","330","50","60"
"SIM-S0013-P8","SIM-S0013","SIM-S0013-MIX","MIX","MIX-1","Agitator_Speed","299.4801","rpm","2026-09-01T04:55:00Z","2026-09-01T04:10:00Z","2026-09-01T05:00:00Z","SYNTHETIC","300","330","50","60"
"SIM-S0013-P9","SIM-S0013","SIM-S0013-FILTER","FILTER","MIX-1","Filter_DP","50.6294","kPa","2026-09-01T05:00:00Z","2026-09-01T05:00:00Z","2026-09-01T05:15:00Z","SYNTHETIC","40","80","15","20"
"SIM-S0013-P10","SIM-S0013","SIM-S0013-FILTER","FILTER","MIX-1","Filter_DP","52.2675","kPa","2026-09-01T05:06:00Z","2026-09-01T05:00:00Z","2026-09-01T05:15:00Z","SYNTHETIC","40","80","15","20"
"SIM-S0013-P11","SIM-S0013","SIM-S0013-FILTER","FILTER","MIX-1","Filter_DP","53.5488","kPa","2026-09-01T05:12:00Z","2026-09-01T05:00:00Z","2026-09-01T05:15:00Z","SYNTHETIC","40","80","15","20"
"SIM-S0014-P0","SIM-S0014","SIM-S0014-MIX","MIX","MIX-2","Temperature","25.4059","C","2026-09-01T04:10:00Z","2026-09-01T04:10:00Z","2026-09-01T05:00:00Z","SYNTHETIC","25","30","50","60"
"SIM-S0014-P1","SIM-S0014","SIM-S0014-MIX","MIX","MIX-2","Temperature","25.2824","C","2026-09-01T04:18:00Z","2026-09-01T04:10:00Z","2026-09-01T05:00:00Z","SYNTHETIC","25","30","50","60"
"SIM-S0014-P2","SIM-S0014","SIM-S0014-MIX","MIX","MIX-2","Temperature","25.4237","C","2026-09-01T04:26:00Z","2026-09-01T04:10:00Z","2026-09-01T05:00:00Z","SYNTHETIC","25","30","50","60"
"SIM-S0014-P3","SIM-S0014","SIM-S0014-MIX","MIX","MIX-2","Temperature","25.5852","C","2026-09-01T04:34:00Z","2026-09-01T04:10:00Z","2026-09-01T05:00:00Z","SYNTHETIC","25","30","50","60"
"SIM-S0014-P4","SIM-S0014","SIM-S0014-MIX","MIX","MIX-2","Temperature","25.5713","C","2026-09-01T04:42:00Z","2026-09-01T04:10:00Z","2026-09-01T05:00:00Z","SYNTHETIC","25","30","50","60"
"SIM-S0014-P5","SIM-S0014","SIM-S0014-MIX","MIX","MIX-2","Temperature","25.3959","C","2026-09-01T04:50:00Z","2026-09-01T04:10:00Z","2026-09-01T05:00:00Z","SYNTHETIC","25","30","50","60"
"SIM-S0014-P6","SIM-S0014","SIM-S0014-MIX","MIX","MIX-2","Agitator_Speed","301.0461","rpm","2026-09-01T04:15:00Z","2026-09-01T04:10:00Z","2026-09-01T05:00:00Z","SYNTHETIC","300","330","50","60"
"SIM-S0014-P7","SIM-S0014","SIM-S0014-MIX","MIX","MIX-2","Agitator_Speed","303.1212","rpm","2026-09-01T04:35:00Z","2026-09-01T04:10:00Z","2026-09-01T05:00:00Z","SYNTHETIC","300","330","50","60"
"SIM-S0014-P8","SIM-S0014","SIM-S0014-MIX","MIX","MIX-2","Agitator_Speed","303.7032","rpm","2026-09-01T04:55:00Z","2026-09-01T04:10:00Z","2026-09-01T05:00:00Z","SYNTHETIC","300","330","50","60"
"SIM-S0014-P9","SIM-S0014","SIM-S0014-FILTER","FILTER","MIX-2","Filter_DP","47.6876","kPa","2026-09-01T05:00:00Z","2026-09-01T05:00:00Z","2026-09-01T05:15:00Z","SYNTHETIC","40","80","15","20"
"SIM-S0014-P10","SIM-S0014","SIM-S0014-FILTER","FILTER","MIX-2","Filter_DP","48.1576","kPa","2026-09-01T05:06:00Z","2026-09-01T05:00:00Z","2026-09-01T05:15:00Z","SYNTHETIC","40","80","15","20"
"SIM-S0014-P11","SIM-S0014","SIM-S0014-FILTER","FILTER","MIX-2","Filter_DP","49.5174","kPa","2026-09-01T05:12:00Z","2026-09-01T05:00:00Z","2026-09-01T05:15:00Z","SYNTHETIC","40","80","15","20"
"SIM-S0015-P0","SIM-S0015","SIM-S0015-MIX","MIX","MIX-3","Temperature","25.1809","C","2026-09-01T04:10:00Z","2026-09-01T04:10:00Z","2026-09-01T05:00:00Z","SYNTHETIC","25","30","50","60"
"SIM-S0015-P1","SIM-S0015","SIM-S0015-MIX","MIX","MIX-3","Temperature","25.4985","C","2026-09-01T04:18:00Z","2026-09-01T04:10:00Z","2026-09-01T05:00:00Z","SYNTHETIC","25","30","50","60"
"SIM-S0015-P2","SIM-S0015","SIM-S0015-MIX","MIX","MIX-3","Temperature","25.2653","C","2026-09-01T04:26:00Z","2026-09-01T04:10:00Z","2026-09-01T05:00:00Z","SYNTHETIC","25","30","50","60"
"SIM-S0015-P3","SIM-S0015","SIM-S0015-MIX","MIX","MIX-3","Temperature","25.2837","C","2026-09-01T04:34:00Z","2026-09-01T04:10:00Z","2026-09-01T05:00:00Z","SYNTHETIC","25","30","50","60"
"SIM-S0015-P4","SIM-S0015","SIM-S0015-MIX","MIX","MIX-3","Temperature","25.2832","C","2026-09-01T04:42:00Z","2026-09-01T04:10:00Z","2026-09-01T05:00:00Z","SYNTHETIC","25","30","50","60"
"SIM-S0015-P5","SIM-S0015","SIM-S0015-MIX","MIX","MIX-3","Temperature","25.3181","C","2026-09-01T04:50:00Z","2026-09-01T04:10:00Z","2026-09-01T05:00:00Z","SYNTHETIC","25","30","50","60"
"SIM-S0015-P6","SIM-S0015","SIM-S0015-MIX","MIX","MIX-3","Agitator_Speed","297.9931","rpm","2026-09-01T04:15:00Z","2026-09-01T04:10:00Z","2026-09-01T05:00:00Z","SYNTHETIC","300","330","50","60"
"SIM-S0015-P7","SIM-S0015","SIM-S0015-MIX","MIX","MIX-3","Agitator_Speed","299.3862","rpm","2026-09-01T04:35:00Z","2026-09-01T04:10:00Z","2026-09-01T05:00:00Z","SYNTHETIC","300","330","50","60"
"SIM-S0015-P8","SIM-S0015","SIM-S0015-MIX","MIX","MIX-3","Agitator_Speed","298.2128","rpm","2026-09-01T04:55:00Z","2026-09-01T04:10:00Z","2026-09-01T05:00:00Z","SYNTHETIC","300","330","50","60"
"SIM-S0015-P9","SIM-S0015","SIM-S0015-FILTER","FILTER","MIX-3","Filter_DP","46.7817","kPa","2026-09-01T05:00:00Z","2026-09-01T05:00:00Z","2026-09-01T05:15:00Z","SYNTHETIC","40","80","15","20"
"SIM-S0015-P10","SIM-S0015","SIM-S0015-FILTER","FILTER","MIX-3","Filter_DP","47.4214","kPa","2026-09-01T05:06:00Z","2026-09-01T05:00:00Z","2026-09-01T05:15:00Z","SYNTHETIC","40","80","15","20"
"SIM-S0015-P11","SIM-S0015","SIM-S0015-FILTER","FILTER","MIX-3","Filter_DP","48.6595","kPa","2026-09-01T05:12:00Z","2026-09-01T05:00:00Z","2026-09-01T05:15:00Z","SYNTHETIC","40","80","15","20"
"SIM-S0016-P0","SIM-S0016","SIM-S0016-MIX","MIX","MIX-1","Temperature","25.832","C","2026-09-01T05:40:00Z","2026-09-01T05:40:00Z","2026-09-01T06:30:00Z","SYNTHETIC","25","30","50","60"
"SIM-S0016-P1","SIM-S0016","SIM-S0016-MIX","MIX","MIX-1","Temperature","25.9249","C","2026-09-01T05:48:00Z","2026-09-01T05:40:00Z","2026-09-01T06:30:00Z","SYNTHETIC","25","30","50","60"
"SIM-S0016-P2","SIM-S0016","SIM-S0016-MIX","MIX","MIX-1","Temperature","25.9697","C","2026-09-01T05:56:00Z","2026-09-01T05:40:00Z","2026-09-01T06:30:00Z","SYNTHETIC","25","30","50","60"
"SIM-S0016-P3","SIM-S0016","SIM-S0016-MIX","MIX","MIX-1","Temperature","26.1164","C","2026-09-01T06:04:00Z","2026-09-01T05:40:00Z","2026-09-01T06:30:00Z","SYNTHETIC","25","30","50","60"
"SIM-S0016-P4","SIM-S0016","SIM-S0016-MIX","MIX","MIX-1","Temperature","25.9381","C","2026-09-01T06:12:00Z","2026-09-01T05:40:00Z","2026-09-01T06:30:00Z","SYNTHETIC","25","30","50","60"
"SIM-S0016-P5","SIM-S0016","SIM-S0016-MIX","MIX","MIX-1","Temperature","25.7169","C","2026-09-01T06:20:00Z","2026-09-01T05:40:00Z","2026-09-01T06:30:00Z","SYNTHETIC","25","30","50","60"
"SIM-S0016-P6","SIM-S0016","SIM-S0016-MIX","MIX","MIX-1","Agitator_Speed","298.8255","rpm","2026-09-01T05:45:00Z","2026-09-01T05:40:00Z","2026-09-01T06:30:00Z","SYNTHETIC","300","330","50","60"
"SIM-S0016-P7","SIM-S0016","SIM-S0016-MIX","MIX","MIX-1","Agitator_Speed","298.53","rpm","2026-09-01T06:05:00Z","2026-09-01T05:40:00Z","2026-09-01T06:30:00Z","SYNTHETIC","300","330","50","60"
"SIM-S0016-P8","SIM-S0016","SIM-S0016-MIX","MIX","MIX-1","Agitator_Speed","297.7124","rpm","2026-09-01T06:25:00Z","2026-09-01T05:40:00Z","2026-09-01T06:30:00Z","SYNTHETIC","300","330","50","60"
"SIM-S0016-P9","SIM-S0016","SIM-S0016-FILTER","FILTER","MIX-1","Filter_DP","52.4385","kPa","2026-09-01T06:30:00Z","2026-09-01T06:30:00Z","2026-09-01T06:45:00Z","SYNTHETIC","40","80","15","20"
"SIM-S0016-P10","SIM-S0016","SIM-S0016-FILTER","FILTER","MIX-1","Filter_DP","52.3724","kPa","2026-09-01T06:36:00Z","2026-09-01T06:30:00Z","2026-09-01T06:45:00Z","SYNTHETIC","40","80","15","20"
"SIM-S0016-P11","SIM-S0016","SIM-S0016-FILTER","FILTER","MIX-1","Filter_DP","53.6029","kPa","2026-09-01T06:42:00Z","2026-09-01T06:30:00Z","2026-09-01T06:45:00Z","SYNTHETIC","40","80","15","20"
"SIM-S0017-P0","SIM-S0017","SIM-S0017-MIX","MIX","MIX-2","Temperature","25.1965","C","2026-09-01T05:40:00Z","2026-09-01T05:40:00Z","2026-09-01T06:30:00Z","SYNTHETIC","25","30","50","60"
"SIM-S0017-P1","SIM-S0017","SIM-S0017-MIX","MIX","MIX-2","Temperature","25.3096","C","2026-09-01T05:48:00Z","2026-09-01T05:40:00Z","2026-09-01T06:30:00Z","SYNTHETIC","25","30","50","60"
"SIM-S0017-P2","SIM-S0017","SIM-S0017-MIX","MIX","MIX-2","Temperature","25.4045","C","2026-09-01T05:56:00Z","2026-09-01T05:40:00Z","2026-09-01T06:30:00Z","SYNTHETIC","25","30","50","60"
"SIM-S0017-P3","SIM-S0017","SIM-S0017-MIX","MIX","MIX-2","Temperature","25.305","C","2026-09-01T06:04:00Z","2026-09-01T05:40:00Z","2026-09-01T06:30:00Z","SYNTHETIC","25","30","50","60"
"SIM-S0017-P4","SIM-S0017","SIM-S0017-MIX","MIX","MIX-2","Temperature","25.4339","C","2026-09-01T06:12:00Z","2026-09-01T05:40:00Z","2026-09-01T06:30:00Z","SYNTHETIC","25","30","50","60"
"SIM-S0017-P5","SIM-S0017","SIM-S0017-MIX","MIX","MIX-2","Temperature","25.6692","C","2026-09-01T06:20:00Z","2026-09-01T05:40:00Z","2026-09-01T06:30:00Z","SYNTHETIC","25","30","50","60"
"SIM-S0017-P6","SIM-S0017","SIM-S0017-MIX","MIX","MIX-2","Agitator_Speed","294.0764","rpm","2026-09-01T05:45:00Z","2026-09-01T05:40:00Z","2026-09-01T06:30:00Z","SYNTHETIC","300","330","50","60"
"SIM-S0017-P7","SIM-S0017","SIM-S0017-MIX","MIX","MIX-2","Agitator_Speed","297.953","rpm","2026-09-01T06:05:00Z","2026-09-01T05:40:00Z","2026-09-01T06:30:00Z","SYNTHETIC","300","330","50","60"
"SIM-S0017-P8","SIM-S0017","SIM-S0017-MIX","MIX","MIX-2","Agitator_Speed","298.4453","rpm","2026-09-01T06:25:00Z","2026-09-01T05:40:00Z","2026-09-01T06:30:00Z","SYNTHETIC","300","330","50","60"
"SIM-S0017-P9","SIM-S0017","SIM-S0017-FILTER","FILTER","MIX-2","Filter_DP","50.8754","kPa","2026-09-01T06:30:00Z","2026-09-01T06:30:00Z","2026-09-01T06:45:00Z","SYNTHETIC","40","80","15","20"
"SIM-S0017-P10","SIM-S0017","SIM-S0017-FILTER","FILTER","MIX-2","Filter_DP","50.9771","kPa","2026-09-01T06:36:00Z","2026-09-01T06:30:00Z","2026-09-01T06:45:00Z","SYNTHETIC","40","80","15","20"
"SIM-S0017-P11","SIM-S0017","SIM-S0017-FILTER","FILTER","MIX-2","Filter_DP","52.5509","kPa","2026-09-01T06:42:00Z","2026-09-01T06:30:00Z","2026-09-01T06:45:00Z","SYNTHETIC","40","80","15","20"
"SIM-S0018-P0","SIM-S0018","SIM-S0018-MIX","MIX","MIX-3","Temperature","25.9149","C","2026-09-01T05:40:00Z","2026-09-01T05:40:00Z","2026-09-01T06:30:00Z","SYNTHETIC","25","30","50","60"
"SIM-S0018-P1","SIM-S0018","SIM-S0018-MIX","MIX","MIX-3","Temperature","26.2933","C","2026-09-01T05:48:00Z","2026-09-01T05:40:00Z","2026-09-01T06:30:00Z","SYNTHETIC","25","30","50","60"
"SIM-S0018-P2","SIM-S0018","SIM-S0018-MIX","MIX","MIX-3","Temperature","25.9049","C","2026-09-01T05:56:00Z","2026-09-01T05:40:00Z","2026-09-01T06:30:00Z","SYNTHETIC","25","30","50","60"
"SIM-S0018-P3","SIM-S0018","SIM-S0018-MIX","MIX","MIX-3","Temperature","26.047","C","2026-09-01T06:04:00Z","2026-09-01T05:40:00Z","2026-09-01T06:30:00Z","SYNTHETIC","25","30","50","60"
"SIM-S0018-P4","SIM-S0018","SIM-S0018-MIX","MIX","MIX-3","Temperature","25.9147","C","2026-09-01T06:12:00Z","2026-09-01T05:40:00Z","2026-09-01T06:30:00Z","SYNTHETIC","25","30","50","60"
"SIM-S0018-P5","SIM-S0018","SIM-S0018-MIX","MIX","MIX-3","Temperature","25.9863","C","2026-09-01T06:20:00Z","2026-09-01T05:40:00Z","2026-09-01T06:30:00Z","SYNTHETIC","25","30","50","60"
"SIM-S0018-P6","SIM-S0018","SIM-S0018-MIX","MIX","MIX-3","Agitator_Speed","299.999","rpm","2026-09-01T05:45:00Z","2026-09-01T05:40:00Z","2026-09-01T06:30:00Z","SYNTHETIC","300","330","50","60"
"SIM-S0018-P7","SIM-S0018","SIM-S0018-MIX","MIX","MIX-3","Agitator_Speed","300.808","rpm","2026-09-01T06:05:00Z","2026-09-01T05:40:00Z","2026-09-01T06:30:00Z","SYNTHETIC","300","330","50","60"
"SIM-S0018-P8","SIM-S0018","SIM-S0018-MIX","MIX","MIX-3","Agitator_Speed","300.7549","rpm","2026-09-01T06:25:00Z","2026-09-01T05:40:00Z","2026-09-01T06:30:00Z","SYNTHETIC","300","330","50","60"
"SIM-S0018-P9","SIM-S0018","SIM-S0018-FILTER","FILTER","MIX-3","Filter_DP","49.6178","kPa","2026-09-01T06:30:00Z","2026-09-01T06:30:00Z","2026-09-01T06:45:00Z","SYNTHETIC","40","80","15","20"
"SIM-S0018-P10","SIM-S0018","SIM-S0018-FILTER","FILTER","MIX-3","Filter_DP","50.0516","kPa","2026-09-01T06:36:00Z","2026-09-01T06:30:00Z","2026-09-01T06:45:00Z","SYNTHETIC","40","80","15","20"
"SIM-S0018-P11","SIM-S0018","SIM-S0018-FILTER","FILTER","MIX-3","Filter_DP","50.7434","kPa","2026-09-01T06:42:00Z","2026-09-01T06:30:00Z","2026-09-01T06:45:00Z","SYNTHETIC","40","80","15","20"
"SIM-S0019-P0","SIM-S0019","SIM-S0019-MIX","MIX","MIX-1","Temperature","25.3324","C","2026-09-01T07:10:00Z","2026-09-01T07:10:00Z","2026-09-01T08:00:00Z","SYNTHETIC","25","30","50","60"
"SIM-S0019-P1","SIM-S0019","SIM-S0019-MIX","MIX","MIX-1","Temperature","25.3253","C","2026-09-01T07:18:00Z","2026-09-01T07:10:00Z","2026-09-01T08:00:00Z","SYNTHETIC","25","30","50","60"
"SIM-S0019-P2","SIM-S0019","SIM-S0019-MIX","MIX","MIX-1","Temperature","25.6764","C","2026-09-01T07:26:00Z","2026-09-01T07:10:00Z","2026-09-01T08:00:00Z","SYNTHETIC","25","30","50","60"
"SIM-S0019-P3","SIM-S0019","SIM-S0019-MIX","MIX","MIX-1","Temperature","25.5021","C","2026-09-01T07:34:00Z","2026-09-01T07:10:00Z","2026-09-01T08:00:00Z","SYNTHETIC","25","30","50","60"
"SIM-S0019-P4","SIM-S0019","SIM-S0019-MIX","MIX","MIX-1","Temperature","25.3637","C","2026-09-01T07:42:00Z","2026-09-01T07:10:00Z","2026-09-01T08:00:00Z","SYNTHETIC","25","30","50","60"
"SIM-S0019-P5","SIM-S0019","SIM-S0019-MIX","MIX","MIX-1","Temperature","25.639","C","2026-09-01T07:50:00Z","2026-09-01T07:10:00Z","2026-09-01T08:00:00Z","SYNTHETIC","25","30","50","60"
"SIM-S0019-P6","SIM-S0019","SIM-S0019-MIX","MIX","MIX-1","Agitator_Speed","298.1583","rpm","2026-09-01T07:15:00Z","2026-09-01T07:10:00Z","2026-09-01T08:00:00Z","SYNTHETIC","300","330","50","60"
"SIM-S0019-P7","SIM-S0019","SIM-S0019-MIX","MIX","MIX-1","Agitator_Speed","297.2874","rpm","2026-09-01T07:35:00Z","2026-09-01T07:10:00Z","2026-09-01T08:00:00Z","SYNTHETIC","300","330","50","60"
"SIM-S0019-P8","SIM-S0019","SIM-S0019-MIX","MIX","MIX-1","Agitator_Speed","298.1796","rpm","2026-09-01T07:55:00Z","2026-09-01T07:10:00Z","2026-09-01T08:00:00Z","SYNTHETIC","300","330","50","60"
"SIM-S0019-P9","SIM-S0019","SIM-S0019-FILTER","FILTER","MIX-1","Filter_DP","53.226","kPa","2026-09-01T08:00:00Z","2026-09-01T08:00:00Z","2026-09-01T08:15:00Z","SYNTHETIC","40","80","15","20"
"SIM-S0019-P10","SIM-S0019","SIM-S0019-FILTER","FILTER","MIX-1","Filter_DP","53.9698","kPa","2026-09-01T08:06:00Z","2026-09-01T08:00:00Z","2026-09-01T08:15:00Z","SYNTHETIC","40","80","15","20"
"SIM-S0019-P11","SIM-S0019","SIM-S0019-FILTER","FILTER","MIX-1","Filter_DP","54.76","kPa","2026-09-01T08:12:00Z","2026-09-01T08:00:00Z","2026-09-01T08:15:00Z","SYNTHETIC","40","80","15","20"
"SIM-S0020-P0","SIM-S0020","SIM-S0020-MIX","MIX","MIX-2","Temperature","25.3362","C","2026-09-01T07:10:00Z","2026-09-01T07:10:00Z","2026-09-01T08:00:00Z","SYNTHETIC","25","30","50","60"
"SIM-S0020-P1","SIM-S0020","SIM-S0020-MIX","MIX","MIX-2","Temperature","25.5551","C","2026-09-01T07:18:00Z","2026-09-01T07:10:00Z","2026-09-01T08:00:00Z","SYNTHETIC","25","30","50","60"
"SIM-S0020-P2","SIM-S0020","SIM-S0020-MIX","MIX","MIX-2","Temperature","25.1478","C","2026-09-01T07:26:00Z","2026-09-01T07:10:00Z","2026-09-01T08:00:00Z","SYNTHETIC","25","30","50","60"
"SIM-S0020-P3","SIM-S0020","SIM-S0020-MIX","MIX","MIX-2","Temperature","25.4014","C","2026-09-01T07:34:00Z","2026-09-01T07:10:00Z","2026-09-01T08:00:00Z","SYNTHETIC","25","30","50","60"
"SIM-S0020-P4","SIM-S0020","SIM-S0020-MIX","MIX","MIX-2","Temperature","25.3585","C","2026-09-01T07:42:00Z","2026-09-01T07:10:00Z","2026-09-01T08:00:00Z","SYNTHETIC","25","30","50","60"
"SIM-S0020-P5","SIM-S0020","SIM-S0020-MIX","MIX","MIX-2","Temperature","25.3824","C","2026-09-01T07:50:00Z","2026-09-01T07:10:00Z","2026-09-01T08:00:00Z","SYNTHETIC","25","30","50","60"
"SIM-S0020-P6","SIM-S0020","SIM-S0020-MIX","MIX","MIX-2","Agitator_Speed","298.5404","rpm","2026-09-01T07:15:00Z","2026-09-01T07:10:00Z","2026-09-01T08:00:00Z","SYNTHETIC","300","330","50","60"
"SIM-S0020-P7","SIM-S0020","SIM-S0020-MIX","MIX","MIX-2","Agitator_Speed","296.2527","rpm","2026-09-01T07:35:00Z","2026-09-01T07:10:00Z","2026-09-01T08:00:00Z","SYNTHETIC","300","330","50","60"
"SIM-S0020-P8","SIM-S0020","SIM-S0020-MIX","MIX","MIX-2","Agitator_Speed","299.1679","rpm","2026-09-01T07:55:00Z","2026-09-01T07:10:00Z","2026-09-01T08:00:00Z","SYNTHETIC","300","330","50","60"
"SIM-S0020-P9","SIM-S0020","SIM-S0020-FILTER","FILTER","MIX-2","Filter_DP","54.7711","kPa","2026-09-01T08:00:00Z","2026-09-01T08:00:00Z","2026-09-01T08:15:00Z","SYNTHETIC","40","80","15","20"
"SIM-S0020-P10","SIM-S0020","SIM-S0020-FILTER","FILTER","MIX-2","Filter_DP","55.3295","kPa","2026-09-01T08:06:00Z","2026-09-01T08:00:00Z","2026-09-01T08:15:00Z","SYNTHETIC","40","80","15","20"
"SIM-S0020-P11","SIM-S0020","SIM-S0020-FILTER","FILTER","MIX-2","Filter_DP","56.0774","kPa","2026-09-01T08:12:00Z","2026-09-01T08:00:00Z","2026-09-01T08:15:00Z","SYNTHETIC","40","80","15","20"
"SIM-S0021-P0","SIM-S0021","SIM-S0021-MIX","MIX","MIX-3","Temperature","25.131","C","2026-09-01T07:10:00Z","2026-09-01T07:10:00Z","2026-09-01T08:00:00Z","SYNTHETIC","25","30","50","60"
"SIM-S0021-P1","SIM-S0021","SIM-S0021-MIX","MIX","MIX-3","Temperature","24.8019","C","2026-09-01T07:18:00Z","2026-09-01T07:10:00Z","2026-09-01T08:00:00Z","SYNTHETIC","25","30","50","60"
"SIM-S0021-P2","SIM-S0021","SIM-S0021-MIX","MIX","MIX-3","Temperature","24.6714","C","2026-09-01T07:26:00Z","2026-09-01T07:10:00Z","2026-09-01T08:00:00Z","SYNTHETIC","25","30","50","60"
"SIM-S0021-P3","SIM-S0021","SIM-S0021-MIX","MIX","MIX-3","Temperature","25.0374","C","2026-09-01T07:34:00Z","2026-09-01T07:10:00Z","2026-09-01T08:00:00Z","SYNTHETIC","25","30","50","60"
"SIM-S0021-P4","SIM-S0021","SIM-S0021-MIX","MIX","MIX-3","Temperature","24.9349","C","2026-09-01T07:42:00Z","2026-09-01T07:10:00Z","2026-09-01T08:00:00Z","SYNTHETIC","25","30","50","60"
"SIM-S0021-P5","SIM-S0021","SIM-S0021-MIX","MIX","MIX-3","Temperature","24.9276","C","2026-09-01T07:50:00Z","2026-09-01T07:10:00Z","2026-09-01T08:00:00Z","SYNTHETIC","25","30","50","60"
"SIM-S0021-P6","SIM-S0021","SIM-S0021-MIX","MIX","MIX-3","Agitator_Speed","300.7792","rpm","2026-09-01T07:15:00Z","2026-09-01T07:10:00Z","2026-09-01T08:00:00Z","SYNTHETIC","300","330","50","60"
"SIM-S0021-P7","SIM-S0021","SIM-S0021-MIX","MIX","MIX-3","Agitator_Speed","301.6111","rpm","2026-09-01T07:35:00Z","2026-09-01T07:10:00Z","2026-09-01T08:00:00Z","SYNTHETIC","300","330","50","60"
"SIM-S0021-P8","SIM-S0021","SIM-S0021-MIX","MIX","MIX-3","Agitator_Speed","300.8766","rpm","2026-09-01T07:55:00Z","2026-09-01T07:10:00Z","2026-09-01T08:00:00Z","SYNTHETIC","300","330","50","60"
"SIM-S0021-P9","SIM-S0021","SIM-S0021-FILTER","FILTER","MIX-3","Filter_DP","51.1637","kPa","2026-09-01T08:00:00Z","2026-09-01T08:00:00Z","2026-09-01T08:15:00Z","SYNTHETIC","40","80","15","20"
"SIM-S0021-P10","SIM-S0021","SIM-S0021-FILTER","FILTER","MIX-3","Filter_DP","51.6362","kPa","2026-09-01T08:06:00Z","2026-09-01T08:00:00Z","2026-09-01T08:15:00Z","SYNTHETIC","40","80","15","20"
"SIM-S0021-P11","SIM-S0021","SIM-S0021-FILTER","FILTER","MIX-3","Filter_DP","52.5479","kPa","2026-09-01T08:12:00Z","2026-09-01T08:00:00Z","2026-09-01T08:15:00Z","SYNTHETIC","40","80","15","20"
"SIM-S0022-P0","SIM-S0022","SIM-S0022-MIX","MIX","MIX-1","Temperature","25.9576","C","2026-09-01T08:40:00Z","2026-09-01T08:40:00Z","2026-09-01T09:30:00Z","SYNTHETIC","25","30","50","60"
"SIM-S0022-P1","SIM-S0022","SIM-S0022-MIX","MIX","MIX-1","Temperature","25.6254","C","2026-09-01T08:48:00Z","2026-09-01T08:40:00Z","2026-09-01T09:30:00Z","SYNTHETIC","25","30","50","60"
"SIM-S0022-P2","SIM-S0022","SIM-S0022-MIX","MIX","MIX-1","Temperature","25.5429","C","2026-09-01T08:56:00Z","2026-09-01T08:40:00Z","2026-09-01T09:30:00Z","SYNTHETIC","25","30","50","60"
"SIM-S0022-P3","SIM-S0022","SIM-S0022-MIX","MIX","MIX-1","Temperature","25.8293","C","2026-09-01T09:04:00Z","2026-09-01T08:40:00Z","2026-09-01T09:30:00Z","SYNTHETIC","25","30","50","60"
"SIM-S0022-P4","SIM-S0022","SIM-S0022-MIX","MIX","MIX-1","Temperature","25.9021","C","2026-09-01T09:12:00Z","2026-09-01T08:40:00Z","2026-09-01T09:30:00Z","SYNTHETIC","25","30","50","60"
"SIM-S0022-P5","SIM-S0022","SIM-S0022-MIX","MIX","MIX-1","Temperature","26.0167","C","2026-09-01T09:20:00Z","2026-09-01T08:40:00Z","2026-09-01T09:30:00Z","SYNTHETIC","25","30","50","60"
"SIM-S0022-P6","SIM-S0022","SIM-S0022-MIX","MIX","MIX-1","Agitator_Speed","298.9005","rpm","2026-09-01T08:45:00Z","2026-09-01T08:40:00Z","2026-09-01T09:30:00Z","SYNTHETIC","300","330","50","60"
"SIM-S0022-P7","SIM-S0022","SIM-S0022-MIX","MIX","MIX-1","Agitator_Speed","298.9895","rpm","2026-09-01T09:05:00Z","2026-09-01T08:40:00Z","2026-09-01T09:30:00Z","SYNTHETIC","300","330","50","60"
"SIM-S0022-P8","SIM-S0022","SIM-S0022-MIX","MIX","MIX-1","Agitator_Speed","298.054","rpm","2026-09-01T09:25:00Z","2026-09-01T08:40:00Z","2026-09-01T09:30:00Z","SYNTHETIC","300","330","50","60"
"SIM-S0022-P9","SIM-S0022","SIM-S0022-FILTER","FILTER","MIX-1","Filter_DP","56.2926","kPa","2026-09-01T09:30:00Z","2026-09-01T09:30:00Z","2026-09-01T09:45:00Z","SYNTHETIC","40","80","15","20"
"SIM-S0022-P10","SIM-S0022","SIM-S0022-FILTER","FILTER","MIX-1","Filter_DP","56.4418","kPa","2026-09-01T09:36:00Z","2026-09-01T09:30:00Z","2026-09-01T09:45:00Z","SYNTHETIC","40","80","15","20"
"SIM-S0022-P11","SIM-S0022","SIM-S0022-FILTER","FILTER","MIX-1","Filter_DP","57.8704","kPa","2026-09-01T09:42:00Z","2026-09-01T09:30:00Z","2026-09-01T09:45:00Z","SYNTHETIC","40","80","15","20"
"SIM-S0023-P0","SIM-S0023","SIM-S0023-MIX","MIX","MIX-2","Temperature","25.3386","C","2026-09-01T08:40:00Z","2026-09-01T08:40:00Z","2026-09-01T09:30:00Z","SYNTHETIC","25","30","50","60"
"SIM-S0023-P1","SIM-S0023","SIM-S0023-MIX","MIX","MIX-2","Temperature","25.221","C","2026-09-01T08:48:00Z","2026-09-01T08:40:00Z","2026-09-01T09:30:00Z","SYNTHETIC","25","30","50","60"
"SIM-S0023-P2","SIM-S0023","SIM-S0023-MIX","MIX","MIX-2","Temperature","25.2293","C","2026-09-01T08:56:00Z","2026-09-01T08:40:00Z","2026-09-01T09:30:00Z","SYNTHETIC","25","30","50","60"
"SIM-S0023-P3","SIM-S0023","SIM-S0023-MIX","MIX","MIX-2","Temperature","24.9835","C","2026-09-01T09:04:00Z","2026-09-01T08:40:00Z","2026-09-01T09:30:00Z","SYNTHETIC","25","30","50","60"
"SIM-S0023-P4","SIM-S0023","SIM-S0023-MIX","MIX","MIX-2","Temperature","25.4928","C","2026-09-01T09:12:00Z","2026-09-01T08:40:00Z","2026-09-01T09:30:00Z","SYNTHETIC","25","30","50","60"
"SIM-S0023-P5","SIM-S0023","SIM-S0023-MIX","MIX","MIX-2","Temperature","25.1482","C","2026-09-01T09:20:00Z","2026-09-01T08:40:00Z","2026-09-01T09:30:00Z","SYNTHETIC","25","30","50","60"
"SIM-S0023-P6","SIM-S0023","SIM-S0023-MIX","MIX","MIX-2","Agitator_Speed","299.2266","rpm","2026-09-01T08:45:00Z","2026-09-01T08:40:00Z","2026-09-01T09:30:00Z","SYNTHETIC","300","330","50","60"
"SIM-S0023-P7","SIM-S0023","SIM-S0023-MIX","MIX","MIX-2","Agitator_Speed","300.7597","rpm","2026-09-01T09:05:00Z","2026-09-01T08:40:00Z","2026-09-01T09:30:00Z","SYNTHETIC","300","330","50","60"
"SIM-S0023-P8","SIM-S0023","SIM-S0023-MIX","MIX","MIX-2","Agitator_Speed","300.7457","rpm","2026-09-01T09:25:00Z","2026-09-01T08:40:00Z","2026-09-01T09:30:00Z","SYNTHETIC","300","330","50","60"
"SIM-S0023-P9","SIM-S0023","SIM-S0023-FILTER","FILTER","MIX-2","Filter_DP","56.5596","kPa","2026-09-01T09:30:00Z","2026-09-01T09:30:00Z","2026-09-01T09:45:00Z","SYNTHETIC","40","80","15","20"
"SIM-S0023-P10","SIM-S0023","SIM-S0023-FILTER","FILTER","MIX-2","Filter_DP","56.6734","kPa","2026-09-01T09:36:00Z","2026-09-01T09:30:00Z","2026-09-01T09:45:00Z","SYNTHETIC","40","80","15","20"
"SIM-S0023-P11","SIM-S0023","SIM-S0023-FILTER","FILTER","MIX-2","Filter_DP","57.8562","kPa","2026-09-01T09:42:00Z","2026-09-01T09:30:00Z","2026-09-01T09:45:00Z","SYNTHETIC","40","80","15","20"
"SIM-S0024-P0","SIM-S0024","SIM-S0024-MIX","MIX","MIX-3","Temperature","26.1201","C","2026-09-01T08:40:00Z","2026-09-01T08:40:00Z","2026-09-01T09:30:00Z","SYNTHETIC","25","30","50","60"
"SIM-S0024-P1","SIM-S0024","SIM-S0024-MIX","MIX","MIX-3","Temperature","26.0179","C","2026-09-01T08:48:00Z","2026-09-01T08:40:00Z","2026-09-01T09:30:00Z","SYNTHETIC","25","30","50","60"
"SIM-S0024-P2","SIM-S0024","SIM-S0024-MIX","MIX","MIX-3","Temperature","26.1474","C","2026-09-01T08:56:00Z","2026-09-01T08:40:00Z","2026-09-01T09:30:00Z","SYNTHETIC","25","30","50","60"
"SIM-S0024-P3","SIM-S0024","SIM-S0024-MIX","MIX","MIX-3","Temperature","25.8761","C","2026-09-01T09:04:00Z","2026-09-01T08:40:00Z","2026-09-01T09:30:00Z","SYNTHETIC","25","30","50","60"
"SIM-S0024-P4","SIM-S0024","SIM-S0024-MIX","MIX","MIX-3","Temperature","26.0308","C","2026-09-01T09:12:00Z","2026-09-01T08:40:00Z","2026-09-01T09:30:00Z","SYNTHETIC","25","30","50","60"
"SIM-S0024-P5","SIM-S0024","SIM-S0024-MIX","MIX","MIX-3","Temperature","26.1399","C","2026-09-01T09:20:00Z","2026-09-01T08:40:00Z","2026-09-01T09:30:00Z","SYNTHETIC","25","30","50","60"
"SIM-S0024-P6","SIM-S0024","SIM-S0024-MIX","MIX","MIX-3","Agitator_Speed","296.7589","rpm","2026-09-01T08:45:00Z","2026-09-01T08:40:00Z","2026-09-01T09:30:00Z","SYNTHETIC","300","330","50","60"
"SIM-S0024-P7","SIM-S0024","SIM-S0024-MIX","MIX","MIX-3","Agitator_Speed","293.2781","rpm","2026-09-01T09:05:00Z","2026-09-01T08:40:00Z","2026-09-01T09:30:00Z","SYNTHETIC","300","330","50","60"
"SIM-S0024-P8","SIM-S0024","SIM-S0024-MIX","MIX","MIX-3","Agitator_Speed","295.5448","rpm","2026-09-01T09:25:00Z","2026-09-01T08:40:00Z","2026-09-01T09:30:00Z","SYNTHETIC","300","330","50","60"
"SIM-S0024-P9","SIM-S0024","SIM-S0024-FILTER","FILTER","MIX-3","Filter_DP","55.573","kPa","2026-09-01T09:30:00Z","2026-09-01T09:30:00Z","2026-09-01T09:45:00Z","SYNTHETIC","40","80","15","20"
"SIM-S0024-P10","SIM-S0024","SIM-S0024-FILTER","FILTER","MIX-3","Filter_DP","55.813","kPa","2026-09-01T09:36:00Z","2026-09-01T09:30:00Z","2026-09-01T09:45:00Z","SYNTHETIC","40","80","15","20"
"SIM-S0024-P11","SIM-S0024","SIM-S0024-FILTER","FILTER","MIX-3","Filter_DP","56.8159","kPa","2026-09-01T09:42:00Z","2026-09-01T09:30:00Z","2026-09-01T09:45:00Z","SYNTHETIC","40","80","15","20"
"SIM-S0025-P0","SIM-S0025","SIM-S0025-MIX","MIX","MIX-1","Temperature","25.6724","C","2026-09-01T10:10:00Z","2026-09-01T10:10:00Z","2026-09-01T11:00:00Z","SYNTHETIC","25","30","50","60"
"SIM-S0025-P1","SIM-S0025","SIM-S0025-MIX","MIX","MIX-1","Temperature","25.8506","C","2026-09-01T10:18:00Z","2026-09-01T10:10:00Z","2026-09-01T11:00:00Z","SYNTHETIC","25","30","50","60"
"SIM-S0025-P2","SIM-S0025","SIM-S0025-MIX","MIX","MIX-1","Temperature","25.3475","C","2026-09-01T10:26:00Z","2026-09-01T10:10:00Z","2026-09-01T11:00:00Z","SYNTHETIC","25","30","50","60"
"SIM-S0025-P3","SIM-S0025","SIM-S0025-MIX","MIX","MIX-1","Temperature","25.568","C","2026-09-01T10:34:00Z","2026-09-01T10:10:00Z","2026-09-01T11:00:00Z","SYNTHETIC","25","30","50","60"
"SIM-S0025-P4","SIM-S0025","SIM-S0025-MIX","MIX","MIX-1","Temperature","25.6708","C","2026-09-01T10:42:00Z","2026-09-01T10:10:00Z","2026-09-01T11:00:00Z","SYNTHETIC","25","30","50","60"
"SIM-S0025-P5","SIM-S0025","SIM-S0025-MIX","MIX","MIX-1","Temperature","25.5908","C","2026-09-01T10:50:00Z","2026-09-01T10:10:00Z","2026-09-01T11:00:00Z","SYNTHETIC","25","30","50","60"
"SIM-S0025-P6","SIM-S0025","SIM-S0025-MIX","MIX","MIX-1","Agitator_Speed","299.379","rpm","2026-09-01T10:15:00Z","2026-09-01T10:10:00Z","2026-09-01T11:00:00Z","SYNTHETIC","300","330","50","60"
"SIM-S0025-P7","SIM-S0025","SIM-S0025-MIX","MIX","MIX-1","Agitator_Speed","302.4635","rpm","2026-09-01T10:35:00Z","2026-09-01T10:10:00Z","2026-09-01T11:00:00Z","SYNTHETIC","300","330","50","60"
"SIM-S0025-P8","SIM-S0025","SIM-S0025-MIX","MIX","MIX-1","Agitator_Speed","301.1738","rpm","2026-09-01T10:55:00Z","2026-09-01T10:10:00Z","2026-09-01T11:00:00Z","SYNTHETIC","300","330","50","60"
"SIM-S0025-P9","SIM-S0025","SIM-S0025-FILTER","FILTER","MIX-1","Filter_DP","37.5315","kPa","2026-09-01T11:00:00Z","2026-09-01T11:00:00Z","2026-09-01T11:15:00Z","SYNTHETIC","40","80","15","20"
"SIM-S0025-P10","SIM-S0025","SIM-S0025-FILTER","FILTER","MIX-1","Filter_DP","38.9287","kPa","2026-09-01T11:06:00Z","2026-09-01T11:00:00Z","2026-09-01T11:15:00Z","SYNTHETIC","40","80","15","20"
"SIM-S0025-P11","SIM-S0025","SIM-S0025-FILTER","FILTER","MIX-1","Filter_DP","40.0317","kPa","2026-09-01T11:12:00Z","2026-09-01T11:00:00Z","2026-09-01T11:15:00Z","SYNTHETIC","40","80","15","20"
"SIM-S0026-P0","SIM-S0026","SIM-S0026-MIX","MIX","MIX-2","Temperature","25.7716","C","2026-09-01T10:10:00Z","2026-09-01T10:10:00Z","2026-09-01T11:00:00Z","SYNTHETIC","25","30","50","60"
"SIM-S0026-P1","SIM-S0026","SIM-S0026-MIX","MIX","MIX-2","Temperature","25.9008","C","2026-09-01T10:18:00Z","2026-09-01T10:10:00Z","2026-09-01T11:00:00Z","SYNTHETIC","25","30","50","60"
"SIM-S0026-P2","SIM-S0026","SIM-S0026-MIX","MIX","MIX-2","Temperature","25.4816","C","2026-09-01T10:26:00Z","2026-09-01T10:10:00Z","2026-09-01T11:00:00Z","SYNTHETIC","25","30","50","60"
"SIM-S0026-P3","SIM-S0026","SIM-S0026-MIX","MIX","MIX-2","Temperature","25.6666","C","2026-09-01T10:34:00Z","2026-09-01T10:10:00Z","2026-09-01T11:00:00Z","SYNTHETIC","25","30","50","60"
"SIM-S0026-P4","SIM-S0026","SIM-S0026-MIX","MIX","MIX-2","Temperature","25.7399","C","2026-09-01T10:42:00Z","2026-09-01T10:10:00Z","2026-09-01T11:00:00Z","SYNTHETIC","25","30","50","60"
"SIM-S0026-P5","SIM-S0026","SIM-S0026-MIX","MIX","MIX-2","Temperature","26.0264","C","2026-09-01T10:50:00Z","2026-09-01T10:10:00Z","2026-09-01T11:00:00Z","SYNTHETIC","25","30","50","60"
"SIM-S0026-P6","SIM-S0026","SIM-S0026-MIX","MIX","MIX-2","Agitator_Speed","297.9487","rpm","2026-09-01T10:15:00Z","2026-09-01T10:10:00Z","2026-09-01T11:00:00Z","SYNTHETIC","300","330","50","60"
"SIM-S0026-P7","SIM-S0026","SIM-S0026-MIX","MIX","MIX-2","Agitator_Speed","299.2532","rpm","2026-09-01T10:35:00Z","2026-09-01T10:10:00Z","2026-09-01T11:00:00Z","SYNTHETIC","300","330","50","60"
"SIM-S0026-P8","SIM-S0026","SIM-S0026-MIX","MIX","MIX-2","Agitator_Speed","301.4654","rpm","2026-09-01T10:55:00Z","2026-09-01T10:10:00Z","2026-09-01T11:00:00Z","SYNTHETIC","300","330","50","60"
"SIM-S0026-P9","SIM-S0026","SIM-S0026-FILTER","FILTER","MIX-2","Filter_DP","36.8191","kPa","2026-09-01T11:00:00Z","2026-09-01T11:00:00Z","2026-09-01T11:15:00Z","SYNTHETIC","40","80","15","20"
"SIM-S0026-P10","SIM-S0026","SIM-S0026-FILTER","FILTER","MIX-2","Filter_DP","37.7576","kPa","2026-09-01T11:06:00Z","2026-09-01T11:00:00Z","2026-09-01T11:15:00Z","SYNTHETIC","40","80","15","20"
"SIM-S0026-P11","SIM-S0026","SIM-S0026-FILTER","FILTER","MIX-2","Filter_DP","38.9353","kPa","2026-09-01T11:12:00Z","2026-09-01T11:00:00Z","2026-09-01T11:15:00Z","SYNTHETIC","40","80","15","20"
"SIM-S0027-P0","SIM-S0027","SIM-S0027-MIX","MIX","MIX-3","Temperature","25.3668","C","2026-09-01T10:10:00Z","2026-09-01T10:10:00Z","2026-09-01T11:00:00Z","SYNTHETIC","25","30","50","60"
"SIM-S0027-P1","SIM-S0027","SIM-S0027-MIX","MIX","MIX-3","Temperature","25.3316","C","2026-09-01T10:18:00Z","2026-09-01T10:10:00Z","2026-09-01T11:00:00Z","SYNTHETIC","25","30","50","60"
"SIM-S0027-P2","SIM-S0027","SIM-S0027-MIX","MIX","MIX-3","Temperature","25.2264","C","2026-09-01T10:26:00Z","2026-09-01T10:10:00Z","2026-09-01T11:00:00Z","SYNTHETIC","25","30","50","60"
"SIM-S0027-P3","SIM-S0027","SIM-S0027-MIX","MIX","MIX-3","Temperature","25.263","C","2026-09-01T10:34:00Z","2026-09-01T10:10:00Z","2026-09-01T11:00:00Z","SYNTHETIC","25","30","50","60"
"SIM-S0027-P4","SIM-S0027","SIM-S0027-MIX","MIX","MIX-3","Temperature","25.4215","C","2026-09-01T10:42:00Z","2026-09-01T10:10:00Z","2026-09-01T11:00:00Z","SYNTHETIC","25","30","50","60"
"SIM-S0027-P5","SIM-S0027","SIM-S0027-MIX","MIX","MIX-3","Temperature","25.5837","C","2026-09-01T10:50:00Z","2026-09-01T10:10:00Z","2026-09-01T11:00:00Z","SYNTHETIC","25","30","50","60"
"SIM-S0027-P6","SIM-S0027","SIM-S0027-MIX","MIX","MIX-3","Agitator_Speed","295.4151","rpm","2026-09-01T10:15:00Z","2026-09-01T10:10:00Z","2026-09-01T11:00:00Z","SYNTHETIC","300","330","50","60"
"SIM-S0027-P7","SIM-S0027","SIM-S0027-MIX","MIX","MIX-3","Agitator_Speed","295.1945","rpm","2026-09-01T10:35:00Z","2026-09-01T10:10:00Z","2026-09-01T11:00:00Z","SYNTHETIC","300","330","50","60"
"SIM-S0027-P8","SIM-S0027","SIM-S0027-MIX","MIX","MIX-3","Agitator_Speed","298.3936","rpm","2026-09-01T10:55:00Z","2026-09-01T10:10:00Z","2026-09-01T11:00:00Z","SYNTHETIC","300","330","50","60"
"SIM-S0027-P9","SIM-S0027","SIM-S0027-FILTER","FILTER","MIX-3","Filter_DP","37.4025","kPa","2026-09-01T11:00:00Z","2026-09-01T11:00:00Z","2026-09-01T11:15:00Z","SYNTHETIC","40","80","15","20"
"SIM-S0027-P10","SIM-S0027","SIM-S0027-FILTER","FILTER","MIX-3","Filter_DP","38.0139","kPa","2026-09-01T11:06:00Z","2026-09-01T11:00:00Z","2026-09-01T11:15:00Z","SYNTHETIC","40","80","15","20"
"SIM-S0027-P11","SIM-S0027","SIM-S0027-FILTER","FILTER","MIX-3","Filter_DP","38.8217","kPa","2026-09-01T11:12:00Z","2026-09-01T11:00:00Z","2026-09-01T11:15:00Z","SYNTHETIC","40","80","15","20"
"SIM-S0028-P0","SIM-S0028","SIM-S0028-MIX","MIX","MIX-1","Temperature","25.2042","C","2026-09-01T11:40:00Z","2026-09-01T11:40:00Z","2026-09-01T12:30:00Z","SYNTHETIC","25","30","50","60"
"SIM-S0028-P1","SIM-S0028","SIM-S0028-MIX","MIX","MIX-1","Temperature","25.4037","C","2026-09-01T11:48:00Z","2026-09-01T11:40:00Z","2026-09-01T12:30:00Z","SYNTHETIC","25","30","50","60"
"SIM-S0028-P2","SIM-S0028","SIM-S0028-MIX","MIX","MIX-1","Temperature","25.0865","C","2026-09-01T11:56:00Z","2026-09-01T11:40:00Z","2026-09-01T12:30:00Z","SYNTHETIC","25","30","50","60"
"SIM-S0028-P3","SIM-S0028","SIM-S0028-MIX","MIX","MIX-1","Temperature","25.2593","C","2026-09-01T12:04:00Z","2026-09-01T11:40:00Z","2026-09-01T12:30:00Z","SYNTHETIC","25","30","50","60"
"SIM-S0028-P4","SIM-S0028","SIM-S0028-MIX","MIX","MIX-1","Temperature","24.9654","C","2026-09-01T12:12:00Z","2026-09-01T11:40:00Z","2026-09-01T12:30:00Z","SYNTHETIC","25","30","50","60"
"SIM-S0028-P5","SIM-S0028","SIM-S0028-MIX","MIX","MIX-1","Temperature","25.1838","C","2026-09-01T12:20:00Z","2026-09-01T11:40:00Z","2026-09-01T12:30:00Z","SYNTHETIC","25","30","50","60"
"SIM-S0028-P6","SIM-S0028","SIM-S0028-MIX","MIX","MIX-1","Agitator_Speed","295.256","rpm","2026-09-01T11:45:00Z","2026-09-01T11:40:00Z","2026-09-01T12:30:00Z","SYNTHETIC","300","330","50","60"
"SIM-S0028-P7","SIM-S0028","SIM-S0028-MIX","MIX","MIX-1","Agitator_Speed","296.1072","rpm","2026-09-01T12:05:00Z","2026-09-01T11:40:00Z","2026-09-01T12:30:00Z","SYNTHETIC","300","330","50","60"
"SIM-S0028-P8","SIM-S0028","SIM-S0028-MIX","MIX","MIX-1","Agitator_Speed","295.4105","rpm","2026-09-01T12:25:00Z","2026-09-01T11:40:00Z","2026-09-01T12:30:00Z","SYNTHETIC","300","330","50","60"
"SIM-S0028-P9","SIM-S0028","SIM-S0028-FILTER","FILTER","MIX-1","Filter_DP","37.1997","kPa","2026-09-01T12:30:00Z","2026-09-01T12:30:00Z","2026-09-01T12:45:00Z","SYNTHETIC","40","80","15","20"
"SIM-S0028-P10","SIM-S0028","SIM-S0028-FILTER","FILTER","MIX-1","Filter_DP","38.5946","kPa","2026-09-01T12:36:00Z","2026-09-01T12:30:00Z","2026-09-01T12:45:00Z","SYNTHETIC","40","80","15","20"
"SIM-S0028-P11","SIM-S0028","SIM-S0028-FILTER","FILTER","MIX-1","Filter_DP","39.0454","kPa","2026-09-01T12:42:00Z","2026-09-01T12:30:00Z","2026-09-01T12:45:00Z","SYNTHETIC","40","80","15","20"
"SIM-S0029-P0","SIM-S0029","SIM-S0029-MIX","MIX","MIX-2","Temperature","25.8463","C","2026-09-01T11:40:00Z","2026-09-01T11:40:00Z","2026-09-01T12:30:00Z","SYNTHETIC","25","30","50","60"
"SIM-S0029-P1","SIM-S0029","SIM-S0029-MIX","MIX","MIX-2","Temperature","26.0081","C","2026-09-01T11:48:00Z","2026-09-01T11:40:00Z","2026-09-01T12:30:00Z","SYNTHETIC","25","30","50","60"
"SIM-S0029-P2","SIM-S0029","SIM-S0029-MIX","MIX","MIX-2","Temperature","26.0496","C","2026-09-01T11:56:00Z","2026-09-01T11:40:00Z","2026-09-01T12:30:00Z","SYNTHETIC","25","30","50","60"
"SIM-S0029-P3","SIM-S0029","SIM-S0029-MIX","MIX","MIX-2","Temperature","26.3192","C","2026-09-01T12:04:00Z","2026-09-01T11:40:00Z","2026-09-01T12:30:00Z","SYNTHETIC","25","30","50","60"
"SIM-S0029-P4","SIM-S0029","SIM-S0029-MIX","MIX","MIX-2","Temperature","25.9246","C","2026-09-01T12:12:00Z","2026-09-01T11:40:00Z","2026-09-01T12:30:00Z","SYNTHETIC","25","30","50","60"
"SIM-S0029-P5","SIM-S0029","SIM-S0029-MIX","MIX","MIX-2","Temperature","25.9654","C","2026-09-01T12:20:00Z","2026-09-01T11:40:00Z","2026-09-01T12:30:00Z","SYNTHETIC","25","30","50","60"
"SIM-S0029-P6","SIM-S0029","SIM-S0029-MIX","MIX","MIX-2","Agitator_Speed","301.9487","rpm","2026-09-01T11:45:00Z","2026-09-01T11:40:00Z","2026-09-01T12:30:00Z","SYNTHETIC","300","330","50","60"
"SIM-S0029-P7","SIM-S0029","SIM-S0029-MIX","MIX","MIX-2","Agitator_Speed","301.0971","rpm","2026-09-01T12:05:00Z","2026-09-01T11:40:00Z","2026-09-01T12:30:00Z","SYNTHETIC","300","330","50","60"
"SIM-S0029-P8","SIM-S0029","SIM-S0029-MIX","MIX","MIX-2","Agitator_Speed","303.2042","rpm","2026-09-01T12:25:00Z","2026-09-01T11:40:00Z","2026-09-01T12:30:00Z","SYNTHETIC","300","330","50","60"
"SIM-S0029-P9","SIM-S0029","SIM-S0029-FILTER","FILTER","MIX-2","Filter_DP","41.0235","kPa","2026-09-01T12:30:00Z","2026-09-01T12:30:00Z","2026-09-01T12:45:00Z","SYNTHETIC","40","80","15","20"
"SIM-S0029-P10","SIM-S0029","SIM-S0029-FILTER","FILTER","MIX-2","Filter_DP","42.3697","kPa","2026-09-01T12:36:00Z","2026-09-01T12:30:00Z","2026-09-01T12:45:00Z","SYNTHETIC","40","80","15","20"
"SIM-S0029-P11","SIM-S0029","SIM-S0029-FILTER","FILTER","MIX-2","Filter_DP","42.5104","kPa","2026-09-01T12:42:00Z","2026-09-01T12:30:00Z","2026-09-01T12:45:00Z","SYNTHETIC","40","80","15","20"
"SIM-S0030-P0","SIM-S0030","SIM-S0030-MIX","MIX","MIX-3","Temperature","26.0022","C","2026-09-01T11:40:00Z","2026-09-01T11:40:00Z","2026-09-01T12:30:00Z","SYNTHETIC","25","30","50","60"
"SIM-S0030-P1","SIM-S0030","SIM-S0030-MIX","MIX","MIX-3","Temperature","26.0773","C","2026-09-01T11:48:00Z","2026-09-01T11:40:00Z","2026-09-01T12:30:00Z","SYNTHETIC","25","30","50","60"
"SIM-S0030-P2","SIM-S0030","SIM-S0030-MIX","MIX","MIX-3","Temperature","26.0247","C","2026-09-01T11:56:00Z","2026-09-01T11:40:00Z","2026-09-01T12:30:00Z","SYNTHETIC","25","30","50","60"
"SIM-S0030-P3","SIM-S0030","SIM-S0030-MIX","MIX","MIX-3","Temperature","25.7485","C","2026-09-01T12:04:00Z","2026-09-01T11:40:00Z","2026-09-01T12:30:00Z","SYNTHETIC","25","30","50","60"
"SIM-S0030-P4","SIM-S0030","SIM-S0030-MIX","MIX","MIX-3","Temperature","26.0401","C","2026-09-01T12:12:00Z","2026-09-01T11:40:00Z","2026-09-01T12:30:00Z","SYNTHETIC","25","30","50","60"
"SIM-S0030-P5","SIM-S0030","SIM-S0030-MIX","MIX","MIX-3","Temperature","26.1388","C","2026-09-01T12:20:00Z","2026-09-01T11:40:00Z","2026-09-01T12:30:00Z","SYNTHETIC","25","30","50","60"
"SIM-S0030-P6","SIM-S0030","SIM-S0030-MIX","MIX","MIX-3","Agitator_Speed","299.6174","rpm","2026-09-01T11:45:00Z","2026-09-01T11:40:00Z","2026-09-01T12:30:00Z","SYNTHETIC","300","330","50","60"
"SIM-S0030-P7","SIM-S0030","SIM-S0030-MIX","MIX","MIX-3","Agitator_Speed","298.9581","rpm","2026-09-01T12:05:00Z","2026-09-01T11:40:00Z","2026-09-01T12:30:00Z","SYNTHETIC","300","330","50","60"
"SIM-S0030-P8","SIM-S0030","SIM-S0030-MIX","MIX","MIX-3","Agitator_Speed","298.6897","rpm","2026-09-01T12:25:00Z","2026-09-01T11:40:00Z","2026-09-01T12:30:00Z","SYNTHETIC","300","330","50","60"
"SIM-S0030-P9","SIM-S0030","SIM-S0030-FILTER","FILTER","MIX-3","Filter_DP","39.1127","kPa","2026-09-01T12:30:00Z","2026-09-01T12:30:00Z","2026-09-01T12:45:00Z","SYNTHETIC","40","80","15","20"
"SIM-S0030-P10","SIM-S0030","SIM-S0030-FILTER","FILTER","MIX-3","Filter_DP","38.8403","kPa","2026-09-01T12:36:00Z","2026-09-01T12:30:00Z","2026-09-01T12:45:00Z","SYNTHETIC","40","80","15","20"
"SIM-S0030-P11","SIM-S0030","SIM-S0030-FILTER","FILTER","MIX-3","Filter_DP","40.0029","kPa","2026-09-01T12:42:00Z","2026-09-01T12:30:00Z","2026-09-01T12:45:00Z","SYNTHETIC","40","80","15","20"
"SIM-S0031-P0","SIM-S0031","SIM-S0031-MIX","MIX","MIX-1","Temperature","24.8408","C","2026-09-01T13:10:00Z","2026-09-01T13:10:00Z","2026-09-01T14:00:00Z","SYNTHETIC","25","30","50","60"
"SIM-S0031-P1","SIM-S0031","SIM-S0031-MIX","MIX","MIX-1","Temperature","24.6653","C","2026-09-01T13:18:00Z","2026-09-01T13:10:00Z","2026-09-01T14:00:00Z","SYNTHETIC","25","30","50","60"
"SIM-S0031-P2","SIM-S0031","SIM-S0031-MIX","MIX","MIX-1","Temperature","24.8677","C","2026-09-01T13:26:00Z","2026-09-01T13:10:00Z","2026-09-01T14:00:00Z","SYNTHETIC","25","30","50","60"
"SIM-S0031-P3","SIM-S0031","SIM-S0031-MIX","MIX","MIX-1","Temperature","25.1548","C","2026-09-01T13:34:00Z","2026-09-01T13:10:00Z","2026-09-01T14:00:00Z","SYNTHETIC","25","30","50","60"
"SIM-S0031-P4","SIM-S0031","SIM-S0031-MIX","MIX","MIX-1","Temperature","24.7545","C","2026-09-01T13:42:00Z","2026-09-01T13:10:00Z","2026-09-01T14:00:00Z","SYNTHETIC","25","30","50","60"
"SIM-S0031-P5","SIM-S0031","SIM-S0031-MIX","MIX","MIX-1","Temperature","25.0601","C","2026-09-01T13:50:00Z","2026-09-01T13:10:00Z","2026-09-01T14:00:00Z","SYNTHETIC","25","30","50","60"
"SIM-S0031-P6","SIM-S0031","SIM-S0031-MIX","MIX","MIX-1","Agitator_Speed","300.9399","rpm","2026-09-01T13:15:00Z","2026-09-01T13:10:00Z","2026-09-01T14:00:00Z","SYNTHETIC","300","330","50","60"
"SIM-S0031-P7","SIM-S0031","SIM-S0031-MIX","MIX","MIX-1","Agitator_Speed","301.7407","rpm","2026-09-01T13:35:00Z","2026-09-01T13:10:00Z","2026-09-01T14:00:00Z","SYNTHETIC","300","330","50","60"
"SIM-S0031-P8","SIM-S0031","SIM-S0031-MIX","MIX","MIX-1","Agitator_Speed","304.048","rpm","2026-09-01T13:55:00Z","2026-09-01T13:10:00Z","2026-09-01T14:00:00Z","SYNTHETIC","300","330","50","60"
"SIM-S0031-P9","SIM-S0031","SIM-S0031-FILTER","FILTER","MIX-1","Filter_DP","40.4878","kPa","2026-09-01T14:00:00Z","2026-09-01T14:00:00Z","2026-09-01T14:15:00Z","SYNTHETIC","40","80","15","20"
"SIM-S0031-P10","SIM-S0031","SIM-S0031-FILTER","FILTER","MIX-1","Filter_DP","41.1297","kPa","2026-09-01T14:06:00Z","2026-09-01T14:00:00Z","2026-09-01T14:15:00Z","SYNTHETIC","40","80","15","20"
"SIM-S0031-P11","SIM-S0031","SIM-S0031-FILTER","FILTER","MIX-1","Filter_DP","41.2598","kPa","2026-09-01T14:12:00Z","2026-09-01T14:00:00Z","2026-09-01T14:15:00Z","SYNTHETIC","40","80","15","20"
"SIM-S0032-P0","SIM-S0032","SIM-S0032-MIX","MIX","MIX-2","Temperature","25.7181","C","2026-09-01T13:10:00Z","2026-09-01T13:10:00Z","2026-09-01T14:00:00Z","SYNTHETIC","25","30","50","60"
"SIM-S0032-P1","SIM-S0032","SIM-S0032-MIX","MIX","MIX-2","Temperature","25.6582","C","2026-09-01T13:18:00Z","2026-09-01T13:10:00Z","2026-09-01T14:00:00Z","SYNTHETIC","25","30","50","60"
"SIM-S0032-P2","SIM-S0032","SIM-S0032-MIX","MIX","MIX-2","Temperature","25.8345","C","2026-09-01T13:26:00Z","2026-09-01T13:10:00Z","2026-09-01T14:00:00Z","SYNTHETIC","25","30","50","60"
"SIM-S0032-P3","SIM-S0032","SIM-S0032-MIX","MIX","MIX-2","Temperature","25.7756","C","2026-09-01T13:34:00Z","2026-09-01T13:10:00Z","2026-09-01T14:00:00Z","SYNTHETIC","25","30","50","60"
"SIM-S0032-P4","SIM-S0032","SIM-S0032-MIX","MIX","MIX-2","Temperature","25.9511","C","2026-09-01T13:42:00Z","2026-09-01T13:10:00Z","2026-09-01T14:00:00Z","SYNTHETIC","25","30","50","60"
"SIM-S0032-P5","SIM-S0032","SIM-S0032-MIX","MIX","MIX-2","Temperature","25.6154","C","2026-09-01T13:50:00Z","2026-09-01T13:10:00Z","2026-09-01T14:00:00Z","SYNTHETIC","25","30","50","60"
"SIM-S0032-P6","SIM-S0032","SIM-S0032-MIX","MIX","MIX-2","Agitator_Speed","299.5074","rpm","2026-09-01T13:15:00Z","2026-09-01T13:10:00Z","2026-09-01T14:00:00Z","SYNTHETIC","300","330","50","60"
"SIM-S0032-P7","SIM-S0032","SIM-S0032-MIX","MIX","MIX-2","Agitator_Speed","297.3361","rpm","2026-09-01T13:35:00Z","2026-09-01T13:10:00Z","2026-09-01T14:00:00Z","SYNTHETIC","300","330","50","60"
"SIM-S0032-P8","SIM-S0032","SIM-S0032-MIX","MIX","MIX-2","Agitator_Speed","297.6969","rpm","2026-09-01T13:55:00Z","2026-09-01T13:10:00Z","2026-09-01T14:00:00Z","SYNTHETIC","300","330","50","60"
"SIM-S0032-P9","SIM-S0032","SIM-S0032-FILTER","FILTER","MIX-2","Filter_DP","40.9435","kPa","2026-09-01T14:00:00Z","2026-09-01T14:00:00Z","2026-09-01T14:15:00Z","SYNTHETIC","40","80","15","20"
"SIM-S0032-P10","SIM-S0032","SIM-S0032-FILTER","FILTER","MIX-2","Filter_DP","40.8057","kPa","2026-09-01T14:06:00Z","2026-09-01T14:00:00Z","2026-09-01T14:15:00Z","SYNTHETIC","40","80","15","20"
"SIM-S0032-P11","SIM-S0032","SIM-S0032-FILTER","FILTER","MIX-2","Filter_DP","41.5096","kPa","2026-09-01T14:12:00Z","2026-09-01T14:00:00Z","2026-09-01T14:15:00Z","SYNTHETIC","40","80","15","20"
"SIM-S0033-P0","SIM-S0033","SIM-S0033-MIX","MIX","MIX-3","Temperature","24.6777","C","2026-09-01T13:10:00Z","2026-09-01T13:10:00Z","2026-09-01T14:00:00Z","SYNTHETIC","25","30","50","60"
"SIM-S0033-P1","SIM-S0033","SIM-S0033-MIX","MIX","MIX-3","Temperature","24.5695","C","2026-09-01T13:18:00Z","2026-09-01T13:10:00Z","2026-09-01T14:00:00Z","SYNTHETIC","25","30","50","60"
"SIM-S0033-P2","SIM-S0033","SIM-S0033-MIX","MIX","MIX-3","Temperature","24.7719","C","2026-09-01T13:26:00Z","2026-09-01T13:10:00Z","2026-09-01T14:00:00Z","SYNTHETIC","25","30","50","60"
"SIM-S0033-P3","SIM-S0033","SIM-S0033-MIX","MIX","MIX-3","Temperature","24.6752","C","2026-09-01T13:34:00Z","2026-09-01T13:10:00Z","2026-09-01T14:00:00Z","SYNTHETIC","25","30","50","60"
"SIM-S0033-P4","SIM-S0033","SIM-S0033-MIX","MIX","MIX-3","Temperature","24.309","C","2026-09-01T13:42:00Z","2026-09-01T13:10:00Z","2026-09-01T14:00:00Z","SYNTHETIC","25","30","50","60"
"SIM-S0033-P5","SIM-S0033","SIM-S0033-MIX","MIX","MIX-3","Temperature","25.0224","C","2026-09-01T13:50:00Z","2026-09-01T13:10:00Z","2026-09-01T14:00:00Z","SYNTHETIC","25","30","50","60"
"SIM-S0033-P6","SIM-S0033","SIM-S0033-MIX","MIX","MIX-3","Agitator_Speed","300.8848","rpm","2026-09-01T13:15:00Z","2026-09-01T13:10:00Z","2026-09-01T14:00:00Z","SYNTHETIC","300","330","50","60"
"SIM-S0033-P7","SIM-S0033","SIM-S0033-MIX","MIX","MIX-3","Agitator_Speed","299.3014","rpm","2026-09-01T13:35:00Z","2026-09-01T13:10:00Z","2026-09-01T14:00:00Z","SYNTHETIC","300","330","50","60"
"SIM-S0033-P8","SIM-S0033","SIM-S0033-MIX","MIX","MIX-3","Agitator_Speed","302.3531","rpm","2026-09-01T13:55:00Z","2026-09-01T13:10:00Z","2026-09-01T14:00:00Z","SYNTHETIC","300","330","50","60"
"SIM-S0033-P9","SIM-S0033","SIM-S0033-FILTER","FILTER","MIX-3","Filter_DP","42.1017","kPa","2026-09-01T14:00:00Z","2026-09-01T14:00:00Z","2026-09-01T14:15:00Z","SYNTHETIC","40","80","15","20"
"SIM-S0033-P10","SIM-S0033","SIM-S0033-FILTER","FILTER","MIX-3","Filter_DP","42.7266","kPa","2026-09-01T14:06:00Z","2026-09-01T14:00:00Z","2026-09-01T14:15:00Z","SYNTHETIC","40","80","15","20"
"SIM-S0033-P11","SIM-S0033","SIM-S0033-FILTER","FILTER","MIX-3","Filter_DP","43.6902","kPa","2026-09-01T14:12:00Z","2026-09-01T14:00:00Z","2026-09-01T14:15:00Z","SYNTHETIC","40","80","15","20"
"SIM-S0034-P0","SIM-S0034","SIM-S0034-MIX","MIX","MIX-1","Temperature","25.311","C","2026-09-01T14:40:00Z","2026-09-01T14:40:00Z","2026-09-01T15:30:00Z","SYNTHETIC","25","30","50","60"
"SIM-S0034-P1","SIM-S0034","SIM-S0034-MIX","MIX","MIX-1","Temperature","25.1855","C","2026-09-01T14:48:00Z","2026-09-01T14:40:00Z","2026-09-01T15:30:00Z","SYNTHETIC","25","30","50","60"
"SIM-S0034-P2","SIM-S0034","SIM-S0034-MIX","MIX","MIX-1","Temperature","25.1872","C","2026-09-01T14:56:00Z","2026-09-01T14:40:00Z","2026-09-01T15:30:00Z","SYNTHETIC","25","30","50","60"
"SIM-S0034-P3","SIM-S0034","SIM-S0034-MIX","MIX","MIX-1","Temperature","25.1085","C","2026-09-01T15:04:00Z","2026-09-01T14:40:00Z","2026-09-01T15:30:00Z","SYNTHETIC","25","30","50","60"
"SIM-S0034-P4","SIM-S0034","SIM-S0034-MIX","MIX","MIX-1","Temperature","25.206","C","2026-09-01T15:12:00Z","2026-09-01T14:40:00Z","2026-09-01T15:30:00Z","SYNTHETIC","25","30","50","60"
"SIM-S0034-P5","SIM-S0034","SIM-S0034-MIX","MIX","MIX-1","Temperature","25.1666","C","2026-09-01T15:20:00Z","2026-09-01T14:40:00Z","2026-09-01T15:30:00Z","SYNTHETIC","25","30","50","60"
"SIM-S0034-P6","SIM-S0034","SIM-S0034-MIX","MIX","MIX-1","Agitator_Speed","298.5611","rpm","2026-09-01T14:45:00Z","2026-09-01T14:40:00Z","2026-09-01T15:30:00Z","SYNTHETIC","300","330","50","60"
"SIM-S0034-P7","SIM-S0034","SIM-S0034-MIX","MIX","MIX-1","Agitator_Speed","298.0391","rpm","2026-09-01T15:05:00Z","2026-09-01T14:40:00Z","2026-09-01T15:30:00Z","SYNTHETIC","300","330","50","60"
"SIM-S0034-P8","SIM-S0034","SIM-S0034-MIX","MIX","MIX-1","Agitator_Speed","296.6603","rpm","2026-09-01T15:25:00Z","2026-09-01T14:40:00Z","2026-09-01T15:30:00Z","SYNTHETIC","300","330","50","60"
"SIM-S0034-P9","SIM-S0034","SIM-S0034-FILTER","FILTER","MIX-1","Filter_DP","44.9448","kPa","2026-09-01T15:30:00Z","2026-09-01T15:30:00Z","2026-09-01T15:45:00Z","SYNTHETIC","40","80","15","20"
"SIM-S0034-P10","SIM-S0034","SIM-S0034-FILTER","FILTER","MIX-1","Filter_DP","46.7622","kPa","2026-09-01T15:36:00Z","2026-09-01T15:30:00Z","2026-09-01T15:45:00Z","SYNTHETIC","40","80","15","20"
"SIM-S0034-P11","SIM-S0034","SIM-S0034-FILTER","FILTER","MIX-1","Filter_DP","47.8229","kPa","2026-09-01T15:42:00Z","2026-09-01T15:30:00Z","2026-09-01T15:45:00Z","SYNTHETIC","40","80","15","20"
"SIM-S0035-P0","SIM-S0035","SIM-S0035-MIX","MIX","MIX-2","Temperature","25.6329","C","2026-09-01T14:40:00Z","2026-09-01T14:40:00Z","2026-09-01T15:30:00Z","SYNTHETIC","25","30","50","60"
"SIM-S0035-P1","SIM-S0035","SIM-S0035-MIX","MIX","MIX-2","Temperature","25.6713","C","2026-09-01T14:48:00Z","2026-09-01T14:40:00Z","2026-09-01T15:30:00Z","SYNTHETIC","25","30","50","60"
"SIM-S0035-P2","SIM-S0035","SIM-S0035-MIX","MIX","MIX-2","Temperature","25.5506","C","2026-09-01T14:56:00Z","2026-09-01T14:40:00Z","2026-09-01T15:30:00Z","SYNTHETIC","25","30","50","60"
"SIM-S0035-P3","SIM-S0035","SIM-S0035-MIX","MIX","MIX-2","Temperature","25.566","C","2026-09-01T15:04:00Z","2026-09-01T14:40:00Z","2026-09-01T15:30:00Z","SYNTHETIC","25","30","50","60"
"SIM-S0035-P4","SIM-S0035","SIM-S0035-MIX","MIX","MIX-2","Temperature","25.3249","C","2026-09-01T15:12:00Z","2026-09-01T14:40:00Z","2026-09-01T15:30:00Z","SYNTHETIC","25","30","50","60"
"SIM-S0035-P5","SIM-S0035","SIM-S0035-MIX","MIX","MIX-2","Temperature","25.5763","C","2026-09-01T15:20:00Z","2026-09-01T14:40:00Z","2026-09-01T15:30:00Z","SYNTHETIC","25","30","50","60"
"SIM-S0035-P6","SIM-S0035","SIM-S0035-MIX","MIX","MIX-2","Agitator_Speed","298.7471","rpm","2026-09-01T14:45:00Z","2026-09-01T14:40:00Z","2026-09-01T15:30:00Z","SYNTHETIC","300","330","50","60"
"SIM-S0035-P7","SIM-S0035","SIM-S0035-MIX","MIX","MIX-2","Agitator_Speed","299.4778","rpm","2026-09-01T15:05:00Z","2026-09-01T14:40:00Z","2026-09-01T15:30:00Z","SYNTHETIC","300","330","50","60"
"SIM-S0035-P8","SIM-S0035","SIM-S0035-MIX","MIX","MIX-2","Agitator_Speed","298.8257","rpm","2026-09-01T15:25:00Z","2026-09-01T14:40:00Z","2026-09-01T15:30:00Z","SYNTHETIC","300","330","50","60"
"SIM-S0035-P9","SIM-S0035","SIM-S0035-FILTER","FILTER","MIX-2","Filter_DP","42.7412","kPa","2026-09-01T15:30:00Z","2026-09-01T15:30:00Z","2026-09-01T15:45:00Z","SYNTHETIC","40","80","15","20"
"SIM-S0035-P10","SIM-S0035","SIM-S0035-FILTER","FILTER","MIX-2","Filter_DP","44.0076","kPa","2026-09-01T15:36:00Z","2026-09-01T15:30:00Z","2026-09-01T15:45:00Z","SYNTHETIC","40","80","15","20"
"SIM-S0035-P11","SIM-S0035","SIM-S0035-FILTER","FILTER","MIX-2","Filter_DP","45.0428","kPa","2026-09-01T15:42:00Z","2026-09-01T15:30:00Z","2026-09-01T15:45:00Z","SYNTHETIC","40","80","15","20"
"SIM-S0036-P0","SIM-S0036","SIM-S0036-MIX","MIX","MIX-3","Temperature","25.5086","C","2026-09-01T14:40:00Z","2026-09-01T14:40:00Z","2026-09-01T15:30:00Z","SYNTHETIC","25","30","50","60"
"SIM-S0036-P1","SIM-S0036","SIM-S0036-MIX","MIX","MIX-3","Temperature","25.2024","C","2026-09-01T14:48:00Z","2026-09-01T14:40:00Z","2026-09-01T15:30:00Z","SYNTHETIC","25","30","50","60"
"SIM-S0036-P2","SIM-S0036","SIM-S0036-MIX","MIX","MIX-3","Temperature","25.6266","C","2026-09-01T14:56:00Z","2026-09-01T14:40:00Z","2026-09-01T15:30:00Z","SYNTHETIC","25","30","50","60"
"SIM-S0036-P3","SIM-S0036","SIM-S0036-MIX","MIX","MIX-3","Temperature","25.3639","C","2026-09-01T15:04:00Z","2026-09-01T14:40:00Z","2026-09-01T15:30:00Z","SYNTHETIC","25","30","50","60"
"SIM-S0036-P4","SIM-S0036","SIM-S0036-MIX","MIX","MIX-3","Temperature","25.3832","C","2026-09-01T15:12:00Z","2026-09-01T14:40:00Z","2026-09-01T15:30:00Z","SYNTHETIC","25","30","50","60"
"SIM-S0036-P5","SIM-S0036","SIM-S0036-MIX","MIX","MIX-3","Temperature","25.153","C","2026-09-01T15:20:00Z","2026-09-01T14:40:00Z","2026-09-01T15:30:00Z","SYNTHETIC","25","30","50","60"
"SIM-S0036-P6","SIM-S0036","SIM-S0036-MIX","MIX","MIX-3","Agitator_Speed","304.4584","rpm","2026-09-01T14:45:00Z","2026-09-01T14:40:00Z","2026-09-01T15:30:00Z","SYNTHETIC","300","330","50","60"
"SIM-S0036-P7","SIM-S0036","SIM-S0036-MIX","MIX","MIX-3","Agitator_Speed","302.7126","rpm","2026-09-01T15:05:00Z","2026-09-01T14:40:00Z","2026-09-01T15:30:00Z","SYNTHETIC","300","330","50","60"
"SIM-S0036-P8","SIM-S0036","SIM-S0036-MIX","MIX","MIX-3","Agitator_Speed","302.189","rpm","2026-09-01T15:25:00Z","2026-09-01T14:40:00Z","2026-09-01T15:30:00Z","SYNTHETIC","300","330","50","60"
"SIM-S0036-P9","SIM-S0036","SIM-S0036-FILTER","FILTER","MIX-3","Filter_DP","45.8448","kPa","2026-09-01T15:30:00Z","2026-09-01T15:30:00Z","2026-09-01T15:45:00Z","SYNTHETIC","40","80","15","20"
"SIM-S0036-P10","SIM-S0036","SIM-S0036-FILTER","FILTER","MIX-3","Filter_DP","45.8894","kPa","2026-09-01T15:36:00Z","2026-09-01T15:30:00Z","2026-09-01T15:45:00Z","SYNTHETIC","40","80","15","20"
"SIM-S0036-P11","SIM-S0036","SIM-S0036-FILTER","FILTER","MIX-3","Filter_DP","47.762","kPa","2026-09-01T15:42:00Z","2026-09-01T15:30:00Z","2026-09-01T15:45:00Z","SYNTHETIC","40","80","15","20"
"SIM-S0037-P0","SIM-S0037","SIM-S0037-MIX","MIX","MIX-1","Temperature","25.0121","C","2026-09-01T16:10:00Z","2026-09-01T16:10:00Z","2026-09-01T17:00:00Z","SYNTHETIC","25","30","50","60"
"SIM-S0037-P1","SIM-S0037","SIM-S0037-MIX","MIX","MIX-1","Temperature","24.9485","C","2026-09-01T16:18:00Z","2026-09-01T16:10:00Z","2026-09-01T17:00:00Z","SYNTHETIC","25","30","50","60"
"SIM-S0037-P2","SIM-S0037","SIM-S0037-MIX","MIX","MIX-1","Temperature","25.061","C","2026-09-01T16:26:00Z","2026-09-01T16:10:00Z","2026-09-01T17:00:00Z","SYNTHETIC","25","30","50","60"
"SIM-S0037-P3","SIM-S0037","SIM-S0037-MIX","MIX","MIX-1","Temperature","25.1683","C","2026-09-01T16:34:00Z","2026-09-01T16:10:00Z","2026-09-01T17:00:00Z","SYNTHETIC","25","30","50","60"
"SIM-S0037-P4","SIM-S0037","SIM-S0037-MIX","MIX","MIX-1","Temperature","25.0406","C","2026-09-01T16:42:00Z","2026-09-01T16:10:00Z","2026-09-01T17:00:00Z","SYNTHETIC","25","30","50","60"
"SIM-S0037-P5","SIM-S0037","SIM-S0037-MIX","MIX","MIX-1","Temperature","24.9012","C","2026-09-01T16:50:00Z","2026-09-01T16:10:00Z","2026-09-01T17:00:00Z","SYNTHETIC","25","30","50","60"
"SIM-S0037-P6","SIM-S0037","SIM-S0037-MIX","MIX","MIX-1","Agitator_Speed","298.8493","rpm","2026-09-01T16:15:00Z","2026-09-01T16:10:00Z","2026-09-01T17:00:00Z","SYNTHETIC","300","330","50","60"
"SIM-S0037-P7","SIM-S0037","SIM-S0037-MIX","MIX","MIX-1","Agitator_Speed","297.3153","rpm","2026-09-01T16:35:00Z","2026-09-01T16:10:00Z","2026-09-01T17:00:00Z","SYNTHETIC","300","330","50","60"
"SIM-S0037-P8","SIM-S0037","SIM-S0037-MIX","MIX","MIX-1","Agitator_Speed","298.1001","rpm","2026-09-01T16:55:00Z","2026-09-01T16:10:00Z","2026-09-01T17:00:00Z","SYNTHETIC","300","330","50","60"
"SIM-S0037-P9","SIM-S0037","SIM-S0037-FILTER","FILTER","MIX-1","Filter_DP","48.5771","kPa","2026-09-01T17:00:00Z","2026-09-01T17:00:00Z","2026-09-01T17:15:00Z","SYNTHETIC","40","80","15","20"
"SIM-S0037-P10","SIM-S0037","SIM-S0037-FILTER","FILTER","MIX-1","Filter_DP","48.4282","kPa","2026-09-01T17:06:00Z","2026-09-01T17:00:00Z","2026-09-01T17:15:00Z","SYNTHETIC","40","80","15","20"
"SIM-S0037-P11","SIM-S0037","SIM-S0037-FILTER","FILTER","MIX-1","Filter_DP","49.8881","kPa","2026-09-01T17:12:00Z","2026-09-01T17:00:00Z","2026-09-01T17:15:00Z","SYNTHETIC","40","80","15","20"
"SIM-S0038-P0","SIM-S0038","SIM-S0038-MIX","MIX","MIX-2","Temperature","25.8503","C","2026-09-01T16:10:00Z","2026-09-01T16:10:00Z","2026-09-01T17:00:00Z","SYNTHETIC","25","30","50","60"
"SIM-S0038-P1","SIM-S0038","SIM-S0038-MIX","MIX","MIX-2","Temperature","25.388","C","2026-09-01T16:18:00Z","2026-09-01T16:10:00Z","2026-09-01T17:00:00Z","SYNTHETIC","25","30","50","60"
"SIM-S0038-P2","SIM-S0038","SIM-S0038-MIX","MIX","MIX-2","Temperature","25.5866","C","2026-09-01T16:26:00Z","2026-09-01T16:10:00Z","2026-09-01T17:00:00Z","SYNTHETIC","25","30","50","60"
"SIM-S0038-P3","SIM-S0038","SIM-S0038-MIX","MIX","MIX-2","Temperature","25.5281","C","2026-09-01T16:34:00Z","2026-09-01T16:10:00Z","2026-09-01T17:00:00Z","SYNTHETIC","25","30","50","60"
"SIM-S0038-P4","SIM-S0038","SIM-S0038-MIX","MIX","MIX-2","Temperature","25.5788","C","2026-09-01T16:42:00Z","2026-09-01T16:10:00Z","2026-09-01T17:00:00Z","SYNTHETIC","25","30","50","60"
"SIM-S0038-P5","SIM-S0038","SIM-S0038-MIX","MIX","MIX-2","Temperature","25.7971","C","2026-09-01T16:50:00Z","2026-09-01T16:10:00Z","2026-09-01T17:00:00Z","SYNTHETIC","25","30","50","60"
"SIM-S0038-P6","SIM-S0038","SIM-S0038-MIX","MIX","MIX-2","Agitator_Speed","298.641","rpm","2026-09-01T16:15:00Z","2026-09-01T16:10:00Z","2026-09-01T17:00:00Z","SYNTHETIC","300","330","50","60"
"SIM-S0038-P7","SIM-S0038","SIM-S0038-MIX","MIX","MIX-2","Agitator_Speed","300.503","rpm","2026-09-01T16:35:00Z","2026-09-01T16:10:00Z","2026-09-01T17:00:00Z","SYNTHETIC","300","330","50","60"
"SIM-S0038-P8","SIM-S0038","SIM-S0038-MIX","MIX","MIX-2","Agitator_Speed","299.5809","rpm","2026-09-01T16:55:00Z","2026-09-01T16:10:00Z","2026-09-01T17:00:00Z","SYNTHETIC","300","330","50","60"
"SIM-S0038-P9","SIM-S0038","SIM-S0038-FILTER","FILTER","MIX-2","Filter_DP","46.1159","kPa","2026-09-01T17:00:00Z","2026-09-01T17:00:00Z","2026-09-01T17:15:00Z","SYNTHETIC","40","80","15","20"
"SIM-S0038-P10","SIM-S0038","SIM-S0038-FILTER","FILTER","MIX-2","Filter_DP","46.4809","kPa","2026-09-01T17:06:00Z","2026-09-01T17:00:00Z","2026-09-01T17:15:00Z","SYNTHETIC","40","80","15","20"
"SIM-S0038-P11","SIM-S0038","SIM-S0038-FILTER","FILTER","MIX-2","Filter_DP","47.9539","kPa","2026-09-01T17:12:00Z","2026-09-01T17:00:00Z","2026-09-01T17:15:00Z","SYNTHETIC","40","80","15","20"
"SIM-S0039-P0","SIM-S0039","SIM-S0039-MIX","MIX","MIX-3","Temperature","24.8823","C","2026-09-01T16:10:00Z","2026-09-01T16:10:00Z","2026-09-01T17:00:00Z","SYNTHETIC","25","30","50","60"
"SIM-S0039-P1","SIM-S0039","SIM-S0039-MIX","MIX","MIX-3","Temperature","24.7245","C","2026-09-01T16:18:00Z","2026-09-01T16:10:00Z","2026-09-01T17:00:00Z","SYNTHETIC","25","30","50","60"
"SIM-S0039-P2","SIM-S0039","SIM-S0039-MIX","MIX","MIX-3","Temperature","25.0095","C","2026-09-01T16:26:00Z","2026-09-01T16:10:00Z","2026-09-01T17:00:00Z","SYNTHETIC","25","30","50","60"
"SIM-S0039-P3","SIM-S0039","SIM-S0039-MIX","MIX","MIX-3","Temperature","25.1228","C","2026-09-01T16:34:00Z","2026-09-01T16:10:00Z","2026-09-01T17:00:00Z","SYNTHETIC","25","30","50","60"
"SIM-S0039-P4","SIM-S0039","SIM-S0039-MIX","MIX","MIX-3","Temperature","24.5666","C","2026-09-01T16:42:00Z","2026-09-01T16:10:00Z","2026-09-01T17:00:00Z","SYNTHETIC","25","30","50","60"
"SIM-S0039-P5","SIM-S0039","SIM-S0039-MIX","MIX","MIX-3","Temperature","25.0402","C","2026-09-01T16:50:00Z","2026-09-01T16:10:00Z","2026-09-01T17:00:00Z","SYNTHETIC","25","30","50","60"
"SIM-S0039-P6","SIM-S0039","SIM-S0039-MIX","MIX","MIX-3","Agitator_Speed","302.5644","rpm","2026-09-01T16:15:00Z","2026-09-01T16:10:00Z","2026-09-01T17:00:00Z","SYNTHETIC","300","330","50","60"
"SIM-S0039-P7","SIM-S0039","SIM-S0039-MIX","MIX","MIX-3","Agitator_Speed","302.803","rpm","2026-09-01T16:35:00Z","2026-09-01T16:10:00Z","2026-09-01T17:00:00Z","SYNTHETIC","300","330","50","60"
"SIM-S0039-P8","SIM-S0039","SIM-S0039-MIX","MIX","MIX-3","Agitator_Speed","302.7769","rpm","2026-09-01T16:55:00Z","2026-09-01T16:10:00Z","2026-09-01T17:00:00Z","SYNTHETIC","300","330","50","60"
"SIM-S0039-P9","SIM-S0039","SIM-S0039-FILTER","FILTER","MIX-3","Filter_DP","45.255","kPa","2026-09-01T17:00:00Z","2026-09-01T17:00:00Z","2026-09-01T17:15:00Z","SYNTHETIC","40","80","15","20"
"SIM-S0039-P10","SIM-S0039","SIM-S0039-FILTER","FILTER","MIX-3","Filter_DP","46.7882","kPa","2026-09-01T17:06:00Z","2026-09-01T17:00:00Z","2026-09-01T17:15:00Z","SYNTHETIC","40","80","15","20"
"SIM-S0039-P11","SIM-S0039","SIM-S0039-FILTER","FILTER","MIX-3","Filter_DP","48.5042","kPa","2026-09-01T17:12:00Z","2026-09-01T17:00:00Z","2026-09-01T17:15:00Z","SYNTHETIC","40","80","15","20"
"SIM-S0040-P0","SIM-S0040","SIM-S0040-MIX","MIX","MIX-1","Temperature","25.0918","C","2026-09-01T17:40:00Z","2026-09-01T17:40:00Z","2026-09-01T18:30:00Z","SYNTHETIC","25","30","50","60"
"SIM-S0040-P1","SIM-S0040","SIM-S0040-MIX","MIX","MIX-1","Temperature","25.3308","C","2026-09-01T17:48:00Z","2026-09-01T17:40:00Z","2026-09-01T18:30:00Z","SYNTHETIC","25","30","50","60"
"SIM-S0040-P2","SIM-S0040","SIM-S0040-MIX","MIX","MIX-1","Temperature","25.3175","C","2026-09-01T17:56:00Z","2026-09-01T17:40:00Z","2026-09-01T18:30:00Z","SYNTHETIC","25","30","50","60"
"SIM-S0040-P3","SIM-S0040","SIM-S0040-MIX","MIX","MIX-1","Temperature","25.2442","C","2026-09-01T18:04:00Z","2026-09-01T17:40:00Z","2026-09-01T18:30:00Z","SYNTHETIC","25","30","50","60"
"SIM-S0040-P4","SIM-S0040","SIM-S0040-MIX","MIX","MIX-1","Temperature","25.1347","C","2026-09-01T18:12:00Z","2026-09-01T17:40:00Z","2026-09-01T18:30:00Z","SYNTHETIC","25","30","50","60"
"SIM-S0040-P5","SIM-S0040","SIM-S0040-MIX","MIX","MIX-1","Temperature","25.179","C","2026-09-01T18:20:00Z","2026-09-01T17:40:00Z","2026-09-01T18:30:00Z","SYNTHETIC","25","30","50","60"
"SIM-S0040-P6","SIM-S0040","SIM-S0040-MIX","MIX","MIX-1","Agitator_Speed","304.1911","rpm","2026-09-01T17:45:00Z","2026-09-01T17:40:00Z","2026-09-01T18:30:00Z","SYNTHETIC","300","330","50","60"
"SIM-S0040-P7","SIM-S0040","SIM-S0040-MIX","MIX","MIX-1","Agitator_Speed","304.5451","rpm","2026-09-01T18:05:00Z","2026-09-01T17:40:00Z","2026-09-01T18:30:00Z","SYNTHETIC","300","330","50","60"
"SIM-S0040-P8","SIM-S0040","SIM-S0040-MIX","MIX","MIX-1","Agitator_Speed","306.9905","rpm","2026-09-01T18:25:00Z","2026-09-01T17:40:00Z","2026-09-01T18:30:00Z","SYNTHETIC","300","330","50","60"
"SIM-S0040-P9","SIM-S0040","SIM-S0040-FILTER","FILTER","MIX-1","Filter_DP","51.041","kPa","2026-09-01T18:30:00Z","2026-09-01T18:30:00Z","2026-09-01T18:45:00Z","SYNTHETIC","40","80","15","20"
"SIM-S0040-P10","SIM-S0040","SIM-S0040-FILTER","FILTER","MIX-1","Filter_DP","52.3128","kPa","2026-09-01T18:36:00Z","2026-09-01T18:30:00Z","2026-09-01T18:45:00Z","SYNTHETIC","40","80","15","20"
"SIM-S0040-P11","SIM-S0040","SIM-S0040-FILTER","FILTER","MIX-1","Filter_DP","53.5972","kPa","2026-09-01T18:42:00Z","2026-09-01T18:30:00Z","2026-09-01T18:45:00Z","SYNTHETIC","40","80","15","20"
"SIM-S0041-P0","SIM-S0041","SIM-S0041-MIX","MIX","MIX-2","Temperature","25.2706","C","2026-09-01T17:40:00Z","2026-09-01T17:40:00Z","2026-09-01T18:30:00Z","SYNTHETIC","25","30","50","60"
"SIM-S0041-P1","SIM-S0041","SIM-S0041-MIX","MIX","MIX-2","Temperature","25.4015","C","2026-09-01T17:48:00Z","2026-09-01T17:40:00Z","2026-09-01T18:30:00Z","SYNTHETIC","25","30","50","60"
"SIM-S0041-P2","SIM-S0041","SIM-S0041-MIX","MIX","MIX-2","Temperature","25.3778","C","2026-09-01T17:56:00Z","2026-09-01T17:40:00Z","2026-09-01T18:30:00Z","SYNTHETIC","25","30","50","60"
"SIM-S0041-P3","SIM-S0041","SIM-S0041-MIX","MIX","MIX-2","Temperature","25.4736","C","2026-09-01T18:04:00Z","2026-09-01T17:40:00Z","2026-09-01T18:30:00Z","SYNTHETIC","25","30","50","60"
"SIM-S0041-P4","SIM-S0041","SIM-S0041-MIX","MIX","MIX-2","Temperature","25.4192","C","2026-09-01T18:12:00Z","2026-09-01T17:40:00Z","2026-09-01T18:30:00Z","SYNTHETIC","25","30","50","60"
"SIM-S0041-P5","SIM-S0041","SIM-S0041-MIX","MIX","MIX-2","Temperature","25.1958","C","2026-09-01T18:20:00Z","2026-09-01T17:40:00Z","2026-09-01T18:30:00Z","SYNTHETIC","25","30","50","60"
"SIM-S0041-P6","SIM-S0041","SIM-S0041-MIX","MIX","MIX-2","Agitator_Speed","297.9933","rpm","2026-09-01T17:45:00Z","2026-09-01T17:40:00Z","2026-09-01T18:30:00Z","SYNTHETIC","300","330","50","60"
"SIM-S0041-P7","SIM-S0041","SIM-S0041-MIX","MIX","MIX-2","Agitator_Speed","299.3806","rpm","2026-09-01T18:05:00Z","2026-09-01T17:40:00Z","2026-09-01T18:30:00Z","SYNTHETIC","300","330","50","60"
"SIM-S0041-P8","SIM-S0041","SIM-S0041-MIX","MIX","MIX-2","Agitator_Speed","296.8001","rpm","2026-09-01T18:25:00Z","2026-09-01T17:40:00Z","2026-09-01T18:30:00Z","SYNTHETIC","300","330","50","60"
"SIM-S0041-P9","SIM-S0041","SIM-S0041-FILTER","FILTER","MIX-2","Filter_DP","49.5094","kPa","2026-09-01T18:30:00Z","2026-09-01T18:30:00Z","2026-09-01T18:45:00Z","SYNTHETIC","40","80","15","20"
"SIM-S0041-P10","SIM-S0041","SIM-S0041-FILTER","FILTER","MIX-2","Filter_DP","49.9048","kPa","2026-09-01T18:36:00Z","2026-09-01T18:30:00Z","2026-09-01T18:45:00Z","SYNTHETIC","40","80","15","20"
"SIM-S0041-P11","SIM-S0041","SIM-S0041-FILTER","FILTER","MIX-2","Filter_DP","51.2803","kPa","2026-09-01T18:42:00Z","2026-09-01T18:30:00Z","2026-09-01T18:45:00Z","SYNTHETIC","40","80","15","20"
"SIM-S0042-P0","SIM-S0042","SIM-S0042-MIX","MIX","MIX-3","Temperature","25.2666","C","2026-09-01T17:40:00Z","2026-09-01T17:40:00Z","2026-09-01T18:30:00Z","SYNTHETIC","25","30","50","60"
"SIM-S0042-P1","SIM-S0042","SIM-S0042-MIX","MIX","MIX-3","Temperature","25.3786","C","2026-09-01T17:48:00Z","2026-09-01T17:40:00Z","2026-09-01T18:30:00Z","SYNTHETIC","25","30","50","60"
"SIM-S0042-P2","SIM-S0042","SIM-S0042-MIX","MIX","MIX-3","Temperature","24.9958","C","2026-09-01T17:56:00Z","2026-09-01T17:40:00Z","2026-09-01T18:30:00Z","SYNTHETIC","25","30","50","60"
"SIM-S0042-P3","SIM-S0042","SIM-S0042-MIX","MIX","MIX-3","Temperature","25.1165","C","2026-09-01T18:04:00Z","2026-09-01T17:40:00Z","2026-09-01T18:30:00Z","SYNTHETIC","25","30","50","60"
"SIM-S0042-P4","SIM-S0042","SIM-S0042-MIX","MIX","MIX-3","Temperature","25.0274","C","2026-09-01T18:12:00Z","2026-09-01T17:40:00Z","2026-09-01T18:30:00Z","SYNTHETIC","25","30","50","60"
"SIM-S0042-P5","SIM-S0042","SIM-S0042-MIX","MIX","MIX-3","Temperature","25.2075","C","2026-09-01T18:20:00Z","2026-09-01T17:40:00Z","2026-09-01T18:30:00Z","SYNTHETIC","25","30","50","60"
"SIM-S0042-P6","SIM-S0042","SIM-S0042-MIX","MIX","MIX-3","Agitator_Speed","300.686","rpm","2026-09-01T17:45:00Z","2026-09-01T17:40:00Z","2026-09-01T18:30:00Z","SYNTHETIC","300","330","50","60"
"SIM-S0042-P7","SIM-S0042","SIM-S0042-MIX","MIX","MIX-3","Agitator_Speed","301.2807","rpm","2026-09-01T18:05:00Z","2026-09-01T17:40:00Z","2026-09-01T18:30:00Z","SYNTHETIC","300","330","50","60"
"SIM-S0042-P8","SIM-S0042","SIM-S0042-MIX","MIX","MIX-3","Agitator_Speed","302.458","rpm","2026-09-01T18:25:00Z","2026-09-01T17:40:00Z","2026-09-01T18:30:00Z","SYNTHETIC","300","330","50","60"
"SIM-S0042-P9","SIM-S0042","SIM-S0042-FILTER","FILTER","MIX-3","Filter_DP","48.7428","kPa","2026-09-01T18:30:00Z","2026-09-01T18:30:00Z","2026-09-01T18:45:00Z","SYNTHETIC","40","80","15","20"
"SIM-S0042-P10","SIM-S0042","SIM-S0042-FILTER","FILTER","MIX-3","Filter_DP","49.9446","kPa","2026-09-01T18:36:00Z","2026-09-01T18:30:00Z","2026-09-01T18:45:00Z","SYNTHETIC","40","80","15","20"
"SIM-S0042-P11","SIM-S0042","SIM-S0042-FILTER","FILTER","MIX-3","Filter_DP","50.5571","kPa","2026-09-01T18:42:00Z","2026-09-01T18:30:00Z","2026-09-01T18:45:00Z","SYNTHETIC","40","80","15","20"
"SIM-S0043-P0","SIM-S0043","SIM-S0043-MIX","MIX","MIX-1","Temperature","26.3597","C","2026-09-01T19:10:00Z","2026-09-01T19:10:00Z","2026-09-01T20:00:00Z","SYNTHETIC","25","30","50","60"
"SIM-S0043-P1","SIM-S0043","SIM-S0043-MIX","MIX","MIX-1","Temperature","25.7984","C","2026-09-01T19:18:00Z","2026-09-01T19:10:00Z","2026-09-01T20:00:00Z","SYNTHETIC","25","30","50","60"
"SIM-S0043-P2","SIM-S0043","SIM-S0043-MIX","MIX","MIX-1","Temperature","26.2138","C","2026-09-01T19:26:00Z","2026-09-01T19:10:00Z","2026-09-01T20:00:00Z","SYNTHETIC","25","30","50","60"
"SIM-S0043-P3","SIM-S0043","SIM-S0043-MIX","MIX","MIX-1","Temperature","25.7551","C","2026-09-01T19:34:00Z","2026-09-01T19:10:00Z","2026-09-01T20:00:00Z","SYNTHETIC","25","30","50","60"
"SIM-S0043-P4","SIM-S0043","SIM-S0043-MIX","MIX","MIX-1","Temperature","25.7818","C","2026-09-01T19:42:00Z","2026-09-01T19:10:00Z","2026-09-01T20:00:00Z","SYNTHETIC","25","30","50","60"
"SIM-S0043-P5","SIM-S0043","SIM-S0043-MIX","MIX","MIX-1","Temperature","25.9271","C","2026-09-01T19:50:00Z","2026-09-01T19:10:00Z","2026-09-01T20:00:00Z","SYNTHETIC","25","30","50","60"
"SIM-S0043-P6","SIM-S0043","SIM-S0043-MIX","MIX","MIX-1","Agitator_Speed","298.6523","rpm","2026-09-01T19:15:00Z","2026-09-01T19:10:00Z","2026-09-01T20:00:00Z","SYNTHETIC","300","330","50","60"
"SIM-S0043-P7","SIM-S0043","SIM-S0043-MIX","MIX","MIX-1","Agitator_Speed","298.8021","rpm","2026-09-01T19:35:00Z","2026-09-01T19:10:00Z","2026-09-01T20:00:00Z","SYNTHETIC","300","330","50","60"
"SIM-S0043-P8","SIM-S0043","SIM-S0043-MIX","MIX","MIX-1","Agitator_Speed","300.1859","rpm","2026-09-01T19:55:00Z","2026-09-01T19:10:00Z","2026-09-01T20:00:00Z","SYNTHETIC","300","330","50","60"
"SIM-S0043-P9","SIM-S0043","SIM-S0043-FILTER","FILTER","MIX-1","Filter_DP","52.7288","kPa","2026-09-01T20:00:00Z","2026-09-01T20:00:00Z","2026-09-01T20:15:00Z","SYNTHETIC","40","80","15","20"
"SIM-S0043-P10","SIM-S0043","SIM-S0043-FILTER","FILTER","MIX-1","Filter_DP","52.7807","kPa","2026-09-01T20:06:00Z","2026-09-01T20:00:00Z","2026-09-01T20:15:00Z","SYNTHETIC","40","80","15","20"
"SIM-S0043-P11","SIM-S0043","SIM-S0043-FILTER","FILTER","MIX-1","Filter_DP","54.4201","kPa","2026-09-01T20:12:00Z","2026-09-01T20:00:00Z","2026-09-01T20:15:00Z","SYNTHETIC","40","80","15","20"
"SIM-S0044-P0","SIM-S0044","SIM-S0044-MIX","MIX","MIX-2","Temperature","24.4872","C","2026-09-01T19:10:00Z","2026-09-01T19:10:00Z","2026-09-01T20:00:00Z","SYNTHETIC","25","30","50","60"
"SIM-S0044-P1","SIM-S0044","SIM-S0044-MIX","MIX","MIX-2","Temperature","24.3927","C","2026-09-01T19:18:00Z","2026-09-01T19:10:00Z","2026-09-01T20:00:00Z","SYNTHETIC","25","30","50","60"
"SIM-S0044-P2","SIM-S0044","SIM-S0044-MIX","MIX","MIX-2","Temperature","24.3944","C","2026-09-01T19:26:00Z","2026-09-01T19:10:00Z","2026-09-01T20:00:00Z","SYNTHETIC","25","30","50","60"
"SIM-S0044-P3","SIM-S0044","SIM-S0044-MIX","MIX","MIX-2","Temperature","24.5609","C","2026-09-01T19:34:00Z","2026-09-01T19:10:00Z","2026-09-01T20:00:00Z","SYNTHETIC","25","30","50","60"
"SIM-S0044-P4","SIM-S0044","SIM-S0044-MIX","MIX","MIX-2","Temperature","24.3344","C","2026-09-01T19:42:00Z","2026-09-01T19:10:00Z","2026-09-01T20:00:00Z","SYNTHETIC","25","30","50","60"
"SIM-S0044-P5","SIM-S0044","SIM-S0044-MIX","MIX","MIX-2","Temperature","24.5967","C","2026-09-01T19:50:00Z","2026-09-01T19:10:00Z","2026-09-01T20:00:00Z","SYNTHETIC","25","30","50","60"
"SIM-S0044-P6","SIM-S0044","SIM-S0044-MIX","MIX","MIX-2","Agitator_Speed","307.9678","rpm","2026-09-01T19:15:00Z","2026-09-01T19:10:00Z","2026-09-01T20:00:00Z","SYNTHETIC","300","330","50","60"
"SIM-S0044-P7","SIM-S0044","SIM-S0044-MIX","MIX","MIX-2","Agitator_Speed","306.1504","rpm","2026-09-01T19:35:00Z","2026-09-01T19:10:00Z","2026-09-01T20:00:00Z","SYNTHETIC","300","330","50","60"
"SIM-S0044-P8","SIM-S0044","SIM-S0044-MIX","MIX","MIX-2","Agitator_Speed","306.9947","rpm","2026-09-01T19:55:00Z","2026-09-01T19:10:00Z","2026-09-01T20:00:00Z","SYNTHETIC","300","330","50","60"
"SIM-S0044-P9","SIM-S0044","SIM-S0044-FILTER","FILTER","MIX-2","Filter_DP","56.4557","kPa","2026-09-01T20:00:00Z","2026-09-01T20:00:00Z","2026-09-01T20:15:00Z","SYNTHETIC","40","80","15","20"
"SIM-S0044-P10","SIM-S0044","SIM-S0044-FILTER","FILTER","MIX-2","Filter_DP","56.7977","kPa","2026-09-01T20:06:00Z","2026-09-01T20:00:00Z","2026-09-01T20:15:00Z","SYNTHETIC","40","80","15","20"
"SIM-S0044-P11","SIM-S0044","SIM-S0044-FILTER","FILTER","MIX-2","Filter_DP","58.1155","kPa","2026-09-01T20:12:00Z","2026-09-01T20:00:00Z","2026-09-01T20:15:00Z","SYNTHETIC","40","80","15","20"
"SIM-S0045-P0","SIM-S0045","SIM-S0045-MIX","MIX","MIX-3","Temperature","25.4864","C","2026-09-01T19:10:00Z","2026-09-01T19:10:00Z","2026-09-01T20:00:00Z","SYNTHETIC","25","30","50","60"
"SIM-S0045-P1","SIM-S0045","SIM-S0045-MIX","MIX","MIX-3","Temperature","25.4428","C","2026-09-01T19:18:00Z","2026-09-01T19:10:00Z","2026-09-01T20:00:00Z","SYNTHETIC","25","30","50","60"
"SIM-S0045-P2","SIM-S0045","SIM-S0045-MIX","MIX","MIX-3","Temperature","25.5034","C","2026-09-01T19:26:00Z","2026-09-01T19:10:00Z","2026-09-01T20:00:00Z","SYNTHETIC","25","30","50","60"
"SIM-S0045-P3","SIM-S0045","SIM-S0045-MIX","MIX","MIX-3","Temperature","25.6879","C","2026-09-01T19:34:00Z","2026-09-01T19:10:00Z","2026-09-01T20:00:00Z","SYNTHETIC","25","30","50","60"
"SIM-S0045-P4","SIM-S0045","SIM-S0045-MIX","MIX","MIX-3","Temperature","25.359","C","2026-09-01T19:42:00Z","2026-09-01T19:10:00Z","2026-09-01T20:00:00Z","SYNTHETIC","25","30","50","60"
"SIM-S0045-P5","SIM-S0045","SIM-S0045-MIX","MIX","MIX-3","Temperature","25.659","C","2026-09-01T19:50:00Z","2026-09-01T19:10:00Z","2026-09-01T20:00:00Z","SYNTHETIC","25","30","50","60"
"SIM-S0045-P6","SIM-S0045","SIM-S0045-MIX","MIX","MIX-3","Agitator_Speed","300.854","rpm","2026-09-01T19:15:00Z","2026-09-01T19:10:00Z","2026-09-01T20:00:00Z","SYNTHETIC","300","330","50","60"
"SIM-S0045-P7","SIM-S0045","SIM-S0045-MIX","MIX","MIX-3","Agitator_Speed","300.9537","rpm","2026-09-01T19:35:00Z","2026-09-01T19:10:00Z","2026-09-01T20:00:00Z","SYNTHETIC","300","330","50","60"
"SIM-S0045-P8","SIM-S0045","SIM-S0045-MIX","MIX","MIX-3","Agitator_Speed","300.8113","rpm","2026-09-01T19:55:00Z","2026-09-01T19:10:00Z","2026-09-01T20:00:00Z","SYNTHETIC","300","330","50","60"
"SIM-S0045-P9","SIM-S0045","SIM-S0045-FILTER","FILTER","MIX-3","Filter_DP","52.4665","kPa","2026-09-01T20:00:00Z","2026-09-01T20:00:00Z","2026-09-01T20:15:00Z","SYNTHETIC","40","80","15","20"
"SIM-S0045-P10","SIM-S0045","SIM-S0045-FILTER","FILTER","MIX-3","Filter_DP","52.954","kPa","2026-09-01T20:06:00Z","2026-09-01T20:00:00Z","2026-09-01T20:15:00Z","SYNTHETIC","40","80","15","20"
"SIM-S0045-P11","SIM-S0045","SIM-S0045-FILTER","FILTER","MIX-3","Filter_DP","53.5739","kPa","2026-09-01T20:12:00Z","2026-09-01T20:00:00Z","2026-09-01T20:15:00Z","SYNTHETIC","40","80","15","20"
"SIM-S0046-P0","SIM-S0046","SIM-S0046-MIX","MIX","MIX-1","Temperature","24.8798","C","2026-09-01T20:40:00Z","2026-09-01T20:40:00Z","2026-09-01T21:30:00Z","SYNTHETIC","25","30","50","60"
"SIM-S0046-P1","SIM-S0046","SIM-S0046-MIX","MIX","MIX-1","Temperature","24.8351","C","2026-09-01T20:48:00Z","2026-09-01T20:40:00Z","2026-09-01T21:30:00Z","SYNTHETIC","25","30","50","60"
"SIM-S0046-P2","SIM-S0046","SIM-S0046-MIX","MIX","MIX-1","Temperature","24.8049","C","2026-09-01T20:56:00Z","2026-09-01T20:40:00Z","2026-09-01T21:30:00Z","SYNTHETIC","25","30","50","60"
"SIM-S0046-P3","SIM-S0046","SIM-S0046-MIX","MIX","MIX-1","Temperature","24.8649","C","2026-09-01T21:04:00Z","2026-09-01T20:40:00Z","2026-09-01T21:30:00Z","SYNTHETIC","25","30","50","60"
"SIM-S0046-P4","SIM-S0046","SIM-S0046-MIX","MIX","MIX-1","Temperature","24.7794","C","2026-09-01T21:12:00Z","2026-09-01T20:40:00Z","2026-09-01T21:30:00Z","SYNTHETIC","25","30","50","60"
"SIM-S0046-P5","SIM-S0046","SIM-S0046-MIX","MIX","MIX-1","Temperature","25.0465","C","2026-09-01T21:20:00Z","2026-09-01T20:40:00Z","2026-09-01T21:30:00Z","SYNTHETIC","25","30","50","60"
"SIM-S0046-P6","SIM-S0046","SIM-S0046-MIX","MIX","MIX-1","Agitator_Speed","301.9074","rpm","2026-09-01T20:45:00Z","2026-09-01T20:40:00Z","2026-09-01T21:30:00Z","SYNTHETIC","300","330","50","60"
"SIM-S0046-P7","SIM-S0046","SIM-S0046-MIX","MIX","MIX-1","Agitator_Speed","297.0341","rpm","2026-09-01T21:05:00Z","2026-09-01T20:40:00Z","2026-09-01T21:30:00Z","SYNTHETIC","300","330","50","60"
"SIM-S0046-P8","SIM-S0046","SIM-S0046-MIX","MIX","MIX-1","Agitator_Speed","301.9798","rpm","2026-09-01T21:25:00Z","2026-09-01T20:40:00Z","2026-09-01T21:30:00Z","SYNTHETIC","300","330","50","60"
"SIM-S0046-P9","SIM-S0046","SIM-S0046-FILTER","FILTER","MIX-1","Filter_DP","56.8884","kPa","2026-09-01T21:30:00Z","2026-09-01T21:30:00Z","2026-09-01T21:45:00Z","SYNTHETIC","40","80","15","20"
"SIM-S0046-P10","SIM-S0046","SIM-S0046-FILTER","FILTER","MIX-1","Filter_DP","57.5826","kPa","2026-09-01T21:36:00Z","2026-09-01T21:30:00Z","2026-09-01T21:45:00Z","SYNTHETIC","40","80","15","20"
"SIM-S0046-P11","SIM-S0046","SIM-S0046-FILTER","FILTER","MIX-1","Filter_DP","58.6445","kPa","2026-09-01T21:42:00Z","2026-09-01T21:30:00Z","2026-09-01T21:45:00Z","SYNTHETIC","40","80","15","20"
"SIM-S0047-P0","SIM-S0047","SIM-S0047-MIX","MIX","MIX-2","Temperature","25.3281","C","2026-09-01T20:40:00Z","2026-09-01T20:40:00Z","2026-09-01T21:30:00Z","SYNTHETIC","25","30","50","60"
"SIM-S0047-P1","SIM-S0047","SIM-S0047-MIX","MIX","MIX-2","Temperature","25.308","C","2026-09-01T20:48:00Z","2026-09-01T20:40:00Z","2026-09-01T21:30:00Z","SYNTHETIC","25","30","50","60"
"SIM-S0047-P2","SIM-S0047","SIM-S0047-MIX","MIX","MIX-2","Temperature","25.3057","C","2026-09-01T20:56:00Z","2026-09-01T20:40:00Z","2026-09-01T21:30:00Z","SYNTHETIC","25","30","50","60"
"SIM-S0047-P3","SIM-S0047","SIM-S0047-MIX","MIX","MIX-2","Temperature","25.3464","C","2026-09-01T21:04:00Z","2026-09-01T20:40:00Z","2026-09-01T21:30:00Z","SYNTHETIC","25","30","50","60"
"SIM-S0047-P4","SIM-S0047","SIM-S0047-MIX","MIX","MIX-2","Temperature","25.3229","C","2026-09-01T21:12:00Z","2026-09-01T20:40:00Z","2026-09-01T21:30:00Z","SYNTHETIC","25","30","50","60"
"SIM-S0047-P5","SIM-S0047","SIM-S0047-MIX","MIX","MIX-2","Temperature","25.4136","C","2026-09-01T21:20:00Z","2026-09-01T20:40:00Z","2026-09-01T21:30:00Z","SYNTHETIC","25","30","50","60"
"SIM-S0047-P6","SIM-S0047","SIM-S0047-MIX","MIX","MIX-2","Agitator_Speed","301.21","rpm","2026-09-01T20:45:00Z","2026-09-01T20:40:00Z","2026-09-01T21:30:00Z","SYNTHETIC","300","330","50","60"
"SIM-S0047-P7","SIM-S0047","SIM-S0047-MIX","MIX","MIX-2","Agitator_Speed","298.9503","rpm","2026-09-01T21:05:00Z","2026-09-01T20:40:00Z","2026-09-01T21:30:00Z","SYNTHETIC","300","330","50","60"
"SIM-S0047-P8","SIM-S0047","SIM-S0047-MIX","MIX","MIX-2","Agitator_Speed","300.2905","rpm","2026-09-01T21:25:00Z","2026-09-01T20:40:00Z","2026-09-01T21:30:00Z","SYNTHETIC","300","330","50","60"
"SIM-S0047-P9","SIM-S0047","SIM-S0047-FILTER","FILTER","MIX-2","Filter_DP","57.2607","kPa","2026-09-01T21:30:00Z","2026-09-01T21:30:00Z","2026-09-01T21:45:00Z","SYNTHETIC","40","80","15","20"
"SIM-S0047-P10","SIM-S0047","SIM-S0047-FILTER","FILTER","MIX-2","Filter_DP","57.5187","kPa","2026-09-01T21:36:00Z","2026-09-01T21:30:00Z","2026-09-01T21:45:00Z","SYNTHETIC","40","80","15","20"
"SIM-S0047-P11","SIM-S0047","SIM-S0047-FILTER","FILTER","MIX-2","Filter_DP","58.4356","kPa","2026-09-01T21:42:00Z","2026-09-01T21:30:00Z","2026-09-01T21:45:00Z","SYNTHETIC","40","80","15","20"
"SIM-S0048-P0","SIM-S0048","SIM-S0048-MIX","MIX","MIX-3","Temperature","25.2533","C","2026-09-01T20:40:00Z","2026-09-01T20:40:00Z","2026-09-01T21:30:00Z","SYNTHETIC","25","30","50","60"
"SIM-S0048-P1","SIM-S0048","SIM-S0048-MIX","MIX","MIX-3","Temperature","25.3826","C","2026-09-01T20:48:00Z","2026-09-01T20:40:00Z","2026-09-01T21:30:00Z","SYNTHETIC","25","30","50","60"
"SIM-S0048-P2","SIM-S0048","SIM-S0048-MIX","MIX","MIX-3","Temperature","25.1948","C","2026-09-01T20:56:00Z","2026-09-01T20:40:00Z","2026-09-01T21:30:00Z","SYNTHETIC","25","30","50","60"
"SIM-S0048-P3","SIM-S0048","SIM-S0048-MIX","MIX","MIX-3","Temperature","25.3568","C","2026-09-01T21:04:00Z","2026-09-01T20:40:00Z","2026-09-01T21:30:00Z","SYNTHETIC","25","30","50","60"
"SIM-S0048-P4","SIM-S0048","SIM-S0048-MIX","MIX","MIX-3","Temperature","25.3241","C","2026-09-01T21:12:00Z","2026-09-01T20:40:00Z","2026-09-01T21:30:00Z","SYNTHETIC","25","30","50","60"
"SIM-S0048-P5","SIM-S0048","SIM-S0048-MIX","MIX","MIX-3","Temperature","25.0897","C","2026-09-01T21:20:00Z","2026-09-01T20:40:00Z","2026-09-01T21:30:00Z","SYNTHETIC","25","30","50","60"
"SIM-S0048-P6","SIM-S0048","SIM-S0048-MIX","MIX","MIX-3","Agitator_Speed","306.0545","rpm","2026-09-01T20:45:00Z","2026-09-01T20:40:00Z","2026-09-01T21:30:00Z","SYNTHETIC","300","330","50","60"
"SIM-S0048-P7","SIM-S0048","SIM-S0048-MIX","MIX","MIX-3","Agitator_Speed","304.3417","rpm","2026-09-01T21:05:00Z","2026-09-01T20:40:00Z","2026-09-01T21:30:00Z","SYNTHETIC","300","330","50","60"
"SIM-S0048-P8","SIM-S0048","SIM-S0048-MIX","MIX","MIX-3","Agitator_Speed","302.2588","rpm","2026-09-01T21:25:00Z","2026-09-01T20:40:00Z","2026-09-01T21:30:00Z","SYNTHETIC","300","330","50","60"
"SIM-S0048-P9","SIM-S0048","SIM-S0048-FILTER","FILTER","MIX-3","Filter_DP","58.8629","kPa","2026-09-01T21:30:00Z","2026-09-01T21:30:00Z","2026-09-01T21:45:00Z","SYNTHETIC","40","80","15","20"
"SIM-S0048-P10","SIM-S0048","SIM-S0048-FILTER","FILTER","MIX-3","Filter_DP","59.8151","kPa","2026-09-01T21:36:00Z","2026-09-01T21:30:00Z","2026-09-01T21:45:00Z","SYNTHETIC","40","80","15","20"
"SIM-S0048-P11","SIM-S0048","SIM-S0048-FILTER","FILTER","MIX-3","Filter_DP","61.4072","kPa","2026-09-01T21:42:00Z","2026-09-01T21:30:00Z","2026-09-01T21:45:00Z","SYNTHETIC","40","80","15","20"
"SIM-S0049-P0","SIM-S0049","SIM-S0049-MIX","MIX","MIX-1","Temperature","25.6285","C","2026-09-01T22:10:00Z","2026-09-01T22:10:00Z","2026-09-01T23:00:00Z","SYNTHETIC","25","30","50","60"
"SIM-S0049-P1","SIM-S0049","SIM-S0049-MIX","MIX","MIX-1","Temperature","25.795","C","2026-09-01T22:18:00Z","2026-09-01T22:10:00Z","2026-09-01T23:00:00Z","SYNTHETIC","25","30","50","60"
"SIM-S0049-P2","SIM-S0049","SIM-S0049-MIX","MIX","MIX-1","Temperature","25.7925","C","2026-09-01T22:26:00Z","2026-09-01T22:10:00Z","2026-09-01T23:00:00Z","SYNTHETIC","25","30","50","60"
"SIM-S0049-P3","SIM-S0049","SIM-S0049-MIX","MIX","MIX-1","Temperature","25.8039","C","2026-09-01T22:34:00Z","2026-09-01T22:10:00Z","2026-09-01T23:00:00Z","SYNTHETIC","25","30","50","60"
"SIM-S0049-P4","SIM-S0049","SIM-S0049-MIX","MIX","MIX-1","Temperature","25.7871","C","2026-09-01T22:42:00Z","2026-09-01T22:10:00Z","2026-09-01T23:00:00Z","SYNTHETIC","25","30","50","60"
"SIM-S0049-P5","SIM-S0049","SIM-S0049-MIX","MIX","MIX-1","Temperature","25.9872","C","2026-09-01T22:50:00Z","2026-09-01T22:10:00Z","2026-09-01T23:00:00Z","SYNTHETIC","25","30","50","60"
"SIM-S0049-P6","SIM-S0049","SIM-S0049-MIX","MIX","MIX-1","Agitator_Speed","297.2619","rpm","2026-09-01T22:15:00Z","2026-09-01T22:10:00Z","2026-09-01T23:00:00Z","SYNTHETIC","300","330","50","60"
"SIM-S0049-P7","SIM-S0049","SIM-S0049-MIX","MIX","MIX-1","Agitator_Speed","295.1696","rpm","2026-09-01T22:35:00Z","2026-09-01T22:10:00Z","2026-09-01T23:00:00Z","SYNTHETIC","300","330","50","60"
"SIM-S0049-P8","SIM-S0049","SIM-S0049-MIX","MIX","MIX-1","Agitator_Speed","296.3843","rpm","2026-09-01T22:55:00Z","2026-09-01T22:10:00Z","2026-09-01T23:00:00Z","SYNTHETIC","300","330","50","60"
"SIM-S0049-P9","SIM-S0049","SIM-S0049-FILTER","FILTER","MIX-1","Filter_DP","34.6877","kPa","2026-09-01T23:00:00Z","2026-09-01T23:00:00Z","2026-09-01T23:15:00Z","SYNTHETIC","40","80","15","20"
"SIM-S0049-P10","SIM-S0049","SIM-S0049-FILTER","FILTER","MIX-1","Filter_DP","35.1966","kPa","2026-09-01T23:06:00Z","2026-09-01T23:00:00Z","2026-09-01T23:15:00Z","SYNTHETIC","40","80","15","20"
"SIM-S0049-P11","SIM-S0049","SIM-S0049-FILTER","FILTER","MIX-1","Filter_DP","36.4064","kPa","2026-09-01T23:12:00Z","2026-09-01T23:00:00Z","2026-09-01T23:15:00Z","SYNTHETIC","40","80","15","20"
"SIM-S0050-P0","SIM-S0050","SIM-S0050-MIX","MIX","MIX-2","Temperature","24.8558","C","2026-09-01T22:10:00Z","2026-09-01T22:10:00Z","2026-09-01T23:00:00Z","SYNTHETIC","25","30","50","60"
"SIM-S0050-P1","SIM-S0050","SIM-S0050-MIX","MIX","MIX-2","Temperature","24.6447","C","2026-09-01T22:18:00Z","2026-09-01T22:10:00Z","2026-09-01T23:00:00Z","SYNTHETIC","25","30","50","60"
"SIM-S0050-P2","SIM-S0050","SIM-S0050-MIX","MIX","MIX-2","Temperature","24.7001","C","2026-09-01T22:26:00Z","2026-09-01T22:10:00Z","2026-09-01T23:00:00Z","SYNTHETIC","25","30","50","60"
"SIM-S0050-P3","SIM-S0050","SIM-S0050-MIX","MIX","MIX-2","Temperature","24.6575","C","2026-09-01T22:34:00Z","2026-09-01T22:10:00Z","2026-09-01T23:00:00Z","SYNTHETIC","25","30","50","60"
"SIM-S0050-P4","SIM-S0050","SIM-S0050-MIX","MIX","MIX-2","Temperature","24.7899","C","2026-09-01T22:42:00Z","2026-09-01T22:10:00Z","2026-09-01T23:00:00Z","SYNTHETIC","25","30","50","60"
"SIM-S0050-P5","SIM-S0050","SIM-S0050-MIX","MIX","MIX-2","Temperature","24.9581","C","2026-09-01T22:50:00Z","2026-09-01T22:10:00Z","2026-09-01T23:00:00Z","SYNTHETIC","25","30","50","60"
"SIM-S0050-P6","SIM-S0050","SIM-S0050-MIX","MIX","MIX-2","Agitator_Speed","302.725","rpm","2026-09-01T22:15:00Z","2026-09-01T22:10:00Z","2026-09-01T23:00:00Z","SYNTHETIC","300","330","50","60"
"SIM-S0050-P7","SIM-S0050","SIM-S0050-MIX","MIX","MIX-2","Agitator_Speed","302.1176","rpm","2026-09-01T22:35:00Z","2026-09-01T22:10:00Z","2026-09-01T23:00:00Z","SYNTHETIC","300","330","50","60"
"SIM-S0050-P8","SIM-S0050","SIM-S0050-MIX","MIX","MIX-2","Agitator_Speed","300.7757","rpm","2026-09-01T22:55:00Z","2026-09-01T22:10:00Z","2026-09-01T23:00:00Z","SYNTHETIC","300","330","50","60"
"SIM-S0050-P9","SIM-S0050","SIM-S0050-FILTER","FILTER","MIX-2","Filter_DP","37.4654","kPa","2026-09-01T23:00:00Z","2026-09-01T23:00:00Z","2026-09-01T23:15:00Z","SYNTHETIC","40","80","15","20"
"SIM-S0050-P10","SIM-S0050","SIM-S0050-FILTER","FILTER","MIX-2","Filter_DP","38.0541","kPa","2026-09-01T23:06:00Z","2026-09-01T23:00:00Z","2026-09-01T23:15:00Z","SYNTHETIC","40","80","15","20"
"SIM-S0050-P11","SIM-S0050","SIM-S0050-FILTER","FILTER","MIX-2","Filter_DP","38.3773","kPa","2026-09-01T23:12:00Z","2026-09-01T23:00:00Z","2026-09-01T23:15:00Z","SYNTHETIC","40","80","15","20"
"SIM-S0051-P0","SIM-S0051","SIM-S0051-MIX","MIX","MIX-3","Temperature","25.4332","C","2026-09-01T22:10:00Z","2026-09-01T22:10:00Z","2026-09-01T23:00:00Z","SYNTHETIC","25","30","50","60"
"SIM-S0051-P1","SIM-S0051","SIM-S0051-MIX","MIX","MIX-3","Temperature","25.5519","C","2026-09-01T22:18:00Z","2026-09-01T22:10:00Z","2026-09-01T23:00:00Z","SYNTHETIC","25","30","50","60"
"SIM-S0051-P2","SIM-S0051","SIM-S0051-MIX","MIX","MIX-3","Temperature","25.2275","C","2026-09-01T22:26:00Z","2026-09-01T22:10:00Z","2026-09-01T23:00:00Z","SYNTHETIC","25","30","50","60"
"SIM-S0051-P3","SIM-S0051","SIM-S0051-MIX","MIX","MIX-3","Temperature","25.3278","C","2026-09-01T22:34:00Z","2026-09-01T22:10:00Z","2026-09-01T23:00:00Z","SYNTHETIC","25","30","50","60"
"SIM-S0051-P4","SIM-S0051","SIM-S0051-MIX","MIX","MIX-3","Temperature","25.4525","C","2026-09-01T22:42:00Z","2026-09-01T22:10:00Z","2026-09-01T23:00:00Z","SYNTHETIC","25","30","50","60"
"SIM-S0051-P5","SIM-S0051","SIM-S0051-MIX","MIX","MIX-3","Temperature","25.5523","C","2026-09-01T22:50:00Z","2026-09-01T22:10:00Z","2026-09-01T23:00:00Z","SYNTHETIC","25","30","50","60"
"SIM-S0051-P6","SIM-S0051","SIM-S0051-MIX","MIX","MIX-3","Agitator_Speed","299.3842","rpm","2026-09-01T22:15:00Z","2026-09-01T22:10:00Z","2026-09-01T23:00:00Z","SYNTHETIC","300","330","50","60"
"SIM-S0051-P7","SIM-S0051","SIM-S0051-MIX","MIX","MIX-3","Agitator_Speed","298.9455","rpm","2026-09-01T22:35:00Z","2026-09-01T22:10:00Z","2026-09-01T23:00:00Z","SYNTHETIC","300","330","50","60"
"SIM-S0051-P8","SIM-S0051","SIM-S0051-MIX","MIX","MIX-3","Agitator_Speed","296.8153","rpm","2026-09-01T22:55:00Z","2026-09-01T22:10:00Z","2026-09-01T23:00:00Z","SYNTHETIC","300","330","50","60"
"SIM-S0051-P9","SIM-S0051","SIM-S0051-FILTER","FILTER","MIX-3","Filter_DP","34.1629","kPa","2026-09-01T23:00:00Z","2026-09-01T23:00:00Z","2026-09-01T23:15:00Z","SYNTHETIC","40","80","15","20"
"SIM-S0051-P10","SIM-S0051","SIM-S0051-FILTER","FILTER","MIX-3","Filter_DP","34.8924","kPa","2026-09-01T23:06:00Z","2026-09-01T23:00:00Z","2026-09-01T23:15:00Z","SYNTHETIC","40","80","15","20"
"SIM-S0051-P11","SIM-S0051","SIM-S0051-FILTER","FILTER","MIX-3","Filter_DP","35.5797","kPa","2026-09-01T23:12:00Z","2026-09-01T23:00:00Z","2026-09-01T23:15:00Z","SYNTHETIC","40","80","15","20"
"SIM-S0052-P0","SIM-S0052","SIM-S0052-MIX","MIX","MIX-1","Temperature","25.4507","C","2026-09-01T23:40:00Z","2026-09-01T23:40:00Z","2026-09-02T00:30:00Z","SYNTHETIC","25","30","50","60"
"SIM-S0052-P1","SIM-S0052","SIM-S0052-MIX","MIX","MIX-1","Temperature","25.2637","C","2026-09-01T23:48:00Z","2026-09-01T23:40:00Z","2026-09-02T00:30:00Z","SYNTHETIC","25","30","50","60"
"SIM-S0052-P2","SIM-S0052","SIM-S0052-MIX","MIX","MIX-1","Temperature","25.678","C","2026-09-01T23:56:00Z","2026-09-01T23:40:00Z","2026-09-02T00:30:00Z","SYNTHETIC","25","30","50","60"
"SIM-S0052-P3","SIM-S0052","SIM-S0052-MIX","MIX","MIX-1","Temperature","25.0391","C","2026-09-02T00:04:00Z","2026-09-01T23:40:00Z","2026-09-02T00:30:00Z","SYNTHETIC","25","30","50","60"
"SIM-S0052-P4","SIM-S0052","SIM-S0052-MIX","MIX","MIX-1","Temperature","25.1817","C","2026-09-02T00:12:00Z","2026-09-01T23:40:00Z","2026-09-02T00:30:00Z","SYNTHETIC","25","30","50","60"
"SIM-S0052-P5","SIM-S0052","SIM-S0052-MIX","MIX","MIX-1","Temperature","25.3835","C","2026-09-02T00:20:00Z","2026-09-01T23:40:00Z","2026-09-02T00:30:00Z","SYNTHETIC","25","30","50","60"
"SIM-S0052-P6","SIM-S0052","SIM-S0052-MIX","MIX","MIX-1","Agitator_Speed","299.8385","rpm","2026-09-01T23:45:00Z","2026-09-01T23:40:00Z","2026-09-02T00:30:00Z","SYNTHETIC","300","330","50","60"
"SIM-S0052-P7","SIM-S0052","SIM-S0052-MIX","MIX","MIX-1","Agitator_Speed","300.1944","rpm","2026-09-02T00:05:00Z","2026-09-01T23:40:00Z","2026-09-02T00:30:00Z","SYNTHETIC","300","330","50","60"
"SIM-S0052-P8","SIM-S0052","SIM-S0052-MIX","MIX","MIX-1","Agitator_Speed","302.3639","rpm","2026-09-02T00:25:00Z","2026-09-01T23:40:00Z","2026-09-02T00:30:00Z","SYNTHETIC","300","330","50","60"
"SIM-S0052-P9","SIM-S0052","SIM-S0052-FILTER","FILTER","MIX-1","Filter_DP","41.3392","kPa","2026-09-02T00:30:00Z","2026-09-02T00:30:00Z","2026-09-02T00:45:00Z","SYNTHETIC","40","80","15","20"
"SIM-S0052-P10","SIM-S0052","SIM-S0052-FILTER","FILTER","MIX-1","Filter_DP","41.6959","kPa","2026-09-02T00:36:00Z","2026-09-02T00:30:00Z","2026-09-02T00:45:00Z","SYNTHETIC","40","80","15","20"
"SIM-S0052-P11","SIM-S0052","SIM-S0052-FILTER","FILTER","MIX-1","Filter_DP","42.2485","kPa","2026-09-02T00:42:00Z","2026-09-02T00:30:00Z","2026-09-02T00:45:00Z","SYNTHETIC","40","80","15","20"
"SIM-S0053-P0","SIM-S0053","SIM-S0053-MIX","MIX","MIX-2","Temperature","25.4676","C","2026-09-01T23:40:00Z","2026-09-01T23:40:00Z","2026-09-02T00:30:00Z","SYNTHETIC","25","30","50","60"
"SIM-S0053-P1","SIM-S0053","SIM-S0053-MIX","MIX","MIX-2","Temperature","25.694","C","2026-09-01T23:48:00Z","2026-09-01T23:40:00Z","2026-09-02T00:30:00Z","SYNTHETIC","25","30","50","60"
"SIM-S0053-P2","SIM-S0053","SIM-S0053-MIX","MIX","MIX-2","Temperature","25.5243","C","2026-09-01T23:56:00Z","2026-09-01T23:40:00Z","2026-09-02T00:30:00Z","SYNTHETIC","25","30","50","60"
"SIM-S0053-P3","SIM-S0053","SIM-S0053-MIX","MIX","MIX-2","Temperature","25.4174","C","2026-09-02T00:04:00Z","2026-09-01T23:40:00Z","2026-09-02T00:30:00Z","SYNTHETIC","25","30","50","60"
"SIM-S0053-P4","SIM-S0053","SIM-S0053-MIX","MIX","MIX-2","Temperature","25.5295","C","2026-09-02T00:12:00Z","2026-09-01T23:40:00Z","2026-09-02T00:30:00Z","SYNTHETIC","25","30","50","60"
"SIM-S0053-P5","SIM-S0053","SIM-S0053-MIX","MIX","MIX-2","Temperature","25.2349","C","2026-09-02T00:20:00Z","2026-09-01T23:40:00Z","2026-09-02T00:30:00Z","SYNTHETIC","25","30","50","60"
"SIM-S0053-P6","SIM-S0053","SIM-S0053-MIX","MIX","MIX-2","Agitator_Speed","295.6878","rpm","2026-09-01T23:45:00Z","2026-09-01T23:40:00Z","2026-09-02T00:30:00Z","SYNTHETIC","300","330","50","60"
"SIM-S0053-P7","SIM-S0053","SIM-S0053-MIX","MIX","MIX-2","Agitator_Speed","298.2574","rpm","2026-09-02T00:05:00Z","2026-09-01T23:40:00Z","2026-09-02T00:30:00Z","SYNTHETIC","300","330","50","60"
"SIM-S0053-P8","SIM-S0053","SIM-S0053-MIX","MIX","MIX-2","Agitator_Speed","297.5633","rpm","2026-09-02T00:25:00Z","2026-09-01T23:40:00Z","2026-09-02T00:30:00Z","SYNTHETIC","300","330","50","60"
"SIM-S0053-P9","SIM-S0053","SIM-S0053-FILTER","FILTER","MIX-2","Filter_DP","38.8965","kPa","2026-09-02T00:30:00Z","2026-09-02T00:30:00Z","2026-09-02T00:45:00Z","SYNTHETIC","40","80","15","20"
"SIM-S0053-P10","SIM-S0053","SIM-S0053-FILTER","FILTER","MIX-2","Filter_DP","39.4658","kPa","2026-09-02T00:36:00Z","2026-09-02T00:30:00Z","2026-09-02T00:45:00Z","SYNTHETIC","40","80","15","20"
"SIM-S0053-P11","SIM-S0053","SIM-S0053-FILTER","FILTER","MIX-2","Filter_DP","40.2149","kPa","2026-09-02T00:42:00Z","2026-09-02T00:30:00Z","2026-09-02T00:45:00Z","SYNTHETIC","40","80","15","20"
"SIM-S0054-P0","SIM-S0054","SIM-S0054-MIX","MIX","MIX-3","Temperature","25.1679","C","2026-09-01T23:40:00Z","2026-09-01T23:40:00Z","2026-09-02T00:30:00Z","SYNTHETIC","25","30","50","60"
"SIM-S0054-P1","SIM-S0054","SIM-S0054-MIX","MIX","MIX-3","Temperature","25.0575","C","2026-09-01T23:48:00Z","2026-09-01T23:40:00Z","2026-09-02T00:30:00Z","SYNTHETIC","25","30","50","60"
"SIM-S0054-P2","SIM-S0054","SIM-S0054-MIX","MIX","MIX-3","Temperature","25.0401","C","2026-09-01T23:56:00Z","2026-09-01T23:40:00Z","2026-09-02T00:30:00Z","SYNTHETIC","25","30","50","60"
"SIM-S0054-P3","SIM-S0054","SIM-S0054-MIX","MIX","MIX-3","Temperature","25.1484","C","2026-09-02T00:04:00Z","2026-09-01T23:40:00Z","2026-09-02T00:30:00Z","SYNTHETIC","25","30","50","60"
"SIM-S0054-P4","SIM-S0054","SIM-S0054-MIX","MIX","MIX-3","Temperature","25.1366","C","2026-09-02T00:12:00Z","2026-09-01T23:40:00Z","2026-09-02T00:30:00Z","SYNTHETIC","25","30","50","60"
"SIM-S0054-P5","SIM-S0054","SIM-S0054-MIX","MIX","MIX-3","Temperature","25.0512","C","2026-09-02T00:20:00Z","2026-09-01T23:40:00Z","2026-09-02T00:30:00Z","SYNTHETIC","25","30","50","60"
"SIM-S0054-P6","SIM-S0054","SIM-S0054-MIX","MIX","MIX-3","Agitator_Speed","298.3761","rpm","2026-09-01T23:45:00Z","2026-09-01T23:40:00Z","2026-09-02T00:30:00Z","SYNTHETIC","300","330","50","60"
"SIM-S0054-P7","SIM-S0054","SIM-S0054-MIX","MIX","MIX-3","Agitator_Speed","301.7039","rpm","2026-09-02T00:05:00Z","2026-09-01T23:40:00Z","2026-09-02T00:30:00Z","SYNTHETIC","300","330","50","60"
"SIM-S0054-P8","SIM-S0054","SIM-S0054-MIX","MIX","MIX-3","Agitator_Speed","299.9663","rpm","2026-09-02T00:25:00Z","2026-09-01T23:40:00Z","2026-09-02T00:30:00Z","SYNTHETIC","300","330","50","60"
"SIM-S0054-P9","SIM-S0054","SIM-S0054-FILTER","FILTER","MIX-3","Filter_DP","39.2626","kPa","2026-09-02T00:30:00Z","2026-09-02T00:30:00Z","2026-09-02T00:45:00Z","SYNTHETIC","40","80","15","20"
"SIM-S0054-P10","SIM-S0054","SIM-S0054-FILTER","FILTER","MIX-3","Filter_DP","40.6068","kPa","2026-09-02T00:36:00Z","2026-09-02T00:30:00Z","2026-09-02T00:45:00Z","SYNTHETIC","40","80","15","20"
"SIM-S0054-P11","SIM-S0054","SIM-S0054-FILTER","FILTER","MIX-3","Filter_DP","41.1051","kPa","2026-09-02T00:42:00Z","2026-09-02T00:30:00Z","2026-09-02T00:45:00Z","SYNTHETIC","40","80","15","20"
"SIM-S0055-P0","SIM-S0055","SIM-S0055-MIX","MIX","MIX-1","Temperature","25.7376","C","2026-09-02T01:10:00Z","2026-09-02T01:10:00Z","2026-09-02T02:00:00Z","SYNTHETIC","25","30","50","60"
"SIM-S0055-P1","SIM-S0055","SIM-S0055-MIX","MIX","MIX-1","Temperature","25.5463","C","2026-09-02T01:18:00Z","2026-09-02T01:10:00Z","2026-09-02T02:00:00Z","SYNTHETIC","25","30","50","60"
"SIM-S0055-P2","SIM-S0055","SIM-S0055-MIX","MIX","MIX-1","Temperature","25.8682","C","2026-09-02T01:26:00Z","2026-09-02T01:10:00Z","2026-09-02T02:00:00Z","SYNTHETIC","25","30","50","60"
"SIM-S0055-P3","SIM-S0055","SIM-S0055-MIX","MIX","MIX-1","Temperature","25.536","C","2026-09-02T01:34:00Z","2026-09-02T01:10:00Z","2026-09-02T02:00:00Z","SYNTHETIC","25","30","50","60"
"SIM-S0055-P4","SIM-S0055","SIM-S0055-MIX","MIX","MIX-1","Temperature","25.7246","C","2026-09-02T01:42:00Z","2026-09-02T01:10:00Z","2026-09-02T02:00:00Z","SYNTHETIC","25","30","50","60"
"SIM-S0055-P5","SIM-S0055","SIM-S0055-MIX","MIX","MIX-1","Temperature","26.0071","C","2026-09-02T01:50:00Z","2026-09-02T01:10:00Z","2026-09-02T02:00:00Z","SYNTHETIC","25","30","50","60"
"SIM-S0055-P6","SIM-S0055","SIM-S0055-MIX","MIX","MIX-1","Agitator_Speed","299.0411","rpm","2026-09-02T01:15:00Z","2026-09-02T01:10:00Z","2026-09-02T02:00:00Z","SYNTHETIC","300","330","50","60"
"SIM-S0055-P7","SIM-S0055","SIM-S0055-MIX","MIX","MIX-1","Agitator_Speed","298.583","rpm","2026-09-02T01:35:00Z","2026-09-02T01:10:00Z","2026-09-02T02:00:00Z","SYNTHETIC","300","330","50","60"
"SIM-S0055-P8","SIM-S0055","SIM-S0055-MIX","MIX","MIX-1","Agitator_Speed","300.3478","rpm","2026-09-02T01:55:00Z","2026-09-02T01:10:00Z","2026-09-02T02:00:00Z","SYNTHETIC","300","330","50","60"
"SIM-S0055-P9","SIM-S0055","SIM-S0055-FILTER","FILTER","MIX-1","Filter_DP","41.2868","kPa","2026-09-02T02:00:00Z","2026-09-02T02:00:00Z","2026-09-02T02:15:00Z","SYNTHETIC","40","80","15","20"
"SIM-S0055-P10","SIM-S0055","SIM-S0055-FILTER","FILTER","MIX-1","Filter_DP","42.5279","kPa","2026-09-02T02:06:00Z","2026-09-02T02:00:00Z","2026-09-02T02:15:00Z","SYNTHETIC","40","80","15","20"
"SIM-S0055-P11","SIM-S0055","SIM-S0055-FILTER","FILTER","MIX-1","Filter_DP","42.8608","kPa","2026-09-02T02:12:00Z","2026-09-02T02:00:00Z","2026-09-02T02:15:00Z","SYNTHETIC","40","80","15","20"
"SIM-S0056-P0","SIM-S0056","SIM-S0056-MIX","MIX","MIX-2","Temperature","25.3062","C","2026-09-02T01:10:00Z","2026-09-02T01:10:00Z","2026-09-02T02:00:00Z","SYNTHETIC","25","30","50","60"
"SIM-S0056-P1","SIM-S0056","SIM-S0056-MIX","MIX","MIX-2","Temperature","25.5268","C","2026-09-02T01:18:00Z","2026-09-02T01:10:00Z","2026-09-02T02:00:00Z","SYNTHETIC","25","30","50","60"
"SIM-S0056-P2","SIM-S0056","SIM-S0056-MIX","MIX","MIX-2","Temperature","25.3322","C","2026-09-02T01:26:00Z","2026-09-02T01:10:00Z","2026-09-02T02:00:00Z","SYNTHETIC","25","30","50","60"
"SIM-S0056-P3","SIM-S0056","SIM-S0056-MIX","MIX","MIX-2","Temperature","25.4876","C","2026-09-02T01:34:00Z","2026-09-02T01:10:00Z","2026-09-02T02:00:00Z","SYNTHETIC","25","30","50","60"
"SIM-S0056-P4","SIM-S0056","SIM-S0056-MIX","MIX","MIX-2","Temperature","25.3902","C","2026-09-02T01:42:00Z","2026-09-02T01:10:00Z","2026-09-02T02:00:00Z","SYNTHETIC","25","30","50","60"
"SIM-S0056-P5","SIM-S0056","SIM-S0056-MIX","MIX","MIX-2","Temperature","25.8348","C","2026-09-02T01:50:00Z","2026-09-02T01:10:00Z","2026-09-02T02:00:00Z","SYNTHETIC","25","30","50","60"
"SIM-S0056-P6","SIM-S0056","SIM-S0056-MIX","MIX","MIX-2","Agitator_Speed","302.5856","rpm","2026-09-02T01:15:00Z","2026-09-02T01:10:00Z","2026-09-02T02:00:00Z","SYNTHETIC","300","330","50","60"
"SIM-S0056-P7","SIM-S0056","SIM-S0056-MIX","MIX","MIX-2","Agitator_Speed","304.5352","rpm","2026-09-02T01:35:00Z","2026-09-02T01:10:00Z","2026-09-02T02:00:00Z","SYNTHETIC","300","330","50","60"
"SIM-S0056-P8","SIM-S0056","SIM-S0056-MIX","MIX","MIX-2","Agitator_Speed","301.6873","rpm","2026-09-02T01:55:00Z","2026-09-02T01:10:00Z","2026-09-02T02:00:00Z","SYNTHETIC","300","330","50","60"
"SIM-S0056-P9","SIM-S0056","SIM-S0056-FILTER","FILTER","MIX-2","Filter_DP","40.5278","kPa","2026-09-02T02:00:00Z","2026-09-02T02:00:00Z","2026-09-02T02:15:00Z","SYNTHETIC","40","80","15","20"
"SIM-S0056-P10","SIM-S0056","SIM-S0056-FILTER","FILTER","MIX-2","Filter_DP","41.1577","kPa","2026-09-02T02:06:00Z","2026-09-02T02:00:00Z","2026-09-02T02:15:00Z","SYNTHETIC","40","80","15","20"
"SIM-S0056-P11","SIM-S0056","SIM-S0056-FILTER","FILTER","MIX-2","Filter_DP","42.8792","kPa","2026-09-02T02:12:00Z","2026-09-02T02:00:00Z","2026-09-02T02:15:00Z","SYNTHETIC","40","80","15","20"
"SIM-S0057-P0","SIM-S0057","SIM-S0057-MIX","MIX","MIX-3","Temperature","25.4156","C","2026-09-02T01:10:00Z","2026-09-02T01:10:00Z","2026-09-02T02:00:00Z","SYNTHETIC","25","30","50","60"
"SIM-S0057-P1","SIM-S0057","SIM-S0057-MIX","MIX","MIX-3","Temperature","25.7397","C","2026-09-02T01:18:00Z","2026-09-02T01:10:00Z","2026-09-02T02:00:00Z","SYNTHETIC","25","30","50","60"
"SIM-S0057-P2","SIM-S0057","SIM-S0057-MIX","MIX","MIX-3","Temperature","25.6943","C","2026-09-02T01:26:00Z","2026-09-02T01:10:00Z","2026-09-02T02:00:00Z","SYNTHETIC","25","30","50","60"
"SIM-S0057-P3","SIM-S0057","SIM-S0057-MIX","MIX","MIX-3","Temperature","25.5639","C","2026-09-02T01:34:00Z","2026-09-02T01:10:00Z","2026-09-02T02:00:00Z","SYNTHETIC","25","30","50","60"
"SIM-S0057-P4","SIM-S0057","SIM-S0057-MIX","MIX","MIX-3","Temperature","25.3169","C","2026-09-02T01:42:00Z","2026-09-02T01:10:00Z","2026-09-02T02:00:00Z","SYNTHETIC","25","30","50","60"
"SIM-S0057-P5","SIM-S0057","SIM-S0057-MIX","MIX","MIX-3","Temperature","25.4912","C","2026-09-02T01:50:00Z","2026-09-02T01:10:00Z","2026-09-02T02:00:00Z","SYNTHETIC","25","30","50","60"
"SIM-S0057-P6","SIM-S0057","SIM-S0057-MIX","MIX","MIX-3","Agitator_Speed","299.4022","rpm","2026-09-02T01:15:00Z","2026-09-02T01:10:00Z","2026-09-02T02:00:00Z","SYNTHETIC","300","330","50","60"
"SIM-S0057-P7","SIM-S0057","SIM-S0057-MIX","MIX","MIX-3","Agitator_Speed","298.9122","rpm","2026-09-02T01:35:00Z","2026-09-02T01:10:00Z","2026-09-02T02:00:00Z","SYNTHETIC","300","330","50","60"
"SIM-S0057-P8","SIM-S0057","SIM-S0057-MIX","MIX","MIX-3","Agitator_Speed","299.0833","rpm","2026-09-02T01:55:00Z","2026-09-02T01:10:00Z","2026-09-02T02:00:00Z","SYNTHETIC","300","330","50","60"
"SIM-S0057-P9","SIM-S0057","SIM-S0057-FILTER","FILTER","MIX-3","Filter_DP","42.3571","kPa","2026-09-02T02:00:00Z","2026-09-02T02:00:00Z","2026-09-02T02:15:00Z","SYNTHETIC","40","80","15","20"
"SIM-S0057-P10","SIM-S0057","SIM-S0057-FILTER","FILTER","MIX-3","Filter_DP","42.7012","kPa","2026-09-02T02:06:00Z","2026-09-02T02:00:00Z","2026-09-02T02:15:00Z","SYNTHETIC","40","80","15","20"
"SIM-S0057-P11","SIM-S0057","SIM-S0057-FILTER","FILTER","MIX-3","Filter_DP","43.9315","kPa","2026-09-02T02:12:00Z","2026-09-02T02:00:00Z","2026-09-02T02:15:00Z","SYNTHETIC","40","80","15","20"
"SIM-S0058-P0","SIM-S0058","SIM-S0058-MIX","MIX","MIX-1","Temperature","25.359","C","2026-09-02T02:40:00Z","2026-09-02T02:40:00Z","2026-09-02T03:30:00Z","SYNTHETIC","25","30","50","60"
"SIM-S0058-P1","SIM-S0058","SIM-S0058-MIX","MIX","MIX-1","Temperature","25.4529","C","2026-09-02T02:48:00Z","2026-09-02T02:40:00Z","2026-09-02T03:30:00Z","SYNTHETIC","25","30","50","60"
"SIM-S0058-P2","SIM-S0058","SIM-S0058-MIX","MIX","MIX-1","Temperature","25.2934","C","2026-09-02T02:56:00Z","2026-09-02T02:40:00Z","2026-09-02T03:30:00Z","SYNTHETIC","25","30","50","60"
"SIM-S0058-P3","SIM-S0058","SIM-S0058-MIX","MIX","MIX-1","Temperature","25.4859","C","2026-09-02T03:04:00Z","2026-09-02T02:40:00Z","2026-09-02T03:30:00Z","SYNTHETIC","25","30","50","60"
"SIM-S0058-P4","SIM-S0058","SIM-S0058-MIX","MIX","MIX-1","Temperature","25.3757","C","2026-09-02T03:12:00Z","2026-09-02T02:40:00Z","2026-09-02T03:30:00Z","SYNTHETIC","25","30","50","60"
"SIM-S0058-P5","SIM-S0058","SIM-S0058-MIX","MIX","MIX-1","Temperature","25.2534","C","2026-09-02T03:20:00Z","2026-09-02T02:40:00Z","2026-09-02T03:30:00Z","SYNTHETIC","25","30","50","60"
"SIM-S0058-P6","SIM-S0058","SIM-S0058-MIX","MIX","MIX-1","Agitator_Speed","301.888","rpm","2026-09-02T02:45:00Z","2026-09-02T02:40:00Z","2026-09-02T03:30:00Z","SYNTHETIC","300","330","50","60"
"SIM-S0058-P7","SIM-S0058","SIM-S0058-MIX","MIX","MIX-1","Agitator_Speed","302.9413","rpm","2026-09-02T03:05:00Z","2026-09-02T02:40:00Z","2026-09-02T03:30:00Z","SYNTHETIC","300","330","50","60"
"SIM-S0058-P8","SIM-S0058","SIM-S0058-MIX","MIX","MIX-1","Agitator_Speed","303.7262","rpm","2026-09-02T03:25:00Z","2026-09-02T02:40:00Z","2026-09-02T03:30:00Z","SYNTHETIC","300","330","50","60"
"SIM-S0058-P9","SIM-S0058","SIM-S0058-FILTER","FILTER","MIX-1","Filter_DP","46.0124","kPa","2026-09-02T03:30:00Z","2026-09-02T03:30:00Z","2026-09-02T03:45:00Z","SYNTHETIC","40","80","15","20"
"SIM-S0058-P10","SIM-S0058","SIM-S0058-FILTER","FILTER","MIX-1","Filter_DP","46.539","kPa","2026-09-02T03:36:00Z","2026-09-02T03:30:00Z","2026-09-02T03:45:00Z","SYNTHETIC","40","80","15","20"
"SIM-S0058-P11","SIM-S0058","SIM-S0058-FILTER","FILTER","MIX-1","Filter_DP","47.678","kPa","2026-09-02T03:42:00Z","2026-09-02T03:30:00Z","2026-09-02T03:45:00Z","SYNTHETIC","40","80","15","20"
"SIM-S0059-P0","SIM-S0059","SIM-S0059-MIX","MIX","MIX-2","Temperature","25.1753","C","2026-09-02T02:40:00Z","2026-09-02T02:40:00Z","2026-09-02T03:30:00Z","SYNTHETIC","25","30","50","60"
"SIM-S0059-P1","SIM-S0059","SIM-S0059-MIX","MIX","MIX-2","Temperature","24.8875","C","2026-09-02T02:48:00Z","2026-09-02T02:40:00Z","2026-09-02T03:30:00Z","SYNTHETIC","25","30","50","60"
"SIM-S0059-P2","SIM-S0059","SIM-S0059-MIX","MIX","MIX-2","Temperature","24.8956","C","2026-09-02T02:56:00Z","2026-09-02T02:40:00Z","2026-09-02T03:30:00Z","SYNTHETIC","25","30","50","60"
"SIM-S0059-P3","SIM-S0059","SIM-S0059-MIX","MIX","MIX-2","Temperature","25.0735","C","2026-09-02T03:04:00Z","2026-09-02T02:40:00Z","2026-09-02T03:30:00Z","SYNTHETIC","25","30","50","60"
"SIM-S0059-P4","SIM-S0059","SIM-S0059-MIX","MIX","MIX-2","Temperature","25.2473","C","2026-09-02T03:12:00Z","2026-09-02T02:40:00Z","2026-09-02T03:30:00Z","SYNTHETIC","25","30","50","60"
"SIM-S0059-P5","SIM-S0059","SIM-S0059-MIX","MIX","MIX-2","Temperature","24.8348","C","2026-09-02T03:20:00Z","2026-09-02T02:40:00Z","2026-09-02T03:30:00Z","SYNTHETIC","25","30","50","60"
"SIM-S0059-P6","SIM-S0059","SIM-S0059-MIX","MIX","MIX-2","Agitator_Speed","299.8553","rpm","2026-09-02T02:45:00Z","2026-09-02T02:40:00Z","2026-09-02T03:30:00Z","SYNTHETIC","300","330","50","60"
"SIM-S0059-P7","SIM-S0059","SIM-S0059-MIX","MIX","MIX-2","Agitator_Speed","303.1002","rpm","2026-09-02T03:05:00Z","2026-09-02T02:40:00Z","2026-09-02T03:30:00Z","SYNTHETIC","300","330","50","60"
"SIM-S0059-P8","SIM-S0059","SIM-S0059-MIX","MIX","MIX-2","Agitator_Speed","297.991","rpm","2026-09-02T03:25:00Z","2026-09-02T02:40:00Z","2026-09-02T03:30:00Z","SYNTHETIC","300","330","50","60"
"SIM-S0059-P9","SIM-S0059","SIM-S0059-FILTER","FILTER","MIX-2","Filter_DP","45.518","kPa","2026-09-02T03:30:00Z","2026-09-02T03:30:00Z","2026-09-02T03:45:00Z","SYNTHETIC","40","80","15","20"
"SIM-S0059-P10","SIM-S0059","SIM-S0059-FILTER","FILTER","MIX-2","Filter_DP","46.5504","kPa","2026-09-02T03:36:00Z","2026-09-02T03:30:00Z","2026-09-02T03:45:00Z","SYNTHETIC","40","80","15","20"
"SIM-S0059-P11","SIM-S0059","SIM-S0059-FILTER","FILTER","MIX-2","Filter_DP","48.0168","kPa","2026-09-02T03:42:00Z","2026-09-02T03:30:00Z","2026-09-02T03:45:00Z","SYNTHETIC","40","80","15","20"
"SIM-S0060-P0","SIM-S0060","SIM-S0060-MIX","MIX","MIX-3","Temperature","25.5392","C","2026-09-02T02:40:00Z","2026-09-02T02:40:00Z","2026-09-02T03:30:00Z","SYNTHETIC","25","30","50","60"
"SIM-S0060-P1","SIM-S0060","SIM-S0060-MIX","MIX","MIX-3","Temperature","24.9787","C","2026-09-02T02:48:00Z","2026-09-02T02:40:00Z","2026-09-02T03:30:00Z","SYNTHETIC","25","30","50","60"
"SIM-S0060-P2","SIM-S0060","SIM-S0060-MIX","MIX","MIX-3","Temperature","25.4544","C","2026-09-02T02:56:00Z","2026-09-02T02:40:00Z","2026-09-02T03:30:00Z","SYNTHETIC","25","30","50","60"
"SIM-S0060-P3","SIM-S0060","SIM-S0060-MIX","MIX","MIX-3","Temperature","25.0566","C","2026-09-02T03:04:00Z","2026-09-02T02:40:00Z","2026-09-02T03:30:00Z","SYNTHETIC","25","30","50","60"
"SIM-S0060-P4","SIM-S0060","SIM-S0060-MIX","MIX","MIX-3","Temperature","25.3264","C","2026-09-02T03:12:00Z","2026-09-02T02:40:00Z","2026-09-02T03:30:00Z","SYNTHETIC","25","30","50","60"
"SIM-S0060-P5","SIM-S0060","SIM-S0060-MIX","MIX","MIX-3","Temperature","25.3332","C","2026-09-02T03:20:00Z","2026-09-02T02:40:00Z","2026-09-02T03:30:00Z","SYNTHETIC","25","30","50","60"
"SIM-S0060-P6","SIM-S0060","SIM-S0060-MIX","MIX","MIX-3","Agitator_Speed","297.5454","rpm","2026-09-02T02:45:00Z","2026-09-02T02:40:00Z","2026-09-02T03:30:00Z","SYNTHETIC","300","330","50","60"
"SIM-S0060-P7","SIM-S0060","SIM-S0060-MIX","MIX","MIX-3","Agitator_Speed","297.5798","rpm","2026-09-02T03:05:00Z","2026-09-02T02:40:00Z","2026-09-02T03:30:00Z","SYNTHETIC","300","330","50","60"
"SIM-S0060-P8","SIM-S0060","SIM-S0060-MIX","MIX","MIX-3","Agitator_Speed","299.1016","rpm","2026-09-02T03:25:00Z","2026-09-02T02:40:00Z","2026-09-02T03:30:00Z","SYNTHETIC","300","330","50","60"
"SIM-S0060-P9","SIM-S0060","SIM-S0060-FILTER","FILTER","MIX-3","Filter_DP","43.8538","kPa","2026-09-02T03:30:00Z","2026-09-02T03:30:00Z","2026-09-02T03:45:00Z","SYNTHETIC","40","80","15","20"
"SIM-S0060-P10","SIM-S0060","SIM-S0060-FILTER","FILTER","MIX-3","Filter_DP","44.4115","kPa","2026-09-02T03:36:00Z","2026-09-02T03:30:00Z","2026-09-02T03:45:00Z","SYNTHETIC","40","80","15","20"
"SIM-S0060-P11","SIM-S0060","SIM-S0060-FILTER","FILTER","MIX-3","Filter_DP","45.5292","kPa","2026-09-02T03:42:00Z","2026-09-02T03:30:00Z","2026-09-02T03:45:00Z","SYNTHETIC","40","80","15","20"
"SIM-S0061-P0","SIM-S0061","SIM-S0061-MIX","MIX","MIX-1","Temperature","25.4509","C","2026-09-02T04:10:00Z","2026-09-02T04:10:00Z","2026-09-02T05:00:00Z","SYNTHETIC","25","30","50","60"
"SIM-S0061-P1","SIM-S0061","SIM-S0061-MIX","MIX","MIX-1","Temperature","25.6134","C","2026-09-02T04:18:00Z","2026-09-02T04:10:00Z","2026-09-02T05:00:00Z","SYNTHETIC","25","30","50","60"
"SIM-S0061-P2","SIM-S0061","SIM-S0061-MIX","MIX","MIX-1","Temperature","25.6137","C","2026-09-02T04:26:00Z","2026-09-02T04:10:00Z","2026-09-02T05:00:00Z","SYNTHETIC","25","30","50","60"
"SIM-S0061-P3","SIM-S0061","SIM-S0061-MIX","MIX","MIX-1","Temperature","25.4517","C","2026-09-02T04:34:00Z","2026-09-02T04:10:00Z","2026-09-02T05:00:00Z","SYNTHETIC","25","30","50","60"
"SIM-S0061-P4","SIM-S0061","SIM-S0061-MIX","MIX","MIX-1","Temperature","25.6488","C","2026-09-02T04:42:00Z","2026-09-02T04:10:00Z","2026-09-02T05:00:00Z","SYNTHETIC","25","30","50","60"
"SIM-S0061-P5","SIM-S0061","SIM-S0061-MIX","MIX","MIX-1","Temperature","25.3781","C","2026-09-02T04:50:00Z","2026-09-02T04:10:00Z","2026-09-02T05:00:00Z","SYNTHETIC","25","30","50","60"
"SIM-S0061-P6","SIM-S0061","SIM-S0061-MIX","MIX","MIX-1","Agitator_Speed","302.056","rpm","2026-09-02T04:15:00Z","2026-09-02T04:10:00Z","2026-09-02T05:00:00Z","SYNTHETIC","300","330","50","60"
"SIM-S0061-P7","SIM-S0061","SIM-S0061-MIX","MIX","MIX-1","Agitator_Speed","301.8834","rpm","2026-09-02T04:35:00Z","2026-09-02T04:10:00Z","2026-09-02T05:00:00Z","SYNTHETIC","300","330","50","60"
"SIM-S0061-P8","SIM-S0061","SIM-S0061-MIX","MIX","MIX-1","Agitator_Speed","303.3714","rpm","2026-09-02T04:55:00Z","2026-09-02T04:10:00Z","2026-09-02T05:00:00Z","SYNTHETIC","300","330","50","60"
"SIM-S0061-P9","SIM-S0061","SIM-S0061-FILTER","FILTER","MIX-1","Filter_DP","52.0613","kPa","2026-09-02T05:00:00Z","2026-09-02T05:00:00Z","2026-09-02T05:15:00Z","SYNTHETIC","40","80","15","20"
"SIM-S0061-P10","SIM-S0061","SIM-S0061-FILTER","FILTER","MIX-1","Filter_DP","52.7363","kPa","2026-09-02T05:06:00Z","2026-09-02T05:00:00Z","2026-09-02T05:15:00Z","SYNTHETIC","40","80","15","20"
"SIM-S0061-P11","SIM-S0061","SIM-S0061-FILTER","FILTER","MIX-1","Filter_DP","53.8086","kPa","2026-09-02T05:12:00Z","2026-09-02T05:00:00Z","2026-09-02T05:15:00Z","SYNTHETIC","40","80","15","20"
"SIM-S0062-P0","SIM-S0062","SIM-S0062-MIX","MIX","MIX-2","Temperature","25.4883","C","2026-09-02T04:10:00Z","2026-09-02T04:10:00Z","2026-09-02T05:00:00Z","SYNTHETIC","25","30","50","60"
"SIM-S0062-P1","SIM-S0062","SIM-S0062-MIX","MIX","MIX-2","Temperature","25.4113","C","2026-09-02T04:18:00Z","2026-09-02T04:10:00Z","2026-09-02T05:00:00Z","SYNTHETIC","25","30","50","60"
"SIM-S0062-P2","SIM-S0062","SIM-S0062-MIX","MIX","MIX-2","Temperature","25.3977","C","2026-09-02T04:26:00Z","2026-09-02T04:10:00Z","2026-09-02T05:00:00Z","SYNTHETIC","25","30","50","60"
"SIM-S0062-P3","SIM-S0062","SIM-S0062-MIX","MIX","MIX-2","Temperature","25.1622","C","2026-09-02T04:34:00Z","2026-09-02T04:10:00Z","2026-09-02T05:00:00Z","SYNTHETIC","25","30","50","60"
"SIM-S0062-P4","SIM-S0062","SIM-S0062-MIX","MIX","MIX-2","Temperature","25.1614","C","2026-09-02T04:42:00Z","2026-09-02T04:10:00Z","2026-09-02T05:00:00Z","SYNTHETIC","25","30","50","60"
"SIM-S0062-P5","SIM-S0062","SIM-S0062-MIX","MIX","MIX-2","Temperature","25.1756","C","2026-09-02T04:50:00Z","2026-09-02T04:10:00Z","2026-09-02T05:00:00Z","SYNTHETIC","25","30","50","60"
"SIM-S0062-P6","SIM-S0062","SIM-S0062-MIX","MIX","MIX-2","Agitator_Speed","299.1498","rpm","2026-09-02T04:15:00Z","2026-09-02T04:10:00Z","2026-09-02T05:00:00Z","SYNTHETIC","300","330","50","60"
"SIM-S0062-P7","SIM-S0062","SIM-S0062-MIX","MIX","MIX-2","Agitator_Speed","297.0265","rpm","2026-09-02T04:35:00Z","2026-09-02T04:10:00Z","2026-09-02T05:00:00Z","SYNTHETIC","300","330","50","60"
"SIM-S0062-P8","SIM-S0062","SIM-S0062-MIX","MIX","MIX-2","Agitator_Speed","299.8253","rpm","2026-09-02T04:55:00Z","2026-09-02T04:10:00Z","2026-09-02T05:00:00Z","SYNTHETIC","300","330","50","60"
"SIM-S0062-P9","SIM-S0062","SIM-S0062-FILTER","FILTER","MIX-2","Filter_DP","51.1776","kPa","2026-09-02T05:00:00Z","2026-09-02T05:00:00Z","2026-09-02T05:15:00Z","SYNTHETIC","40","80","15","20"
"SIM-S0062-P10","SIM-S0062","SIM-S0062-FILTER","FILTER","MIX-2","Filter_DP","51.7198","kPa","2026-09-02T05:06:00Z","2026-09-02T05:00:00Z","2026-09-02T05:15:00Z","SYNTHETIC","40","80","15","20"
"SIM-S0062-P11","SIM-S0062","SIM-S0062-FILTER","FILTER","MIX-2","Filter_DP","52.37","kPa","2026-09-02T05:12:00Z","2026-09-02T05:00:00Z","2026-09-02T05:15:00Z","SYNTHETIC","40","80","15","20"
"SIM-S0063-P0","SIM-S0063","SIM-S0063-MIX","MIX","MIX-3","Temperature","25.2623","C","2026-09-02T04:10:00Z","2026-09-02T04:10:00Z","2026-09-02T05:00:00Z","SYNTHETIC","25","30","50","60"
"SIM-S0063-P1","SIM-S0063","SIM-S0063-MIX","MIX","MIX-3","Temperature","25.5527","C","2026-09-02T04:18:00Z","2026-09-02T04:10:00Z","2026-09-02T05:00:00Z","SYNTHETIC","25","30","50","60"
"SIM-S0063-P2","SIM-S0063","SIM-S0063-MIX","MIX","MIX-3","Temperature","25.2667","C","2026-09-02T04:26:00Z","2026-09-02T04:10:00Z","2026-09-02T05:00:00Z","SYNTHETIC","25","30","50","60"
"SIM-S0063-P3","SIM-S0063","SIM-S0063-MIX","MIX","MIX-3","Temperature","25.2654","C","2026-09-02T04:34:00Z","2026-09-02T04:10:00Z","2026-09-02T05:00:00Z","SYNTHETIC","25","30","50","60"
"SIM-S0063-P4","SIM-S0063","SIM-S0063-MIX","MIX","MIX-3","Temperature","25.4283","C","2026-09-02T04:42:00Z","2026-09-02T04:10:00Z","2026-09-02T05:00:00Z","SYNTHETIC","25","30","50","60"
"SIM-S0063-P5","SIM-S0063","SIM-S0063-MIX","MIX","MIX-3","Temperature","24.9301","C","2026-09-02T04:50:00Z","2026-09-02T04:10:00Z","2026-09-02T05:00:00Z","SYNTHETIC","25","30","50","60"
"SIM-S0063-P6","SIM-S0063","SIM-S0063-MIX","MIX","MIX-3","Agitator_Speed","298.2858","rpm","2026-09-02T04:15:00Z","2026-09-02T04:10:00Z","2026-09-02T05:00:00Z","SYNTHETIC","300","330","50","60"
"SIM-S0063-P7","SIM-S0063","SIM-S0063-MIX","MIX","MIX-3","Agitator_Speed","298.6514","rpm","2026-09-02T04:35:00Z","2026-09-02T04:10:00Z","2026-09-02T05:00:00Z","SYNTHETIC","300","330","50","60"
"SIM-S0063-P8","SIM-S0063","SIM-S0063-MIX","MIX","MIX-3","Agitator_Speed","297.4889","rpm","2026-09-02T04:55:00Z","2026-09-02T04:10:00Z","2026-09-02T05:00:00Z","SYNTHETIC","300","330","50","60"
"SIM-S0063-P9","SIM-S0063","SIM-S0063-FILTER","FILTER","MIX-3","Filter_DP","47.0929","kPa","2026-09-02T05:00:00Z","2026-09-02T05:00:00Z","2026-09-02T05:15:00Z","SYNTHETIC","40","80","15","20"
"SIM-S0063-P10","SIM-S0063","SIM-S0063-FILTER","FILTER","MIX-3","Filter_DP","47.4598","kPa","2026-09-02T05:06:00Z","2026-09-02T05:00:00Z","2026-09-02T05:15:00Z","SYNTHETIC","40","80","15","20"
"SIM-S0063-P11","SIM-S0063","SIM-S0063-FILTER","FILTER","MIX-3","Filter_DP","48.5461","kPa","2026-09-02T05:12:00Z","2026-09-02T05:00:00Z","2026-09-02T05:15:00Z","SYNTHETIC","40","80","15","20"
"SIM-S0064-P0","SIM-S0064","SIM-S0064-MIX","MIX","MIX-1","Temperature","25.0909","C","2026-09-02T05:40:00Z","2026-09-02T05:40:00Z","2026-09-02T06:30:00Z","SYNTHETIC","25","30","50","60"
"SIM-S0064-P1","SIM-S0064","SIM-S0064-MIX","MIX","MIX-1","Temperature","25.3716","C","2026-09-02T05:48:00Z","2026-09-02T05:40:00Z","2026-09-02T06:30:00Z","SYNTHETIC","25","30","50","60"
"SIM-S0064-P2","SIM-S0064","SIM-S0064-MIX","MIX","MIX-1","Temperature","25.2543","C","2026-09-02T05:56:00Z","2026-09-02T05:40:00Z","2026-09-02T06:30:00Z","SYNTHETIC","25","30","50","60"
"SIM-S0064-P3","SIM-S0064","SIM-S0064-MIX","MIX","MIX-1","Temperature","25.3321","C","2026-09-02T06:04:00Z","2026-09-02T05:40:00Z","2026-09-02T06:30:00Z","SYNTHETIC","25","30","50","60"
"SIM-S0064-P4","SIM-S0064","SIM-S0064-MIX","MIX","MIX-1","Temperature","25.113","C","2026-09-02T06:12:00Z","2026-09-02T05:40:00Z","2026-09-02T06:30:00Z","SYNTHETIC","25","30","50","60"
"SIM-S0064-P5","SIM-S0064","SIM-S0064-MIX","MIX","MIX-1","Temperature","25.2955","C","2026-09-02T06:20:00Z","2026-09-02T05:40:00Z","2026-09-02T06:30:00Z","SYNTHETIC","25","30","50","60"
"SIM-S0064-P6","SIM-S0064","SIM-S0064-MIX","MIX","MIX-1","Agitator_Speed","303.6566","rpm","2026-09-02T05:45:00Z","2026-09-02T05:40:00Z","2026-09-02T06:30:00Z","SYNTHETIC","300","330","50","60"
"SIM-S0064-P7","SIM-S0064","SIM-S0064-MIX","MIX","MIX-1","Agitator_Speed","301.2539","rpm","2026-09-02T06:05:00Z","2026-09-02T05:40:00Z","2026-09-02T06:30:00Z","SYNTHETIC","300","330","50","60"
"SIM-S0064-P8","SIM-S0064","SIM-S0064-MIX","MIX","MIX-1","Agitator_Speed","303.6986","rpm","2026-09-02T06:25:00Z","2026-09-02T05:40:00Z","2026-09-02T06:30:00Z","SYNTHETIC","300","330","50","60"
"SIM-S0064-P9","SIM-S0064","SIM-S0064-FILTER","FILTER","MIX-1","Filter_DP","51.0843","kPa","2026-09-02T06:30:00Z","2026-09-02T06:30:00Z","2026-09-02T06:45:00Z","SYNTHETIC","40","80","15","20"
"SIM-S0064-P10","SIM-S0064","SIM-S0064-FILTER","FILTER","MIX-1","Filter_DP","51.6807","kPa","2026-09-02T06:36:00Z","2026-09-02T06:30:00Z","2026-09-02T06:45:00Z","SYNTHETIC","40","80","15","20"
"SIM-S0064-P11","SIM-S0064","SIM-S0064-FILTER","FILTER","MIX-1","Filter_DP","52.0417","kPa","2026-09-02T06:42:00Z","2026-09-02T06:30:00Z","2026-09-02T06:45:00Z","SYNTHETIC","40","80","15","20"
"SIM-S0065-P0","SIM-S0065","SIM-S0065-MIX","MIX","MIX-2","Temperature","24.7735","C","2026-09-02T05:40:00Z","2026-09-02T05:40:00Z","2026-09-02T06:30:00Z","SYNTHETIC","25","30","50","60"
"SIM-S0065-P1","SIM-S0065","SIM-S0065-MIX","MIX","MIX-2","Temperature","24.74","C","2026-09-02T05:48:00Z","2026-09-02T05:40:00Z","2026-09-02T06:30:00Z","SYNTHETIC","25","30","50","60"
"SIM-S0065-P2","SIM-S0065","SIM-S0065-MIX","MIX","MIX-2","Temperature","24.9683","C","2026-09-02T05:56:00Z","2026-09-02T05:40:00Z","2026-09-02T06:30:00Z","SYNTHETIC","25","30","50","60"
"SIM-S0065-P3","SIM-S0065","SIM-S0065-MIX","MIX","MIX-2","Temperature","24.9459","C","2026-09-02T06:04:00Z","2026-09-02T05:40:00Z","2026-09-02T06:30:00Z","SYNTHETIC","25","30","50","60"
"SIM-S0065-P4","SIM-S0065","SIM-S0065-MIX","MIX","MIX-2","Temperature","24.7318","C","2026-09-02T06:12:00Z","2026-09-02T05:40:00Z","2026-09-02T06:30:00Z","SYNTHETIC","25","30","50","60"
"SIM-S0065-P5","SIM-S0065","SIM-S0065-MIX","MIX","MIX-2","Temperature","24.8257","C","2026-09-02T06:20:00Z","2026-09-02T05:40:00Z","2026-09-02T06:30:00Z","SYNTHETIC","25","30","50","60"
"SIM-S0065-P6","SIM-S0065","SIM-S0065-MIX","MIX","MIX-2","Agitator_Speed","298.6831","rpm","2026-09-02T05:45:00Z","2026-09-02T05:40:00Z","2026-09-02T06:30:00Z","SYNTHETIC","300","330","50","60"
"SIM-S0065-P7","SIM-S0065","SIM-S0065-MIX","MIX","MIX-2","Agitator_Speed","302.0085","rpm","2026-09-02T06:05:00Z","2026-09-02T05:40:00Z","2026-09-02T06:30:00Z","SYNTHETIC","300","330","50","60"
"SIM-S0065-P8","SIM-S0065","SIM-S0065-MIX","MIX","MIX-2","Agitator_Speed","302.9565","rpm","2026-09-02T06:25:00Z","2026-09-02T05:40:00Z","2026-09-02T06:30:00Z","SYNTHETIC","300","330","50","60"
"SIM-S0065-P9","SIM-S0065","SIM-S0065-FILTER","FILTER","MIX-2","Filter_DP","52.7751","kPa","2026-09-02T06:30:00Z","2026-09-02T06:30:00Z","2026-09-02T06:45:00Z","SYNTHETIC","40","80","15","20"
"SIM-S0065-P10","SIM-S0065","SIM-S0065-FILTER","FILTER","MIX-2","Filter_DP","53.124","kPa","2026-09-02T06:36:00Z","2026-09-02T06:30:00Z","2026-09-02T06:45:00Z","SYNTHETIC","40","80","15","20"
"SIM-S0065-P11","SIM-S0065","SIM-S0065-FILTER","FILTER","MIX-2","Filter_DP","54.7871","kPa","2026-09-02T06:42:00Z","2026-09-02T06:30:00Z","2026-09-02T06:45:00Z","SYNTHETIC","40","80","15","20"
"SIM-S0066-P0","SIM-S0066","SIM-S0066-MIX","MIX","MIX-3","Temperature","24.8943","C","2026-09-02T05:40:00Z","2026-09-02T05:40:00Z","2026-09-02T06:30:00Z","SYNTHETIC","25","30","50","60"
"SIM-S0066-P1","SIM-S0066","SIM-S0066-MIX","MIX","MIX-3","Temperature","24.8887","C","2026-09-02T05:48:00Z","2026-09-02T05:40:00Z","2026-09-02T06:30:00Z","SYNTHETIC","25","30","50","60"
"SIM-S0066-P2","SIM-S0066","SIM-S0066-MIX","MIX","MIX-3","Temperature","24.9862","C","2026-09-02T05:56:00Z","2026-09-02T05:40:00Z","2026-09-02T06:30:00Z","SYNTHETIC","25","30","50","60"
"SIM-S0066-P3","SIM-S0066","SIM-S0066-MIX","MIX","MIX-3","Temperature","24.7796","C","2026-09-02T06:04:00Z","2026-09-02T05:40:00Z","2026-09-02T06:30:00Z","SYNTHETIC","25","30","50","60"
"SIM-S0066-P4","SIM-S0066","SIM-S0066-MIX","MIX","MIX-3","Temperature","24.8944","C","2026-09-02T06:12:00Z","2026-09-02T05:40:00Z","2026-09-02T06:30:00Z","SYNTHETIC","25","30","50","60"
"SIM-S0066-P5","SIM-S0066","SIM-S0066-MIX","MIX","MIX-3","Temperature","24.7091","C","2026-09-02T06:20:00Z","2026-09-02T05:40:00Z","2026-09-02T06:30:00Z","SYNTHETIC","25","30","50","60"
"SIM-S0066-P6","SIM-S0066","SIM-S0066-MIX","MIX","MIX-3","Agitator_Speed","306.7067","rpm","2026-09-02T05:45:00Z","2026-09-02T05:40:00Z","2026-09-02T06:30:00Z","SYNTHETIC","300","330","50","60"
"SIM-S0066-P7","SIM-S0066","SIM-S0066-MIX","MIX","MIX-3","Agitator_Speed","305.4122","rpm","2026-09-02T06:05:00Z","2026-09-02T05:40:00Z","2026-09-02T06:30:00Z","SYNTHETIC","300","330","50","60"
"SIM-S0066-P8","SIM-S0066","SIM-S0066-MIX","MIX","MIX-3","Agitator_Speed","304.988","rpm","2026-09-02T06:25:00Z","2026-09-02T05:40:00Z","2026-09-02T06:30:00Z","SYNTHETIC","300","330","50","60"
"SIM-S0066-P9","SIM-S0066","SIM-S0066-FILTER","FILTER","MIX-3","Filter_DP","52.3899","kPa","2026-09-02T06:30:00Z","2026-09-02T06:30:00Z","2026-09-02T06:45:00Z","SYNTHETIC","40","80","15","20"
"SIM-S0066-P10","SIM-S0066","SIM-S0066-FILTER","FILTER","MIX-3","Filter_DP","53.2828","kPa","2026-09-02T06:36:00Z","2026-09-02T06:30:00Z","2026-09-02T06:45:00Z","SYNTHETIC","40","80","15","20"
"SIM-S0066-P11","SIM-S0066","SIM-S0066-FILTER","FILTER","MIX-3","Filter_DP","54.017","kPa","2026-09-02T06:42:00Z","2026-09-02T06:30:00Z","2026-09-02T06:45:00Z","SYNTHETIC","40","80","15","20"
"SIM-S0067-P0","SIM-S0067","SIM-S0067-MIX","MIX","MIX-1","Temperature","25.5328","C","2026-09-02T07:10:00Z","2026-09-02T07:10:00Z","2026-09-02T08:00:00Z","SYNTHETIC","25","30","50","60"
"SIM-S0067-P1","SIM-S0067","SIM-S0067-MIX","MIX","MIX-1","Temperature","25.4097","C","2026-09-02T07:18:00Z","2026-09-02T07:10:00Z","2026-09-02T08:00:00Z","SYNTHETIC","25","30","50","60"
"SIM-S0067-P2","SIM-S0067","SIM-S0067-MIX","MIX","MIX-1","Temperature","25.3922","C","2026-09-02T07:26:00Z","2026-09-02T07:10:00Z","2026-09-02T08:00:00Z","SYNTHETIC","25","30","50","60"
"SIM-S0067-P3","SIM-S0067","SIM-S0067-MIX","MIX","MIX-1","Temperature","25.5058","C","2026-09-02T07:34:00Z","2026-09-02T07:10:00Z","2026-09-02T08:00:00Z","SYNTHETIC","25","30","50","60"
"SIM-S0067-P4","SIM-S0067","SIM-S0067-MIX","MIX","MIX-1","Temperature","25.6758","C","2026-09-02T07:42:00Z","2026-09-02T07:10:00Z","2026-09-02T08:00:00Z","SYNTHETIC","25","30","50","60"
"SIM-S0067-P5","SIM-S0067","SIM-S0067-MIX","MIX","MIX-1","Temperature","25.2688","C","2026-09-02T07:50:00Z","2026-09-02T07:10:00Z","2026-09-02T08:00:00Z","SYNTHETIC","25","30","50","60"
"SIM-S0067-P6","SIM-S0067","SIM-S0067-MIX","MIX","MIX-1","Agitator_Speed","299.9698","rpm","2026-09-02T07:15:00Z","2026-09-02T07:10:00Z","2026-09-02T08:00:00Z","SYNTHETIC","300","330","50","60"
"SIM-S0067-P7","SIM-S0067","SIM-S0067-MIX","MIX","MIX-1","Agitator_Speed","299.7578","rpm","2026-09-02T07:35:00Z","2026-09-02T07:10:00Z","2026-09-02T08:00:00Z","SYNTHETIC","300","330","50","60"
"SIM-S0067-P8","SIM-S0067","SIM-S0067-MIX","MIX","MIX-1","Agitator_Speed","299.4303","rpm","2026-09-02T07:55:00Z","2026-09-02T07:10:00Z","2026-09-02T08:00:00Z","SYNTHETIC","300","330","50","60"
"SIM-S0067-P9","SIM-S0067","SIM-S0067-FILTER","FILTER","MIX-1","Filter_DP","53.9917","kPa","2026-09-02T08:00:00Z","2026-09-02T08:00:00Z","2026-09-02T08:15:00Z","SYNTHETIC","40","80","15","20"
"SIM-S0067-P10","SIM-S0067","SIM-S0067-FILTER","FILTER","MIX-1","Filter_DP","55.4576","kPa","2026-09-02T08:06:00Z","2026-09-02T08:00:00Z","2026-09-02T08:15:00Z","SYNTHETIC","40","80","15","20"
"SIM-S0067-P11","SIM-S0067","SIM-S0067-FILTER","FILTER","MIX-1","Filter_DP","56.0697","kPa","2026-09-02T08:12:00Z","2026-09-02T08:00:00Z","2026-09-02T08:15:00Z","SYNTHETIC","40","80","15","20"
"SIM-S0068-P0","SIM-S0068","SIM-S0068-MIX","MIX","MIX-2","Temperature","24.5969","C","2026-09-02T07:10:00Z","2026-09-02T07:10:00Z","2026-09-02T08:00:00Z","SYNTHETIC","25","30","50","60"
"SIM-S0068-P1","SIM-S0068","SIM-S0068-MIX","MIX","MIX-2","Temperature","25.115","C","2026-09-02T07:18:00Z","2026-09-02T07:10:00Z","2026-09-02T08:00:00Z","SYNTHETIC","25","30","50","60"
"SIM-S0068-P2","SIM-S0068","SIM-S0068-MIX","MIX","MIX-2","Temperature","24.9096","C","2026-09-02T07:26:00Z","2026-09-02T07:10:00Z","2026-09-02T08:00:00Z","SYNTHETIC","25","30","50","60"
"SIM-S0068-P3","SIM-S0068","SIM-S0068-MIX","MIX","MIX-2","Temperature","24.949","C","2026-09-02T07:34:00Z","2026-09-02T07:10:00Z","2026-09-02T08:00:00Z","SYNTHETIC","25","30","50","60"
"SIM-S0068-P4","SIM-S0068","SIM-S0068-MIX","MIX","MIX-2","Temperature","24.8796","C","2026-09-02T07:42:00Z","2026-09-02T07:10:00Z","2026-09-02T08:00:00Z","SYNTHETIC","25","30","50","60"
"SIM-S0068-P5","SIM-S0068","SIM-S0068-MIX","MIX","MIX-2","Temperature","24.9748","C","2026-09-02T07:50:00Z","2026-09-02T07:10:00Z","2026-09-02T08:00:00Z","SYNTHETIC","25","30","50","60"
"SIM-S0068-P6","SIM-S0068","SIM-S0068-MIX","MIX","MIX-2","Agitator_Speed","298.885","rpm","2026-09-02T07:15:00Z","2026-09-02T07:10:00Z","2026-09-02T08:00:00Z","SYNTHETIC","300","330","50","60"
"SIM-S0068-P7","SIM-S0068","SIM-S0068-MIX","MIX","MIX-2","Agitator_Speed","301.621","rpm","2026-09-02T07:35:00Z","2026-09-02T07:10:00Z","2026-09-02T08:00:00Z","SYNTHETIC","300","330","50","60"
"SIM-S0068-P8","SIM-S0068","SIM-S0068-MIX","MIX","MIX-2","Agitator_Speed","298.2544","rpm","2026-09-02T07:55:00Z","2026-09-02T07:10:00Z","2026-09-02T08:00:00Z","SYNTHETIC","300","330","50","60"
"SIM-S0068-P9","SIM-S0068","SIM-S0068-FILTER","FILTER","MIX-2","Filter_DP","52.8399","kPa","2026-09-02T08:00:00Z","2026-09-02T08:00:00Z","2026-09-02T08:15:00Z","SYNTHETIC","40","80","15","20"
"SIM-S0068-P10","SIM-S0068","SIM-S0068-FILTER","FILTER","MIX-2","Filter_DP","54.1003","kPa","2026-09-02T08:06:00Z","2026-09-02T08:00:00Z","2026-09-02T08:15:00Z","SYNTHETIC","40","80","15","20"
"SIM-S0068-P11","SIM-S0068","SIM-S0068-FILTER","FILTER","MIX-2","Filter_DP","54.2062","kPa","2026-09-02T08:12:00Z","2026-09-02T08:00:00Z","2026-09-02T08:15:00Z","SYNTHETIC","40","80","15","20"
"SIM-S0069-P0","SIM-S0069","SIM-S0069-MIX","MIX","MIX-3","Temperature","25.4301","C","2026-09-02T07:10:00Z","2026-09-02T07:10:00Z","2026-09-02T08:00:00Z","SYNTHETIC","25","30","50","60"
"SIM-S0069-P1","SIM-S0069","SIM-S0069-MIX","MIX","MIX-3","Temperature","25.6754","C","2026-09-02T07:18:00Z","2026-09-02T07:10:00Z","2026-09-02T08:00:00Z","SYNTHETIC","25","30","50","60"
"SIM-S0069-P2","SIM-S0069","SIM-S0069-MIX","MIX","MIX-3","Temperature","25.6122","C","2026-09-02T07:26:00Z","2026-09-02T07:10:00Z","2026-09-02T08:00:00Z","SYNTHETIC","25","30","50","60"
"SIM-S0069-P3","SIM-S0069","SIM-S0069-MIX","MIX","MIX-3","Temperature","25.6574","C","2026-09-02T07:34:00Z","2026-09-02T07:10:00Z","2026-09-02T08:00:00Z","SYNTHETIC","25","30","50","60"
"SIM-S0069-P4","SIM-S0069","SIM-S0069-MIX","MIX","MIX-3","Temperature","25.6677","C","2026-09-02T07:42:00Z","2026-09-02T07:10:00Z","2026-09-02T08:00:00Z","SYNTHETIC","25","30","50","60"
"SIM-S0069-P5","SIM-S0069","SIM-S0069-MIX","MIX","MIX-3","Temperature","25.8923","C","2026-09-02T07:50:00Z","2026-09-02T07:10:00Z","2026-09-02T08:00:00Z","SYNTHETIC","25","30","50","60"
"SIM-S0069-P6","SIM-S0069","SIM-S0069-MIX","MIX","MIX-3","Agitator_Speed","302.5656","rpm","2026-09-02T07:15:00Z","2026-09-02T07:10:00Z","2026-09-02T08:00:00Z","SYNTHETIC","300","330","50","60"
"SIM-S0069-P7","SIM-S0069","SIM-S0069-MIX","MIX","MIX-3","Agitator_Speed","304.446","rpm","2026-09-02T07:35:00Z","2026-09-02T07:10:00Z","2026-09-02T08:00:00Z","SYNTHETIC","300","330","50","60"
"SIM-S0069-P8","SIM-S0069","SIM-S0069-MIX","MIX","MIX-3","Agitator_Speed","301.1707","rpm","2026-09-02T07:55:00Z","2026-09-02T07:10:00Z","2026-09-02T08:00:00Z","SYNTHETIC","300","330","50","60"
"SIM-S0069-P9","SIM-S0069","SIM-S0069-FILTER","FILTER","MIX-3","Filter_DP","51.7653","kPa","2026-09-02T08:00:00Z","2026-09-02T08:00:00Z","2026-09-02T08:15:00Z","SYNTHETIC","40","80","15","20"
"SIM-S0069-P10","SIM-S0069","SIM-S0069-FILTER","FILTER","MIX-3","Filter_DP","53.2016","kPa","2026-09-02T08:06:00Z","2026-09-02T08:00:00Z","2026-09-02T08:15:00Z","SYNTHETIC","40","80","15","20"
"SIM-S0069-P11","SIM-S0069","SIM-S0069-FILTER","FILTER","MIX-3","Filter_DP","53.9283","kPa","2026-09-02T08:12:00Z","2026-09-02T08:00:00Z","2026-09-02T08:15:00Z","SYNTHETIC","40","80","15","20"
"SIM-S0070-P0","SIM-S0070","SIM-S0070-MIX","MIX","MIX-1","Temperature","25.2192","C","2026-09-02T08:40:00Z","2026-09-02T08:40:00Z","2026-09-02T09:30:00Z","SYNTHETIC","25","30","50","60"
"SIM-S0070-P1","SIM-S0070","SIM-S0070-MIX","MIX","MIX-1","Temperature","25.0881","C","2026-09-02T08:48:00Z","2026-09-02T08:40:00Z","2026-09-02T09:30:00Z","SYNTHETIC","25","30","50","60"
"SIM-S0070-P2","SIM-S0070","SIM-S0070-MIX","MIX","MIX-1","Temperature","25.1303","C","2026-09-02T08:56:00Z","2026-09-02T08:40:00Z","2026-09-02T09:30:00Z","SYNTHETIC","25","30","50","60"
"SIM-S0070-P3","SIM-S0070","SIM-S0070-MIX","MIX","MIX-1","Temperature","25.1256","C","2026-09-02T09:04:00Z","2026-09-02T08:40:00Z","2026-09-02T09:30:00Z","SYNTHETIC","25","30","50","60"
"SIM-S0070-P4","SIM-S0070","SIM-S0070-MIX","MIX","MIX-1","Temperature","25.4132","C","2026-09-02T09:12:00Z","2026-09-02T08:40:00Z","2026-09-02T09:30:00Z","SYNTHETIC","25","30","50","60"
"SIM-S0070-P5","SIM-S0070","SIM-S0070-MIX","MIX","MIX-1","Temperature","25.1168","C","2026-09-02T09:20:00Z","2026-09-02T08:40:00Z","2026-09-02T09:30:00Z","SYNTHETIC","25","30","50","60"
"SIM-S0070-P6","SIM-S0070","SIM-S0070-MIX","MIX","MIX-1","Agitator_Speed","301.1506","rpm","2026-09-02T08:45:00Z","2026-09-02T08:40:00Z","2026-09-02T09:30:00Z","SYNTHETIC","300","330","50","60"
"SIM-S0070-P7","SIM-S0070","SIM-S0070-MIX","MIX","MIX-1","Agitator_Speed","303.1956","rpm","2026-09-02T09:05:00Z","2026-09-02T08:40:00Z","2026-09-02T09:30:00Z","SYNTHETIC","300","330","50","60"
"SIM-S0070-P8","SIM-S0070","SIM-S0070-MIX","MIX","MIX-1","Agitator_Speed","299.3463","rpm","2026-09-02T09:25:00Z","2026-09-02T08:40:00Z","2026-09-02T09:30:00Z","SYNTHETIC","300","330","50","60"
"SIM-S0070-P9","SIM-S0070","SIM-S0070-FILTER","FILTER","MIX-1","Filter_DP","54.7513","kPa","2026-09-02T09:30:00Z","2026-09-02T09:30:00Z","2026-09-02T09:45:00Z","SYNTHETIC","40","80","15","20"
"SIM-S0070-P10","SIM-S0070","SIM-S0070-FILTER","FILTER","MIX-1","Filter_DP","55.2345","kPa","2026-09-02T09:36:00Z","2026-09-02T09:30:00Z","2026-09-02T09:45:00Z","SYNTHETIC","40","80","15","20"
"SIM-S0070-P11","SIM-S0070","SIM-S0070-FILTER","FILTER","MIX-1","Filter_DP","56.1372","kPa","2026-09-02T09:42:00Z","2026-09-02T09:30:00Z","2026-09-02T09:45:00Z","SYNTHETIC","40","80","15","20"
"SIM-S0071-P0","SIM-S0071","SIM-S0071-MIX","MIX","MIX-2","Temperature","25.5088","C","2026-09-02T08:40:00Z","2026-09-02T08:40:00Z","2026-09-02T09:30:00Z","SYNTHETIC","25","30","50","60"
"SIM-S0071-P1","SIM-S0071","SIM-S0071-MIX","MIX","MIX-2","Temperature","25.8607","C","2026-09-02T08:48:00Z","2026-09-02T08:40:00Z","2026-09-02T09:30:00Z","SYNTHETIC","25","30","50","60"
"SIM-S0071-P2","SIM-S0071","SIM-S0071-MIX","MIX","MIX-2","Temperature","25.6084","C","2026-09-02T08:56:00Z","2026-09-02T08:40:00Z","2026-09-02T09:30:00Z","SYNTHETIC","25","30","50","60"
"SIM-S0071-P3","SIM-S0071","SIM-S0071-MIX","MIX","MIX-2","Temperature","25.7853","C","2026-09-02T09:04:00Z","2026-09-02T08:40:00Z","2026-09-02T09:30:00Z","SYNTHETIC","25","30","50","60"
"SIM-S0071-P4","SIM-S0071","SIM-S0071-MIX","MIX","MIX-2","Temperature","25.4519","C","2026-09-02T09:12:00Z","2026-09-02T08:40:00Z","2026-09-02T09:30:00Z","SYNTHETIC","25","30","50","60"
"SIM-S0071-P5","SIM-S0071","SIM-S0071-MIX","MIX","MIX-2","Temperature","25.7312","C","2026-09-02T09:20:00Z","2026-09-02T08:40:00Z","2026-09-02T09:30:00Z","SYNTHETIC","25","30","50","60"
"SIM-S0071-P6","SIM-S0071","SIM-S0071-MIX","MIX","MIX-2","Agitator_Speed","294.9198","rpm","2026-09-02T08:45:00Z","2026-09-02T08:40:00Z","2026-09-02T09:30:00Z","SYNTHETIC","300","330","50","60"
"SIM-S0071-P7","SIM-S0071","SIM-S0071-MIX","MIX","MIX-2","Agitator_Speed","295.7712","rpm","2026-09-02T09:05:00Z","2026-09-02T08:40:00Z","2026-09-02T09:30:00Z","SYNTHETIC","300","330","50","60"
"SIM-S0071-P8","SIM-S0071","SIM-S0071-MIX","MIX","MIX-2","Agitator_Speed","293.654","rpm","2026-09-02T09:25:00Z","2026-09-02T08:40:00Z","2026-09-02T09:30:00Z","SYNTHETIC","300","330","50","60"
"SIM-S0071-P9","SIM-S0071","SIM-S0071-FILTER","FILTER","MIX-2","Filter_DP","58.8068","kPa","2026-09-02T09:30:00Z","2026-09-02T09:30:00Z","2026-09-02T09:45:00Z","SYNTHETIC","40","80","15","20"
"SIM-S0071-P10","SIM-S0071","SIM-S0071-FILTER","FILTER","MIX-2","Filter_DP","59.1406","kPa","2026-09-02T09:36:00Z","2026-09-02T09:30:00Z","2026-09-02T09:45:00Z","SYNTHETIC","40","80","15","20"
"SIM-S0071-P11","SIM-S0071","SIM-S0071-FILTER","FILTER","MIX-2","Filter_DP","59.4478","kPa","2026-09-02T09:42:00Z","2026-09-02T09:30:00Z","2026-09-02T09:45:00Z","SYNTHETIC","40","80","15","20"
"SIM-S0072-P0","SIM-S0072","SIM-S0072-MIX","MIX","MIX-3","Temperature","25.0129","C","2026-09-02T08:40:00Z","2026-09-02T08:40:00Z","2026-09-02T09:30:00Z","SYNTHETIC","25","30","50","60"
"SIM-S0072-P1","SIM-S0072","SIM-S0072-MIX","MIX","MIX-3","Temperature","25.222","C","2026-09-02T08:48:00Z","2026-09-02T08:40:00Z","2026-09-02T09:30:00Z","SYNTHETIC","25","30","50","60"
"SIM-S0072-P2","SIM-S0072","SIM-S0072-MIX","MIX","MIX-3","Temperature","24.9592","C","2026-09-02T08:56:00Z","2026-09-02T08:40:00Z","2026-09-02T09:30:00Z","SYNTHETIC","25","30","50","60"
"SIM-S0072-P3","SIM-S0072","SIM-S0072-MIX","MIX","MIX-3","Temperature","25.3541","C","2026-09-02T09:04:00Z","2026-09-02T08:40:00Z","2026-09-02T09:30:00Z","SYNTHETIC","25","30","50","60"
"SIM-S0072-P4","SIM-S0072","SIM-S0072-MIX","MIX","MIX-3","Temperature","25.3836","C","2026-09-02T09:12:00Z","2026-09-02T08:40:00Z","2026-09-02T09:30:00Z","SYNTHETIC","25","30","50","60"
"SIM-S0072-P5","SIM-S0072","SIM-S0072-MIX","MIX","MIX-3","Temperature","25.3623","C","2026-09-02T09:20:00Z","2026-09-02T08:40:00Z","2026-09-02T09:30:00Z","SYNTHETIC","25","30","50","60"
"SIM-S0072-P6","SIM-S0072","SIM-S0072-MIX","MIX","MIX-3","Agitator_Speed","300.6763","rpm","2026-09-02T08:45:00Z","2026-09-02T08:40:00Z","2026-09-02T09:30:00Z","SYNTHETIC","300","330","50","60"
"SIM-S0072-P7","SIM-S0072","SIM-S0072-MIX","MIX","MIX-3","Agitator_Speed","298.8187","rpm","2026-09-02T09:05:00Z","2026-09-02T08:40:00Z","2026-09-02T09:30:00Z","SYNTHETIC","300","330","50","60"
"SIM-S0072-P8","SIM-S0072","SIM-S0072-MIX","MIX","MIX-3","Agitator_Speed","298.0352","rpm","2026-09-02T09:25:00Z","2026-09-02T08:40:00Z","2026-09-02T09:30:00Z","SYNTHETIC","300","330","50","60"
"SIM-S0072-P9","SIM-S0072","SIM-S0072-FILTER","FILTER","MIX-3","Filter_DP","57.1335","kPa","2026-09-02T09:30:00Z","2026-09-02T09:30:00Z","2026-09-02T09:45:00Z","SYNTHETIC","40","80","15","20"
"SIM-S0072-P10","SIM-S0072","SIM-S0072-FILTER","FILTER","MIX-3","Filter_DP","58.2988","kPa","2026-09-02T09:36:00Z","2026-09-02T09:30:00Z","2026-09-02T09:45:00Z","SYNTHETIC","40","80","15","20"
"SIM-S0072-P11","SIM-S0072","SIM-S0072-FILTER","FILTER","MIX-3","Filter_DP","59.0025","kPa","2026-09-02T09:42:00Z","2026-09-02T09:30:00Z","2026-09-02T09:45:00Z","SYNTHETIC","40","80","15","20"
"SIM-S0073-P0","SIM-S0073","SIM-S0073-MIX","MIX","MIX-1","Temperature","25.3182","C","2026-09-02T10:10:00Z","2026-09-02T10:10:00Z","2026-09-02T11:00:00Z","SYNTHETIC","25","30","50","60"
"SIM-S0073-P1","SIM-S0073","SIM-S0073-MIX","MIX","MIX-1","Temperature","25.1742","C","2026-09-02T10:18:00Z","2026-09-02T10:10:00Z","2026-09-02T11:00:00Z","SYNTHETIC","25","30","50","60"
"SIM-S0073-P2","SIM-S0073","SIM-S0073-MIX","MIX","MIX-1","Temperature","25.5195","C","2026-09-02T10:26:00Z","2026-09-02T10:10:00Z","2026-09-02T11:00:00Z","SYNTHETIC","25","30","50","60"
"SIM-S0073-P3","SIM-S0073","SIM-S0073-MIX","MIX","MIX-1","Temperature","25.2168","C","2026-09-02T10:34:00Z","2026-09-02T10:10:00Z","2026-09-02T11:00:00Z","SYNTHETIC","25","30","50","60"
"SIM-S0073-P4","SIM-S0073","SIM-S0073-MIX","MIX","MIX-1","Temperature","25.4259","C","2026-09-02T10:42:00Z","2026-09-02T10:10:00Z","2026-09-02T11:00:00Z","SYNTHETIC","25","30","50","60"
"SIM-S0073-P5","SIM-S0073","SIM-S0073-MIX","MIX","MIX-1","Temperature","25.3848","C","2026-09-02T10:50:00Z","2026-09-02T10:10:00Z","2026-09-02T11:00:00Z","SYNTHETIC","25","30","50","60"
"SIM-S0073-P6","SIM-S0073","SIM-S0073-MIX","MIX","MIX-1","Agitator_Speed","298.9197","rpm","2026-09-02T10:15:00Z","2026-09-02T10:10:00Z","2026-09-02T11:00:00Z","SYNTHETIC","300","330","50","60"
"SIM-S0073-P7","SIM-S0073","SIM-S0073-MIX","MIX","MIX-1","Agitator_Speed","299.8122","rpm","2026-09-02T10:35:00Z","2026-09-02T10:10:00Z","2026-09-02T11:00:00Z","SYNTHETIC","300","330","50","60"
"SIM-S0073-P8","SIM-S0073","SIM-S0073-MIX","MIX","MIX-1","Agitator_Speed","298.7327","rpm","2026-09-02T10:55:00Z","2026-09-02T10:10:00Z","2026-09-02T11:00:00Z","SYNTHETIC","300","330","50","60"
"SIM-S0073-P9","SIM-S0073","SIM-S0073-FILTER","FILTER","MIX-1","Filter_DP","32.6692","kPa","2026-09-02T11:00:00Z","2026-09-02T11:00:00Z","2026-09-02T11:15:00Z","SYNTHETIC","40","80","15","20"
"SIM-S0073-P10","SIM-S0073","SIM-S0073-FILTER","FILTER","MIX-1","Filter_DP","34.4627","kPa","2026-09-02T11:06:00Z","2026-09-02T11:00:00Z","2026-09-02T11:15:00Z","SYNTHETIC","40","80","15","20"
"SIM-S0073-P11","SIM-S0073","SIM-S0073-FILTER","FILTER","MIX-1","Filter_DP","36.1503","kPa","2026-09-02T11:12:00Z","2026-09-02T11:00:00Z","2026-09-02T11:15:00Z","SYNTHETIC","40","80","15","20"
"SIM-S0074-P0","SIM-S0074","SIM-S0074-MIX","MIX","MIX-2","Temperature","26.149","C","2026-09-02T10:10:00Z","2026-09-02T10:10:00Z","2026-09-02T11:00:00Z","SYNTHETIC","25","30","50","60"
"SIM-S0074-P1","SIM-S0074","SIM-S0074-MIX","MIX","MIX-2","Temperature","25.9436","C","2026-09-02T10:18:00Z","2026-09-02T10:10:00Z","2026-09-02T11:00:00Z","SYNTHETIC","25","30","50","60"
"SIM-S0074-P2","SIM-S0074","SIM-S0074-MIX","MIX","MIX-2","Temperature","26.0426","C","2026-09-02T10:26:00Z","2026-09-02T10:10:00Z","2026-09-02T11:00:00Z","SYNTHETIC","25","30","50","60"
"SIM-S0074-P3","SIM-S0074","SIM-S0074-MIX","MIX","MIX-2","Temperature","25.9287","C","2026-09-02T10:34:00Z","2026-09-02T10:10:00Z","2026-09-02T11:00:00Z","SYNTHETIC","25","30","50","60"
"SIM-S0074-P4","SIM-S0074","SIM-S0074-MIX","MIX","MIX-2","Temperature","25.7505","C","2026-09-02T10:42:00Z","2026-09-02T10:10:00Z","2026-09-02T11:00:00Z","SYNTHETIC","25","30","50","60"
"SIM-S0074-P5","SIM-S0074","SIM-S0074-MIX","MIX","MIX-2","Temperature","26.0918","C","2026-09-02T10:50:00Z","2026-09-02T10:10:00Z","2026-09-02T11:00:00Z","SYNTHETIC","25","30","50","60"
"SIM-S0074-P6","SIM-S0074","SIM-S0074-MIX","MIX","MIX-2","Agitator_Speed","301.2487","rpm","2026-09-02T10:15:00Z","2026-09-02T10:10:00Z","2026-09-02T11:00:00Z","SYNTHETIC","300","330","50","60"
"SIM-S0074-P7","SIM-S0074","SIM-S0074-MIX","MIX","MIX-2","Agitator_Speed","302.4402","rpm","2026-09-02T10:35:00Z","2026-09-02T10:10:00Z","2026-09-02T11:00:00Z","SYNTHETIC","300","330","50","60"
"SIM-S0074-P8","SIM-S0074","SIM-S0074-MIX","MIX","MIX-2","Agitator_Speed","301.0306","rpm","2026-09-02T10:55:00Z","2026-09-02T10:10:00Z","2026-09-02T11:00:00Z","SYNTHETIC","300","330","50","60"
"SIM-S0074-P9","SIM-S0074","SIM-S0074-FILTER","FILTER","MIX-2","Filter_DP","34.8907","kPa","2026-09-02T11:00:00Z","2026-09-02T11:00:00Z","2026-09-02T11:15:00Z","SYNTHETIC","40","80","15","20"
"SIM-S0074-P10","SIM-S0074","SIM-S0074-FILTER","FILTER","MIX-2","Filter_DP","35.7099","kPa","2026-09-02T11:06:00Z","2026-09-02T11:00:00Z","2026-09-02T11:15:00Z","SYNTHETIC","40","80","15","20"
"SIM-S0074-P11","SIM-S0074","SIM-S0074-FILTER","FILTER","MIX-2","Filter_DP","36.8735","kPa","2026-09-02T11:12:00Z","2026-09-02T11:00:00Z","2026-09-02T11:15:00Z","SYNTHETIC","40","80","15","20"
"SIM-S0075-P0","SIM-S0075","SIM-S0075-MIX","MIX","MIX-3","Temperature","26.1582","C","2026-09-02T10:10:00Z","2026-09-02T10:10:00Z","2026-09-02T11:00:00Z","SYNTHETIC","25","30","50","60"
"SIM-S0075-P1","SIM-S0075","SIM-S0075-MIX","MIX","MIX-3","Temperature","25.8628","C","2026-09-02T10:18:00Z","2026-09-02T10:10:00Z","2026-09-02T11:00:00Z","SYNTHETIC","25","30","50","60"
"SIM-S0075-P2","SIM-S0075","SIM-S0075-MIX","MIX","MIX-3","Temperature","25.9628","C","2026-09-02T10:26:00Z","2026-09-02T10:10:00Z","2026-09-02T11:00:00Z","SYNTHETIC","25","30","50","60"
"SIM-S0075-P3","SIM-S0075","SIM-S0075-MIX","MIX","MIX-3","Temperature","26.0299","C","2026-09-02T10:34:00Z","2026-09-02T10:10:00Z","2026-09-02T11:00:00Z","SYNTHETIC","25","30","50","60"
"SIM-S0075-P4","SIM-S0075","SIM-S0075-MIX","MIX","MIX-3","Temperature","26.2754","C","2026-09-02T10:42:00Z","2026-09-02T10:10:00Z","2026-09-02T11:00:00Z","SYNTHETIC","25","30","50","60"
"SIM-S0075-P5","SIM-S0075","SIM-S0075-MIX","MIX","MIX-3","Temperature","26.389","C","2026-09-02T10:50:00Z","2026-09-02T10:10:00Z","2026-09-02T11:00:00Z","SYNTHETIC","25","30","50","60"
"SIM-S0075-P6","SIM-S0075","SIM-S0075-MIX","MIX","MIX-3","Agitator_Speed","298.8326","rpm","2026-09-02T10:15:00Z","2026-09-02T10:10:00Z","2026-09-02T11:00:00Z","SYNTHETIC","300","330","50","60"
"SIM-S0075-P7","SIM-S0075","SIM-S0075-MIX","MIX","MIX-3","Agitator_Speed","299.6271","rpm","2026-09-02T10:35:00Z","2026-09-02T10:10:00Z","2026-09-02T11:00:00Z","SYNTHETIC","300","330","50","60"
"SIM-S0075-P8","SIM-S0075","SIM-S0075-MIX","MIX","MIX-3","Agitator_Speed","299.7333","rpm","2026-09-02T10:55:00Z","2026-09-02T10:10:00Z","2026-09-02T11:00:00Z","SYNTHETIC","300","330","50","60"
"SIM-S0075-P9","SIM-S0075","SIM-S0075-FILTER","FILTER","MIX-3","Filter_DP","39.0251","kPa","2026-09-02T11:00:00Z","2026-09-02T11:00:00Z","2026-09-02T11:15:00Z","SYNTHETIC","40","80","15","20"
"SIM-S0075-P10","SIM-S0075","SIM-S0075-FILTER","FILTER","MIX-3","Filter_DP","41.0593","kPa","2026-09-02T11:06:00Z","2026-09-02T11:00:00Z","2026-09-02T11:15:00Z","SYNTHETIC","40","80","15","20"
"SIM-S0075-P11","SIM-S0075","SIM-S0075-FILTER","FILTER","MIX-3","Filter_DP","41.5678","kPa","2026-09-02T11:12:00Z","2026-09-02T11:00:00Z","2026-09-02T11:15:00Z","SYNTHETIC","40","80","15","20"
"SIM-S0076-P0","SIM-S0076","SIM-S0076-MIX","MIX","MIX-1","Temperature","26.2765","C","2026-09-02T11:40:00Z","2026-09-02T11:40:00Z","2026-09-02T12:30:00Z","SYNTHETIC","25","30","50","60"
"SIM-S0076-P1","SIM-S0076","SIM-S0076-MIX","MIX","MIX-1","Temperature","26.0309","C","2026-09-02T11:48:00Z","2026-09-02T11:40:00Z","2026-09-02T12:30:00Z","SYNTHETIC","25","30","50","60"
"SIM-S0076-P2","SIM-S0076","SIM-S0076-MIX","MIX","MIX-1","Temperature","25.9524","C","2026-09-02T11:56:00Z","2026-09-02T11:40:00Z","2026-09-02T12:30:00Z","SYNTHETIC","25","30","50","60"
"SIM-S0076-P3","SIM-S0076","SIM-S0076-MIX","MIX","MIX-1","Temperature","26.087","C","2026-09-02T12:04:00Z","2026-09-02T11:40:00Z","2026-09-02T12:30:00Z","SYNTHETIC","25","30","50","60"
"SIM-S0076-P4","SIM-S0076","SIM-S0076-MIX","MIX","MIX-1","Temperature","25.9525","C","2026-09-02T12:12:00Z","2026-09-02T11:40:00Z","2026-09-02T12:30:00Z","SYNTHETIC","25","30","50","60"
"SIM-S0076-P5","SIM-S0076","SIM-S0076-MIX","MIX","MIX-1","Temperature","26.1146","C","2026-09-02T12:20:00Z","2026-09-02T11:40:00Z","2026-09-02T12:30:00Z","SYNTHETIC","25","30","50","60"
"SIM-S0076-P6","SIM-S0076","SIM-S0076-MIX","MIX","MIX-1","Agitator_Speed","301.4569","rpm","2026-09-02T11:45:00Z","2026-09-02T11:40:00Z","2026-09-02T12:30:00Z","SYNTHETIC","300","330","50","60"
"SIM-S0076-P7","SIM-S0076","SIM-S0076-MIX","MIX","MIX-1","Agitator_Speed","301.2884","rpm","2026-09-02T12:05:00Z","2026-09-02T11:40:00Z","2026-09-02T12:30:00Z","SYNTHETIC","300","330","50","60"
"SIM-S0076-P8","SIM-S0076","SIM-S0076-MIX","MIX","MIX-1","Agitator_Speed","300.2348","rpm","2026-09-02T12:25:00Z","2026-09-02T11:40:00Z","2026-09-02T12:30:00Z","SYNTHETIC","300","330","50","60"
"SIM-S0076-P9","SIM-S0076","SIM-S0076-FILTER","FILTER","MIX-1","Filter_DP","38.4441","kPa","2026-09-02T12:30:00Z","2026-09-02T12:30:00Z","2026-09-02T12:45:00Z","SYNTHETIC","40","80","15","20"
"SIM-S0076-P10","SIM-S0076","SIM-S0076-FILTER","FILTER","MIX-1","Filter_DP","39.3559","kPa","2026-09-02T12:36:00Z","2026-09-02T12:30:00Z","2026-09-02T12:45:00Z","SYNTHETIC","40","80","15","20"
"SIM-S0076-P11","SIM-S0076","SIM-S0076-FILTER","FILTER","MIX-1","Filter_DP","40.1147","kPa","2026-09-02T12:42:00Z","2026-09-02T12:30:00Z","2026-09-02T12:45:00Z","SYNTHETIC","40","80","15","20"
"SIM-S0077-P0","SIM-S0077","SIM-S0077-MIX","MIX","MIX-2","Temperature","25.3842","C","2026-09-02T11:40:00Z","2026-09-02T11:40:00Z","2026-09-02T12:30:00Z","SYNTHETIC","25","30","50","60"
"SIM-S0077-P1","SIM-S0077","SIM-S0077-MIX","MIX","MIX-2","Temperature","25.3159","C","2026-09-02T11:48:00Z","2026-09-02T11:40:00Z","2026-09-02T12:30:00Z","SYNTHETIC","25","30","50","60"
"SIM-S0077-P2","SIM-S0077","SIM-S0077-MIX","MIX","MIX-2","Temperature","25.084","C","2026-09-02T11:56:00Z","2026-09-02T11:40:00Z","2026-09-02T12:30:00Z","SYNTHETIC","25","30","50","60"
"SIM-S0077-P3","SIM-S0077","SIM-S0077-MIX","MIX","MIX-2","Temperature","25.1823","C","2026-09-02T12:04:00Z","2026-09-02T11:40:00Z","2026-09-02T12:30:00Z","SYNTHETIC","25","30","50","60"
"SIM-S0077-P4","SIM-S0077","SIM-S0077-MIX","MIX","MIX-2","Temperature","25.0178","C","2026-09-02T12:12:00Z","2026-09-02T11:40:00Z","2026-09-02T12:30:00Z","SYNTHETIC","25","30","50","60"
"SIM-S0077-P5","SIM-S0077","SIM-S0077-MIX","MIX","MIX-2","Temperature","25.1298","C","2026-09-02T12:20:00Z","2026-09-02T11:40:00Z","2026-09-02T12:30:00Z","SYNTHETIC","25","30","50","60"
"SIM-S0077-P6","SIM-S0077","SIM-S0077-MIX","MIX","MIX-2","Agitator_Speed","297.4933","rpm","2026-09-02T11:45:00Z","2026-09-02T11:40:00Z","2026-09-02T12:30:00Z","SYNTHETIC","300","330","50","60"
"SIM-S0077-P7","SIM-S0077","SIM-S0077-MIX","MIX","MIX-2","Agitator_Speed","296.4652","rpm","2026-09-02T12:05:00Z","2026-09-02T11:40:00Z","2026-09-02T12:30:00Z","SYNTHETIC","300","330","50","60"
"SIM-S0077-P8","SIM-S0077","SIM-S0077-MIX","MIX","MIX-2","Agitator_Speed","294.8268","rpm","2026-09-02T12:25:00Z","2026-09-02T11:40:00Z","2026-09-02T12:30:00Z","SYNTHETIC","300","330","50","60"
"SIM-S0077-P9","SIM-S0077","SIM-S0077-FILTER","FILTER","MIX-2","Filter_DP","39.3081","kPa","2026-09-02T12:30:00Z","2026-09-02T12:30:00Z","2026-09-02T12:45:00Z","SYNTHETIC","40","80","15","20"
"SIM-S0077-P10","SIM-S0077","SIM-S0077-FILTER","FILTER","MIX-2","Filter_DP","40.8212","kPa","2026-09-02T12:36:00Z","2026-09-02T12:30:00Z","2026-09-02T12:45:00Z","SYNTHETIC","40","80","15","20"
"SIM-S0077-P11","SIM-S0077","SIM-S0077-FILTER","FILTER","MIX-2","Filter_DP","40.4575","kPa","2026-09-02T12:42:00Z","2026-09-02T12:30:00Z","2026-09-02T12:45:00Z","SYNTHETIC","40","80","15","20"
"SIM-S0078-P0","SIM-S0078","SIM-S0078-MIX","MIX","MIX-3","Temperature","25.4677","C","2026-09-02T11:40:00Z","2026-09-02T11:40:00Z","2026-09-02T12:30:00Z","SYNTHETIC","25","30","50","60"
"SIM-S0078-P1","SIM-S0078","SIM-S0078-MIX","MIX","MIX-3","Temperature","25.8361","C","2026-09-02T11:48:00Z","2026-09-02T11:40:00Z","2026-09-02T12:30:00Z","SYNTHETIC","25","30","50","60"
"SIM-S0078-P2","SIM-S0078","SIM-S0078-MIX","MIX","MIX-3","Temperature","25.3283","C","2026-09-02T11:56:00Z","2026-09-02T11:40:00Z","2026-09-02T12:30:00Z","SYNTHETIC","25","30","50","60"
"SIM-S0078-P3","SIM-S0078","SIM-S0078-MIX","MIX","MIX-3","Temperature","25.7922","C","2026-09-02T12:04:00Z","2026-09-02T11:40:00Z","2026-09-02T12:30:00Z","SYNTHETIC","25","30","50","60"
"SIM-S0078-P4","SIM-S0078","SIM-S0078-MIX","MIX","MIX-3","Temperature","25.5624","C","2026-09-02T12:12:00Z","2026-09-02T11:40:00Z","2026-09-02T12:30:00Z","SYNTHETIC","25","30","50","60"
"SIM-S0078-P5","SIM-S0078","SIM-S0078-MIX","MIX","MIX-3","Temperature","25.5062","C","2026-09-02T12:20:00Z","2026-09-02T11:40:00Z","2026-09-02T12:30:00Z","SYNTHETIC","25","30","50","60"
"SIM-S0078-P6","SIM-S0078","SIM-S0078-MIX","MIX","MIX-3","Agitator_Speed","294.1136","rpm","2026-09-02T11:45:00Z","2026-09-02T11:40:00Z","2026-09-02T12:30:00Z","SYNTHETIC","300","330","50","60"
"SIM-S0078-P7","SIM-S0078","SIM-S0078-MIX","MIX","MIX-3","Agitator_Speed","295.6563","rpm","2026-09-02T12:05:00Z","2026-09-02T11:40:00Z","2026-09-02T12:30:00Z","SYNTHETIC","300","330","50","60"
"SIM-S0078-P8","SIM-S0078","SIM-S0078-MIX","MIX","MIX-3","Agitator_Speed","295.8143","rpm","2026-09-02T12:25:00Z","2026-09-02T11:40:00Z","2026-09-02T12:30:00Z","SYNTHETIC","300","330","50","60"
"SIM-S0078-P9","SIM-S0078","SIM-S0078-FILTER","FILTER","MIX-3","Filter_DP","42.698","kPa","2026-09-02T12:30:00Z","2026-09-02T12:30:00Z","2026-09-02T12:45:00Z","SYNTHETIC","40","80","15","20"
"SIM-S0078-P10","SIM-S0078","SIM-S0078-FILTER","FILTER","MIX-3","Filter_DP","43.2349","kPa","2026-09-02T12:36:00Z","2026-09-02T12:30:00Z","2026-09-02T12:45:00Z","SYNTHETIC","40","80","15","20"
"SIM-S0078-P11","SIM-S0078","SIM-S0078-FILTER","FILTER","MIX-3","Filter_DP","43.1258","kPa","2026-09-02T12:42:00Z","2026-09-02T12:30:00Z","2026-09-02T12:45:00Z","SYNTHETIC","40","80","15","20"
"SIM-S0079-P0","SIM-S0079","SIM-S0079-MIX","MIX","MIX-1","Temperature","25.635","C","2026-09-02T13:10:00Z","2026-09-02T13:10:00Z","2026-09-02T14:00:00Z","SYNTHETIC","25","30","50","60"
"SIM-S0079-P1","SIM-S0079","SIM-S0079-MIX","MIX","MIX-1","Temperature","25.2858","C","2026-09-02T13:18:00Z","2026-09-02T13:10:00Z","2026-09-02T14:00:00Z","SYNTHETIC","25","30","50","60"
"SIM-S0079-P2","SIM-S0079","SIM-S0079-MIX","MIX","MIX-1","Temperature","25.1916","C","2026-09-02T13:26:00Z","2026-09-02T13:10:00Z","2026-09-02T14:00:00Z","SYNTHETIC","25","30","50","60"
"SIM-S0079-P3","SIM-S0079","SIM-S0079-MIX","MIX","MIX-1","Temperature","25.4465","C","2026-09-02T13:34:00Z","2026-09-02T13:10:00Z","2026-09-02T14:00:00Z","SYNTHETIC","25","30","50","60"
"SIM-S0079-P4","SIM-S0079","SIM-S0079-MIX","MIX","MIX-1","Temperature","25.7046","C","2026-09-02T13:42:00Z","2026-09-02T13:10:00Z","2026-09-02T14:00:00Z","SYNTHETIC","25","30","50","60"
"SIM-S0079-P5","SIM-S0079","SIM-S0079-MIX","MIX","MIX-1","Temperature","25.4767","C","2026-09-02T13:50:00Z","2026-09-02T13:10:00Z","2026-09-02T14:00:00Z","SYNTHETIC","25","30","50","60"
"SIM-S0079-P6","SIM-S0079","SIM-S0079-MIX","MIX","MIX-1","Agitator_Speed","303.6702","rpm","2026-09-02T13:15:00Z","2026-09-02T13:10:00Z","2026-09-02T14:00:00Z","SYNTHETIC","300","330","50","60"
"SIM-S0079-P7","SIM-S0079","SIM-S0079-MIX","MIX","MIX-1","Agitator_Speed","301.064","rpm","2026-09-02T13:35:00Z","2026-09-02T13:10:00Z","2026-09-02T14:00:00Z","SYNTHETIC","300","330","50","60"
"SIM-S0079-P8","SIM-S0079","SIM-S0079-MIX","MIX","MIX-1","Agitator_Speed","302.9565","rpm","2026-09-02T13:55:00Z","2026-09-02T13:10:00Z","2026-09-02T14:00:00Z","SYNTHETIC","300","330","50","60"
"SIM-S0079-P9","SIM-S0079","SIM-S0079-FILTER","FILTER","MIX-1","Filter_DP","38.9063","kPa","2026-09-02T14:00:00Z","2026-09-02T14:00:00Z","2026-09-02T14:15:00Z","SYNTHETIC","40","80","15","20"
"SIM-S0079-P10","SIM-S0079","SIM-S0079-FILTER","FILTER","MIX-1","Filter_DP","40.0772","kPa","2026-09-02T14:06:00Z","2026-09-02T14:00:00Z","2026-09-02T14:15:00Z","SYNTHETIC","40","80","15","20"
"SIM-S0079-P11","SIM-S0079","SIM-S0079-FILTER","FILTER","MIX-1","Filter_DP","40.4127","kPa","2026-09-02T14:12:00Z","2026-09-02T14:00:00Z","2026-09-02T14:15:00Z","SYNTHETIC","40","80","15","20"
"SIM-S0080-P0","SIM-S0080","SIM-S0080-MIX","MIX","MIX-2","Temperature","24.8622","C","2026-09-02T13:10:00Z","2026-09-02T13:10:00Z","2026-09-02T14:00:00Z","SYNTHETIC","25","30","50","60"
"SIM-S0080-P1","SIM-S0080","SIM-S0080-MIX","MIX","MIX-2","Temperature","24.9473","C","2026-09-02T13:18:00Z","2026-09-02T13:10:00Z","2026-09-02T14:00:00Z","SYNTHETIC","25","30","50","60"
"SIM-S0080-P2","SIM-S0080","SIM-S0080-MIX","MIX","MIX-2","Temperature","24.638","C","2026-09-02T13:26:00Z","2026-09-02T13:10:00Z","2026-09-02T14:00:00Z","SYNTHETIC","25","30","50","60"
"SIM-S0080-P3","SIM-S0080","SIM-S0080-MIX","MIX","MIX-2","Temperature","24.8977","C","2026-09-02T13:34:00Z","2026-09-02T13:10:00Z","2026-09-02T14:00:00Z","SYNTHETIC","25","30","50","60"
"SIM-S0080-P4","SIM-S0080","SIM-S0080-MIX","MIX","MIX-2","Temperature","24.6414","C","2026-09-02T13:42:00Z","2026-09-02T13:10:00Z","2026-09-02T14:00:00Z","SYNTHETIC","25","30","50","60"
"SIM-S0080-P5","SIM-S0080","SIM-S0080-MIX","MIX","MIX-2","Temperature","24.8612","C","2026-09-02T13:50:00Z","2026-09-02T13:10:00Z","2026-09-02T14:00:00Z","SYNTHETIC","25","30","50","60"
"SIM-S0080-P6","SIM-S0080","SIM-S0080-MIX","MIX","MIX-2","Agitator_Speed","298.5748","rpm","2026-09-02T13:15:00Z","2026-09-02T13:10:00Z","2026-09-02T14:00:00Z","SYNTHETIC","300","330","50","60"
"SIM-S0080-P7","SIM-S0080","SIM-S0080-MIX","MIX","MIX-2","Agitator_Speed","296.9635","rpm","2026-09-02T13:35:00Z","2026-09-02T13:10:00Z","2026-09-02T14:00:00Z","SYNTHETIC","300","330","50","60"
"SIM-S0080-P8","SIM-S0080","SIM-S0080-MIX","MIX","MIX-2","Agitator_Speed","300.8291","rpm","2026-09-02T13:55:00Z","2026-09-02T13:10:00Z","2026-09-02T14:00:00Z","SYNTHETIC","300","330","50","60"
"SIM-S0080-P9","SIM-S0080","SIM-S0080-FILTER","FILTER","MIX-2","Filter_DP","44.4653","kPa","2026-09-02T14:00:00Z","2026-09-02T14:00:00Z","2026-09-02T14:15:00Z","SYNTHETIC","40","80","15","20"
"SIM-S0080-P10","SIM-S0080","SIM-S0080-FILTER","FILTER","MIX-2","Filter_DP","43.7236","kPa","2026-09-02T14:06:00Z","2026-09-02T14:00:00Z","2026-09-02T14:15:00Z","SYNTHETIC","40","80","15","20"
"SIM-S0080-P11","SIM-S0080","SIM-S0080-FILTER","FILTER","MIX-2","Filter_DP","45.7468","kPa","2026-09-02T14:12:00Z","2026-09-02T14:00:00Z","2026-09-02T14:15:00Z","SYNTHETIC","40","80","15","20"
"SIM-S0081-P0","SIM-S0081","SIM-S0081-MIX","MIX","MIX-3","Temperature","25.1446","C","2026-09-02T13:10:00Z","2026-09-02T13:10:00Z","2026-09-02T14:00:00Z","SYNTHETIC","25","30","50","60"
"SIM-S0081-P1","SIM-S0081","SIM-S0081-MIX","MIX","MIX-3","Temperature","25.0459","C","2026-09-02T13:18:00Z","2026-09-02T13:10:00Z","2026-09-02T14:00:00Z","SYNTHETIC","25","30","50","60"
"SIM-S0081-P2","SIM-S0081","SIM-S0081-MIX","MIX","MIX-3","Temperature","25.3891","C","2026-09-02T13:26:00Z","2026-09-02T13:10:00Z","2026-09-02T14:00:00Z","SYNTHETIC","25","30","50","60"
"SIM-S0081-P3","SIM-S0081","SIM-S0081-MIX","MIX","MIX-3","Temperature","24.9866","C","2026-09-02T13:34:00Z","2026-09-02T13:10:00Z","2026-09-02T14:00:00Z","SYNTHETIC","25","30","50","60"
"SIM-S0081-P4","SIM-S0081","SIM-S0081-MIX","MIX","MIX-3","Temperature","25.1725","C","2026-09-02T13:42:00Z","2026-09-02T13:10:00Z","2026-09-02T14:00:00Z","SYNTHETIC","25","30","50","60"
"SIM-S0081-P5","SIM-S0081","SIM-S0081-MIX","MIX","MIX-3","Temperature","25.3777","C","2026-09-02T13:50:00Z","2026-09-02T13:10:00Z","2026-09-02T14:00:00Z","SYNTHETIC","25","30","50","60"
"SIM-S0081-P6","SIM-S0081","SIM-S0081-MIX","MIX","MIX-3","Agitator_Speed","297.6317","rpm","2026-09-02T13:15:00Z","2026-09-02T13:10:00Z","2026-09-02T14:00:00Z","SYNTHETIC","300","330","50","60"
"SIM-S0081-P7","SIM-S0081","SIM-S0081-MIX","MIX","MIX-3","Agitator_Speed","297.5171","rpm","2026-09-02T13:35:00Z","2026-09-02T13:10:00Z","2026-09-02T14:00:00Z","SYNTHETIC","300","330","50","60"
"SIM-S0081-P8","SIM-S0081","SIM-S0081-MIX","MIX","MIX-3","Agitator_Speed","298.3415","rpm","2026-09-02T13:55:00Z","2026-09-02T13:10:00Z","2026-09-02T14:00:00Z","SYNTHETIC","300","330","50","60"
"SIM-S0081-P9","SIM-S0081","SIM-S0081-FILTER","FILTER","MIX-3","Filter_DP","41.1624","kPa","2026-09-02T14:00:00Z","2026-09-02T14:00:00Z","2026-09-02T14:15:00Z","SYNTHETIC","40","80","15","20"
"SIM-S0081-P10","SIM-S0081","SIM-S0081-FILTER","FILTER","MIX-3","Filter_DP","41.6627","kPa","2026-09-02T14:06:00Z","2026-09-02T14:00:00Z","2026-09-02T14:15:00Z","SYNTHETIC","40","80","15","20"
"SIM-S0081-P11","SIM-S0081","SIM-S0081-FILTER","FILTER","MIX-3","Filter_DP","42.3026","kPa","2026-09-02T14:12:00Z","2026-09-02T14:00:00Z","2026-09-02T14:15:00Z","SYNTHETIC","40","80","15","20"
"SIM-S0082-P0","SIM-S0082","SIM-S0082-MIX","MIX","MIX-1","Temperature","24.7763","C","2026-09-02T14:40:00Z","2026-09-02T14:40:00Z","2026-09-02T15:30:00Z","SYNTHETIC","25","30","50","60"
"SIM-S0082-P1","SIM-S0082","SIM-S0082-MIX","MIX","MIX-1","Temperature","25.1193","C","2026-09-02T14:48:00Z","2026-09-02T14:40:00Z","2026-09-02T15:30:00Z","SYNTHETIC","25","30","50","60"
"SIM-S0082-P2","SIM-S0082","SIM-S0082-MIX","MIX","MIX-1","Temperature","24.8001","C","2026-09-02T14:56:00Z","2026-09-02T14:40:00Z","2026-09-02T15:30:00Z","SYNTHETIC","25","30","50","60"
"SIM-S0082-P3","SIM-S0082","SIM-S0082-MIX","MIX","MIX-1","Temperature","25.0514","C","2026-09-02T15:04:00Z","2026-09-02T14:40:00Z","2026-09-02T15:30:00Z","SYNTHETIC","25","30","50","60"
"SIM-S0082-P4","SIM-S0082","SIM-S0082-MIX","MIX","MIX-1","Temperature","24.7335","C","2026-09-02T15:12:00Z","2026-09-02T14:40:00Z","2026-09-02T15:30:00Z","SYNTHETIC","25","30","50","60"
"SIM-S0082-P5","SIM-S0082","SIM-S0082-MIX","MIX","MIX-1","Temperature","25.055","C","2026-09-02T15:20:00Z","2026-09-02T14:40:00Z","2026-09-02T15:30:00Z","SYNTHETIC","25","30","50","60"
"SIM-S0082-P6","SIM-S0082","SIM-S0082-MIX","MIX","MIX-1","Agitator_Speed","304.37","rpm","2026-09-02T14:45:00Z","2026-09-02T14:40:00Z","2026-09-02T15:30:00Z","SYNTHETIC","300","330","50","60"
"SIM-S0082-P7","SIM-S0082","SIM-S0082-MIX","MIX","MIX-1","Agitator_Speed","305.2498","rpm","2026-09-02T15:05:00Z","2026-09-02T14:40:00Z","2026-09-02T15:30:00Z","SYNTHETIC","300","330","50","60"
"SIM-S0082-P8","SIM-S0082","SIM-S0082-MIX","MIX","MIX-1","Agitator_Speed","304.0439","rpm","2026-09-02T15:25:00Z","2026-09-02T14:40:00Z","2026-09-02T15:30:00Z","SYNTHETIC","300","330","50","60"
"SIM-S0082-P9","SIM-S0082","SIM-S0082-FILTER","FILTER","MIX-1","Filter_DP","43.5594","kPa","2026-09-02T15:30:00Z","2026-09-02T15:30:00Z","2026-09-02T15:45:00Z","SYNTHETIC","40","80","15","20"
"SIM-S0082-P10","SIM-S0082","SIM-S0082-FILTER","FILTER","MIX-1","Filter_DP","44.0478","kPa","2026-09-02T15:36:00Z","2026-09-02T15:30:00Z","2026-09-02T15:45:00Z","SYNTHETIC","40","80","15","20"
"SIM-S0082-P11","SIM-S0082","SIM-S0082-FILTER","FILTER","MIX-1","Filter_DP","45.006","kPa","2026-09-02T15:42:00Z","2026-09-02T15:30:00Z","2026-09-02T15:45:00Z","SYNTHETIC","40","80","15","20"
"SIM-S0083-P0","SIM-S0083","SIM-S0083-MIX","MIX","MIX-2","Temperature","24.794","C","2026-09-02T14:40:00Z","2026-09-02T14:40:00Z","2026-09-02T15:30:00Z","SYNTHETIC","25","30","50","60"
"SIM-S0083-P1","SIM-S0083","SIM-S0083-MIX","MIX","MIX-2","Temperature","24.8943","C","2026-09-02T14:48:00Z","2026-09-02T14:40:00Z","2026-09-02T15:30:00Z","SYNTHETIC","25","30","50","60"
"SIM-S0083-P2","SIM-S0083","SIM-S0083-MIX","MIX","MIX-2","Temperature","25.131","C","2026-09-02T14:56:00Z","2026-09-02T14:40:00Z","2026-09-02T15:30:00Z","SYNTHETIC","25","30","50","60"
"SIM-S0083-P3","SIM-S0083","SIM-S0083-MIX","MIX","MIX-2","Temperature","25.3448","C","2026-09-02T15:04:00Z","2026-09-02T14:40:00Z","2026-09-02T15:30:00Z","SYNTHETIC","25","30","50","60"
"SIM-S0083-P4","SIM-S0083","SIM-S0083-MIX","MIX","MIX-2","Temperature","25.017","C","2026-09-02T15:12:00Z","2026-09-02T14:40:00Z","2026-09-02T15:30:00Z","SYNTHETIC","25","30","50","60"
"SIM-S0083-P5","SIM-S0083","SIM-S0083-MIX","MIX","MIX-2","Temperature","25.2775","C","2026-09-02T15:20:00Z","2026-09-02T14:40:00Z","2026-09-02T15:30:00Z","SYNTHETIC","25","30","50","60"
"SIM-S0083-P6","SIM-S0083","SIM-S0083-MIX","MIX","MIX-2","Agitator_Speed","298.7334","rpm","2026-09-02T14:45:00Z","2026-09-02T14:40:00Z","2026-09-02T15:30:00Z","SYNTHETIC","300","330","50","60"
"SIM-S0083-P7","SIM-S0083","SIM-S0083-MIX","MIX","MIX-2","Agitator_Speed","298.4112","rpm","2026-09-02T15:05:00Z","2026-09-02T14:40:00Z","2026-09-02T15:30:00Z","SYNTHETIC","300","330","50","60"
"SIM-S0083-P8","SIM-S0083","SIM-S0083-MIX","MIX","MIX-2","Agitator_Speed","299.5486","rpm","2026-09-02T15:25:00Z","2026-09-02T14:40:00Z","2026-09-02T15:30:00Z","SYNTHETIC","300","330","50","60"
"SIM-S0083-P9","SIM-S0083","SIM-S0083-FILTER","FILTER","MIX-2","Filter_DP","43.8227","kPa","2026-09-02T15:30:00Z","2026-09-02T15:30:00Z","2026-09-02T15:45:00Z","SYNTHETIC","40","80","15","20"
"SIM-S0083-P10","SIM-S0083","SIM-S0083-FILTER","FILTER","MIX-2","Filter_DP","44.005","kPa","2026-09-02T15:36:00Z","2026-09-02T15:30:00Z","2026-09-02T15:45:00Z","SYNTHETIC","40","80","15","20"
"SIM-S0083-P11","SIM-S0083","SIM-S0083-FILTER","FILTER","MIX-2","Filter_DP","45.0248","kPa","2026-09-02T15:42:00Z","2026-09-02T15:30:00Z","2026-09-02T15:45:00Z","SYNTHETIC","40","80","15","20"
"SIM-S0084-P0","SIM-S0084","SIM-S0084-MIX","MIX","MIX-3","Temperature","25.8226","C","2026-09-02T14:40:00Z","2026-09-02T14:40:00Z","2026-09-02T15:30:00Z","SYNTHETIC","25","30","50","60"
"SIM-S0084-P1","SIM-S0084","SIM-S0084-MIX","MIX","MIX-3","Temperature","25.8402","C","2026-09-02T14:48:00Z","2026-09-02T14:40:00Z","2026-09-02T15:30:00Z","SYNTHETIC","25","30","50","60"
"SIM-S0084-P2","SIM-S0084","SIM-S0084-MIX","MIX","MIX-3","Temperature","25.5258","C","2026-09-02T14:56:00Z","2026-09-02T14:40:00Z","2026-09-02T15:30:00Z","SYNTHETIC","25","30","50","60"
"SIM-S0084-P3","SIM-S0084","SIM-S0084-MIX","MIX","MIX-3","Temperature","25.7717","C","2026-09-02T15:04:00Z","2026-09-02T14:40:00Z","2026-09-02T15:30:00Z","SYNTHETIC","25","30","50","60"
"SIM-S0084-P4","SIM-S0084","SIM-S0084-MIX","MIX","MIX-3","Temperature","25.7711","C","2026-09-02T15:12:00Z","2026-09-02T14:40:00Z","2026-09-02T15:30:00Z","SYNTHETIC","25","30","50","60"
"SIM-S0084-P5","SIM-S0084","SIM-S0084-MIX","MIX","MIX-3","Temperature","25.6884","C","2026-09-02T15:20:00Z","2026-09-02T14:40:00Z","2026-09-02T15:30:00Z","SYNTHETIC","25","30","50","60"
"SIM-S0084-P6","SIM-S0084","SIM-S0084-MIX","MIX","MIX-3","Agitator_Speed","302.6412","rpm","2026-09-02T14:45:00Z","2026-09-02T14:40:00Z","2026-09-02T15:30:00Z","SYNTHETIC","300","330","50","60"
"SIM-S0084-P7","SIM-S0084","SIM-S0084-MIX","MIX","MIX-3","Agitator_Speed","303.2261","rpm","2026-09-02T15:05:00Z","2026-09-02T14:40:00Z","2026-09-02T15:30:00Z","SYNTHETIC","300","330","50","60"
"SIM-S0084-P8","SIM-S0084","SIM-S0084-MIX","MIX","MIX-3","Agitator_Speed","303.3033","rpm","2026-09-02T15:25:00Z","2026-09-02T14:40:00Z","2026-09-02T15:30:00Z","SYNTHETIC","300","330","50","60"
"SIM-S0084-P9","SIM-S0084","SIM-S0084-FILTER","FILTER","MIX-3","Filter_DP","46.0687","kPa","2026-09-02T15:30:00Z","2026-09-02T15:30:00Z","2026-09-02T15:45:00Z","SYNTHETIC","40","80","15","20"
"SIM-S0084-P10","SIM-S0084","SIM-S0084-FILTER","FILTER","MIX-3","Filter_DP","47.3528","kPa","2026-09-02T15:36:00Z","2026-09-02T15:30:00Z","2026-09-02T15:45:00Z","SYNTHETIC","40","80","15","20"
"SIM-S0084-P11","SIM-S0084","SIM-S0084-FILTER","FILTER","MIX-3","Filter_DP","48.1033","kPa","2026-09-02T15:42:00Z","2026-09-02T15:30:00Z","2026-09-02T15:45:00Z","SYNTHETIC","40","80","15","20"
"SIM-S0085-P0","SIM-S0085","SIM-S0085-MIX","MIX","MIX-1","Temperature","25.6899","C","2026-09-02T16:10:00Z","2026-09-02T16:10:00Z","2026-09-02T17:00:00Z","SYNTHETIC","25","30","50","60"
"SIM-S0085-P1","SIM-S0085","SIM-S0085-MIX","MIX","MIX-1","Temperature","25.5102","C","2026-09-02T16:18:00Z","2026-09-02T16:10:00Z","2026-09-02T17:00:00Z","SYNTHETIC","25","30","50","60"
"SIM-S0085-P2","SIM-S0085","SIM-S0085-MIX","MIX","MIX-1","Temperature","25.4012","C","2026-09-02T16:26:00Z","2026-09-02T16:10:00Z","2026-09-02T17:00:00Z","SYNTHETIC","25","30","50","60"
"SIM-S0085-P3","SIM-S0085","SIM-S0085-MIX","MIX","MIX-1","Temperature","25.3057","C","2026-09-02T16:34:00Z","2026-09-02T16:10:00Z","2026-09-02T17:00:00Z","SYNTHETIC","25","30","50","60"
"SIM-S0085-P4","SIM-S0085","SIM-S0085-MIX","MIX","MIX-1","Temperature","25.3828","C","2026-09-02T16:42:00Z","2026-09-02T16:10:00Z","2026-09-02T17:00:00Z","SYNTHETIC","25","30","50","60"
"SIM-S0085-P5","SIM-S0085","SIM-S0085-MIX","MIX","MIX-1","Temperature","25.4037","C","2026-09-02T16:50:00Z","2026-09-02T16:10:00Z","2026-09-02T17:00:00Z","SYNTHETIC","25","30","50","60"
"SIM-S0085-P6","SIM-S0085","SIM-S0085-MIX","MIX","MIX-1","Agitator_Speed","299.1311","rpm","2026-09-02T16:15:00Z","2026-09-02T16:10:00Z","2026-09-02T17:00:00Z","SYNTHETIC","300","330","50","60"
"SIM-S0085-P7","SIM-S0085","SIM-S0085-MIX","MIX","MIX-1","Agitator_Speed","297.8245","rpm","2026-09-02T16:35:00Z","2026-09-02T16:10:00Z","2026-09-02T17:00:00Z","SYNTHETIC","300","330","50","60"
"SIM-S0085-P8","SIM-S0085","SIM-S0085-MIX","MIX","MIX-1","Agitator_Speed","301.3223","rpm","2026-09-02T16:55:00Z","2026-09-02T16:10:00Z","2026-09-02T17:00:00Z","SYNTHETIC","300","330","50","60"
"SIM-S0085-P9","SIM-S0085","SIM-S0085-FILTER","FILTER","MIX-1","Filter_DP","48.541","kPa","2026-09-02T17:00:00Z","2026-09-02T17:00:00Z","2026-09-02T17:15:00Z","SYNTHETIC","40","80","15","20"
"SIM-S0085-P10","SIM-S0085","SIM-S0085-FILTER","FILTER","MIX-1","Filter_DP","48.5462","kPa","2026-09-02T17:06:00Z","2026-09-02T17:00:00Z","2026-09-02T17:15:00Z","SYNTHETIC","40","80","15","20"
"SIM-S0085-P11","SIM-S0085","SIM-S0085-FILTER","FILTER","MIX-1","Filter_DP","49.6102","kPa","2026-09-02T17:12:00Z","2026-09-02T17:00:00Z","2026-09-02T17:15:00Z","SYNTHETIC","40","80","15","20"
"SIM-S0086-P0","SIM-S0086","SIM-S0086-MIX","MIX","MIX-2","Temperature","25.4742","C","2026-09-02T16:10:00Z","2026-09-02T16:10:00Z","2026-09-02T17:00:00Z","SYNTHETIC","25","30","50","60"
"SIM-S0086-P1","SIM-S0086","SIM-S0086-MIX","MIX","MIX-2","Temperature","25.2496","C","2026-09-02T16:18:00Z","2026-09-02T16:10:00Z","2026-09-02T17:00:00Z","SYNTHETIC","25","30","50","60"
"SIM-S0086-P2","SIM-S0086","SIM-S0086-MIX","MIX","MIX-2","Temperature","25.2353","C","2026-09-02T16:26:00Z","2026-09-02T16:10:00Z","2026-09-02T17:00:00Z","SYNTHETIC","25","30","50","60"
"SIM-S0086-P3","SIM-S0086","SIM-S0086-MIX","MIX","MIX-2","Temperature","25.6099","C","2026-09-02T16:34:00Z","2026-09-02T16:10:00Z","2026-09-02T17:00:00Z","SYNTHETIC","25","30","50","60"
"SIM-S0086-P4","SIM-S0086","SIM-S0086-MIX","MIX","MIX-2","Temperature","24.9916","C","2026-09-02T16:42:00Z","2026-09-02T16:10:00Z","2026-09-02T17:00:00Z","SYNTHETIC","25","30","50","60"
"SIM-S0086-P5","SIM-S0086","SIM-S0086-MIX","MIX","MIX-2","Temperature","25.2832","C","2026-09-02T16:50:00Z","2026-09-02T16:10:00Z","2026-09-02T17:00:00Z","SYNTHETIC","25","30","50","60"
"SIM-S0086-P6","SIM-S0086","SIM-S0086-MIX","MIX","MIX-2","Agitator_Speed","297.9075","rpm","2026-09-02T16:15:00Z","2026-09-02T16:10:00Z","2026-09-02T17:00:00Z","SYNTHETIC","300","330","50","60"
"SIM-S0086-P7","SIM-S0086","SIM-S0086-MIX","MIX","MIX-2","Agitator_Speed","297.2846","rpm","2026-09-02T16:35:00Z","2026-09-02T16:10:00Z","2026-09-02T17:00:00Z","SYNTHETIC","300","330","50","60"
"SIM-S0086-P8","SIM-S0086","SIM-S0086-MIX","MIX","MIX-2","Agitator_Speed","298.4157","rpm","2026-09-02T16:55:00Z","2026-09-02T16:10:00Z","2026-09-02T17:00:00Z","SYNTHETIC","300","330","50","60"
"SIM-S0086-P9","SIM-S0086","SIM-S0086-FILTER","FILTER","MIX-2","Filter_DP","46.3095","kPa","2026-09-02T17:00:00Z","2026-09-02T17:00:00Z","2026-09-02T17:15:00Z","SYNTHETIC","40","80","15","20"
"SIM-S0086-P10","SIM-S0086","SIM-S0086-FILTER","FILTER","MIX-2","Filter_DP","47.0695","kPa","2026-09-02T17:06:00Z","2026-09-02T17:00:00Z","2026-09-02T17:15:00Z","SYNTHETIC","40","80","15","20"
"SIM-S0086-P11","SIM-S0086","SIM-S0086-FILTER","FILTER","MIX-2","Filter_DP","47.4064","kPa","2026-09-02T17:12:00Z","2026-09-02T17:00:00Z","2026-09-02T17:15:00Z","SYNTHETIC","40","80","15","20"
"SIM-S0087-P0","SIM-S0087","SIM-S0087-MIX","MIX","MIX-3","Temperature","25.9867","C","2026-09-02T16:10:00Z","2026-09-02T16:10:00Z","2026-09-02T17:00:00Z","SYNTHETIC","25","30","50","60"
"SIM-S0087-P1","SIM-S0087","SIM-S0087-MIX","MIX","MIX-3","Temperature","25.8925","C","2026-09-02T16:18:00Z","2026-09-02T16:10:00Z","2026-09-02T17:00:00Z","SYNTHETIC","25","30","50","60"
"SIM-S0087-P2","SIM-S0087","SIM-S0087-MIX","MIX","MIX-3","Temperature","25.8952","C","2026-09-02T16:26:00Z","2026-09-02T16:10:00Z","2026-09-02T17:00:00Z","SYNTHETIC","25","30","50","60"
"SIM-S0087-P3","SIM-S0087","SIM-S0087-MIX","MIX","MIX-3","Temperature","25.8616","C","2026-09-02T16:34:00Z","2026-09-02T16:10:00Z","2026-09-02T17:00:00Z","SYNTHETIC","25","30","50","60"
"SIM-S0087-P4","SIM-S0087","SIM-S0087-MIX","MIX","MIX-3","Temperature","25.8742","C","2026-09-02T16:42:00Z","2026-09-02T16:10:00Z","2026-09-02T17:00:00Z","SYNTHETIC","25","30","50","60"
"SIM-S0087-P5","SIM-S0087","SIM-S0087-MIX","MIX","MIX-3","Temperature","25.6773","C","2026-09-02T16:50:00Z","2026-09-02T16:10:00Z","2026-09-02T17:00:00Z","SYNTHETIC","25","30","50","60"
"SIM-S0087-P6","SIM-S0087","SIM-S0087-MIX","MIX","MIX-3","Agitator_Speed","300.6186","rpm","2026-09-02T16:15:00Z","2026-09-02T16:10:00Z","2026-09-02T17:00:00Z","SYNTHETIC","300","330","50","60"
"SIM-S0087-P7","SIM-S0087","SIM-S0087-MIX","MIX","MIX-3","Agitator_Speed","299.4175","rpm","2026-09-02T16:35:00Z","2026-09-02T16:10:00Z","2026-09-02T17:00:00Z","SYNTHETIC","300","330","50","60"
"SIM-S0087-P8","SIM-S0087","SIM-S0087-MIX","MIX","MIX-3","Agitator_Speed","299.397","rpm","2026-09-02T16:55:00Z","2026-09-02T16:10:00Z","2026-09-02T17:00:00Z","SYNTHETIC","300","330","50","60"
"SIM-S0087-P9","SIM-S0087","SIM-S0087-FILTER","FILTER","MIX-3","Filter_DP","48.6104","kPa","2026-09-02T17:00:00Z","2026-09-02T17:00:00Z","2026-09-02T17:15:00Z","SYNTHETIC","40","80","15","20"
"SIM-S0087-P10","SIM-S0087","SIM-S0087-FILTER","FILTER","MIX-3","Filter_DP","49.7606","kPa","2026-09-02T17:06:00Z","2026-09-02T17:00:00Z","2026-09-02T17:15:00Z","SYNTHETIC","40","80","15","20"
"SIM-S0087-P11","SIM-S0087","SIM-S0087-FILTER","FILTER","MIX-3","Filter_DP","50.2233","kPa","2026-09-02T17:12:00Z","2026-09-02T17:00:00Z","2026-09-02T17:15:00Z","SYNTHETIC","40","80","15","20"
"SIM-S0088-P0","SIM-S0088","SIM-S0088-MIX","MIX","MIX-1","Temperature","24.9291","C","2026-09-02T17:40:00Z","2026-09-02T17:40:00Z","2026-09-02T18:30:00Z","SYNTHETIC","25","30","50","60"
"SIM-S0088-P1","SIM-S0088","SIM-S0088-MIX","MIX","MIX-1","Temperature","24.7845","C","2026-09-02T17:48:00Z","2026-09-02T17:40:00Z","2026-09-02T18:30:00Z","SYNTHETIC","25","30","50","60"
"SIM-S0088-P2","SIM-S0088","SIM-S0088-MIX","MIX","MIX-1","Temperature","24.884","C","2026-09-02T17:56:00Z","2026-09-02T17:40:00Z","2026-09-02T18:30:00Z","SYNTHETIC","25","30","50","60"
"SIM-S0088-P3","SIM-S0088","SIM-S0088-MIX","MIX","MIX-1","Temperature","24.9698","C","2026-09-02T18:04:00Z","2026-09-02T17:40:00Z","2026-09-02T18:30:00Z","SYNTHETIC","25","30","50","60"
"SIM-S0088-P4","SIM-S0088","SIM-S0088-MIX","MIX","MIX-1","Temperature","25.1846","C","2026-09-02T18:12:00Z","2026-09-02T17:40:00Z","2026-09-02T18:30:00Z","SYNTHETIC","25","30","50","60"
"SIM-S0088-P5","SIM-S0088","SIM-S0088-MIX","MIX","MIX-1","Temperature","24.83","C","2026-09-02T18:20:00Z","2026-09-02T17:40:00Z","2026-09-02T18:30:00Z","SYNTHETIC","25","30","50","60"
"SIM-S0088-P6","SIM-S0088","SIM-S0088-MIX","MIX","MIX-1","Agitator_Speed","299.8012","rpm","2026-09-02T17:45:00Z","2026-09-02T17:40:00Z","2026-09-02T18:30:00Z","SYNTHETIC","300","330","50","60"
"SIM-S0088-P7","SIM-S0088","SIM-S0088-MIX","MIX","MIX-1","Agitator_Speed","297.8915","rpm","2026-09-02T18:05:00Z","2026-09-02T17:40:00Z","2026-09-02T18:30:00Z","SYNTHETIC","300","330","50","60"
"SIM-S0088-P8","SIM-S0088","SIM-S0088-MIX","MIX","MIX-1","Agitator_Speed","300.9229","rpm","2026-09-02T18:25:00Z","2026-09-02T17:40:00Z","2026-09-02T18:30:00Z","SYNTHETIC","300","330","50","60"
"SIM-S0088-P9","SIM-S0088","SIM-S0088-FILTER","FILTER","MIX-1","Filter_DP","51.3567","kPa","2026-09-02T18:30:00Z","2026-09-02T18:30:00Z","2026-09-02T18:45:00Z","SYNTHETIC","40","80","15","20"
"SIM-S0088-P10","SIM-S0088","SIM-S0088-FILTER","FILTER","MIX-1","Filter_DP","51.093","kPa","2026-09-02T18:36:00Z","2026-09-02T18:30:00Z","2026-09-02T18:45:00Z","SYNTHETIC","40","80","15","20"
"SIM-S0088-P11","SIM-S0088","SIM-S0088-FILTER","FILTER","MIX-1","Filter_DP","52.5364","kPa","2026-09-02T18:42:00Z","2026-09-02T18:30:00Z","2026-09-02T18:45:00Z","SYNTHETIC","40","80","15","20"
"SIM-S0089-P0","SIM-S0089","SIM-S0089-MIX","MIX","MIX-2","Temperature","24.8714","C","2026-09-02T17:40:00Z","2026-09-02T17:40:00Z","2026-09-02T18:30:00Z","SYNTHETIC","25","30","50","60"
"SIM-S0089-P1","SIM-S0089","SIM-S0089-MIX","MIX","MIX-2","Temperature","25.1054","C","2026-09-02T17:48:00Z","2026-09-02T17:40:00Z","2026-09-02T18:30:00Z","SYNTHETIC","25","30","50","60"
"SIM-S0089-P2","SIM-S0089","SIM-S0089-MIX","MIX","MIX-2","Temperature","24.8372","C","2026-09-02T17:56:00Z","2026-09-02T17:40:00Z","2026-09-02T18:30:00Z","SYNTHETIC","25","30","50","60"
"SIM-S0089-P3","SIM-S0089","SIM-S0089-MIX","MIX","MIX-2","Temperature","24.8654","C","2026-09-02T18:04:00Z","2026-09-02T17:40:00Z","2026-09-02T18:30:00Z","SYNTHETIC","25","30","50","60"
"SIM-S0089-P4","SIM-S0089","SIM-S0089-MIX","MIX","MIX-2","Temperature","24.6302","C","2026-09-02T18:12:00Z","2026-09-02T17:40:00Z","2026-09-02T18:30:00Z","SYNTHETIC","25","30","50","60"
"SIM-S0089-P5","SIM-S0089","SIM-S0089-MIX","MIX","MIX-2","Temperature","24.7973","C","2026-09-02T18:20:00Z","2026-09-02T17:40:00Z","2026-09-02T18:30:00Z","SYNTHETIC","25","30","50","60"
"SIM-S0089-P6","SIM-S0089","SIM-S0089-MIX","MIX","MIX-2","Agitator_Speed","300.161","rpm","2026-09-02T17:45:00Z","2026-09-02T17:40:00Z","2026-09-02T18:30:00Z","SYNTHETIC","300","330","50","60"
"SIM-S0089-P7","SIM-S0089","SIM-S0089-MIX","MIX","MIX-2","Agitator_Speed","300.0807","rpm","2026-09-02T18:05:00Z","2026-09-02T17:40:00Z","2026-09-02T18:30:00Z","SYNTHETIC","300","330","50","60"
"SIM-S0089-P8","SIM-S0089","SIM-S0089-MIX","MIX","MIX-2","Agitator_Speed","300.8357","rpm","2026-09-02T18:25:00Z","2026-09-02T17:40:00Z","2026-09-02T18:30:00Z","SYNTHETIC","300","330","50","60"
"SIM-S0089-P9","SIM-S0089","SIM-S0089-FILTER","FILTER","MIX-2","Filter_DP","50.4246","kPa","2026-09-02T18:30:00Z","2026-09-02T18:30:00Z","2026-09-02T18:45:00Z","SYNTHETIC","40","80","15","20"
"SIM-S0089-P10","SIM-S0089","SIM-S0089-FILTER","FILTER","MIX-2","Filter_DP","51.9417","kPa","2026-09-02T18:36:00Z","2026-09-02T18:30:00Z","2026-09-02T18:45:00Z","SYNTHETIC","40","80","15","20"
"SIM-S0089-P11","SIM-S0089","SIM-S0089-FILTER","FILTER","MIX-2","Filter_DP","53.2565","kPa","2026-09-02T18:42:00Z","2026-09-02T18:30:00Z","2026-09-02T18:45:00Z","SYNTHETIC","40","80","15","20"
"SIM-S0090-P0","SIM-S0090","SIM-S0090-MIX","MIX","MIX-3","Temperature","24.8156","C","2026-09-02T17:40:00Z","2026-09-02T17:40:00Z","2026-09-02T18:30:00Z","SYNTHETIC","25","30","50","60"
"SIM-S0090-P1","SIM-S0090","SIM-S0090-MIX","MIX","MIX-3","Temperature","25.3089","C","2026-09-02T17:48:00Z","2026-09-02T17:40:00Z","2026-09-02T18:30:00Z","SYNTHETIC","25","30","50","60"
"SIM-S0090-P2","SIM-S0090","SIM-S0090-MIX","MIX","MIX-3","Temperature","25.2218","C","2026-09-02T17:56:00Z","2026-09-02T17:40:00Z","2026-09-02T18:30:00Z","SYNTHETIC","25","30","50","60"
"SIM-S0090-P3","SIM-S0090","SIM-S0090-MIX","MIX","MIX-3","Temperature","25.1925","C","2026-09-02T18:04:00Z","2026-09-02T17:40:00Z","2026-09-02T18:30:00Z","SYNTHETIC","25","30","50","60"
"SIM-S0090-P4","SIM-S0090","SIM-S0090-MIX","MIX","MIX-3","Temperature","25.1483","C","2026-09-02T18:12:00Z","2026-09-02T17:40:00Z","2026-09-02T18:30:00Z","SYNTHETIC","25","30","50","60"
"SIM-S0090-P5","SIM-S0090","SIM-S0090-MIX","MIX","MIX-3","Temperature","25.1571","C","2026-09-02T18:20:00Z","2026-09-02T17:40:00Z","2026-09-02T18:30:00Z","SYNTHETIC","25","30","50","60"
"SIM-S0090-P6","SIM-S0090","SIM-S0090-MIX","MIX","MIX-3","Agitator_Speed","300.5319","rpm","2026-09-02T17:45:00Z","2026-09-02T17:40:00Z","2026-09-02T18:30:00Z","SYNTHETIC","300","330","50","60"
"SIM-S0090-P7","SIM-S0090","SIM-S0090-MIX","MIX","MIX-3","Agitator_Speed","303.5706","rpm","2026-09-02T18:05:00Z","2026-09-02T17:40:00Z","2026-09-02T18:30:00Z","SYNTHETIC","300","330","50","60"
"SIM-S0090-P8","SIM-S0090","SIM-S0090-MIX","MIX","MIX-3","Agitator_Speed","303.5073","rpm","2026-09-02T18:25:00Z","2026-09-02T17:40:00Z","2026-09-02T18:30:00Z","SYNTHETIC","300","330","50","60"
"SIM-S0090-P9","SIM-S0090","SIM-S0090-FILTER","FILTER","MIX-3","Filter_DP","48.9252","kPa","2026-09-02T18:30:00Z","2026-09-02T18:30:00Z","2026-09-02T18:45:00Z","SYNTHETIC","40","80","15","20"
"SIM-S0090-P10","SIM-S0090","SIM-S0090-FILTER","FILTER","MIX-3","Filter_DP","50.2529","kPa","2026-09-02T18:36:00Z","2026-09-02T18:30:00Z","2026-09-02T18:45:00Z","SYNTHETIC","40","80","15","20"
"SIM-S0090-P11","SIM-S0090","SIM-S0090-FILTER","FILTER","MIX-3","Filter_DP","51.4057","kPa","2026-09-02T18:42:00Z","2026-09-02T18:30:00Z","2026-09-02T18:45:00Z","SYNTHETIC","40","80","15","20"
"SIM-S0091-P0","SIM-S0091","SIM-S0091-MIX","MIX","MIX-1","Temperature","25.8783","C","2026-09-02T19:10:00Z","2026-09-02T19:10:00Z","2026-09-02T20:00:00Z","SYNTHETIC","25","30","50","60"
"SIM-S0091-P1","SIM-S0091","SIM-S0091-MIX","MIX","MIX-1","Temperature","25.8274","C","2026-09-02T19:18:00Z","2026-09-02T19:10:00Z","2026-09-02T20:00:00Z","SYNTHETIC","25","30","50","60"
"SIM-S0091-P2","SIM-S0091","SIM-S0091-MIX","MIX","MIX-1","Temperature","25.9175","C","2026-09-02T19:26:00Z","2026-09-02T19:10:00Z","2026-09-02T20:00:00Z","SYNTHETIC","25","30","50","60"
"SIM-S0091-P3","SIM-S0091","SIM-S0091-MIX","MIX","MIX-1","Temperature","25.9016","C","2026-09-02T19:34:00Z","2026-09-02T19:10:00Z","2026-09-02T20:00:00Z","SYNTHETIC","25","30","50","60"
"SIM-S0091-P4","SIM-S0091","SIM-S0091-MIX","MIX","MIX-1","Temperature","25.3812","C","2026-09-02T19:42:00Z","2026-09-02T19:10:00Z","2026-09-02T20:00:00Z","SYNTHETIC","25","30","50","60"
"SIM-S0091-P5","SIM-S0091","SIM-S0091-MIX","MIX","MIX-1","Temperature","25.7136","C","2026-09-02T19:50:00Z","2026-09-02T19:10:00Z","2026-09-02T20:00:00Z","SYNTHETIC","25","30","50","60"
"SIM-S0091-P6","SIM-S0091","SIM-S0091-MIX","MIX","MIX-1","Agitator_Speed","299.7158","rpm","2026-09-02T19:15:00Z","2026-09-02T19:10:00Z","2026-09-02T20:00:00Z","SYNTHETIC","300","330","50","60"
"SIM-S0091-P7","SIM-S0091","SIM-S0091-MIX","MIX","MIX-1","Agitator_Speed","301.2228","rpm","2026-09-02T19:35:00Z","2026-09-02T19:10:00Z","2026-09-02T20:00:00Z","SYNTHETIC","300","330","50","60"
"SIM-S0091-P8","SIM-S0091","SIM-S0091-MIX","MIX","MIX-1","Agitator_Speed","300.5914","rpm","2026-09-02T19:55:00Z","2026-09-02T19:10:00Z","2026-09-02T20:00:00Z","SYNTHETIC","300","330","50","60"
"SIM-S0091-P9","SIM-S0091","SIM-S0091-FILTER","FILTER","MIX-1","Filter_DP","55.508","kPa","2026-09-02T20:00:00Z","2026-09-02T20:00:00Z","2026-09-02T20:15:00Z","SYNTHETIC","40","80","15","20"
"SIM-S0091-P10","SIM-S0091","SIM-S0091-FILTER","FILTER","MIX-1","Filter_DP","55.9666","kPa","2026-09-02T20:06:00Z","2026-09-02T20:00:00Z","2026-09-02T20:15:00Z","SYNTHETIC","40","80","15","20"
"SIM-S0091-P11","SIM-S0091","SIM-S0091-FILTER","FILTER","MIX-1","Filter_DP","56.751","kPa","2026-09-02T20:12:00Z","2026-09-02T20:00:00Z","2026-09-02T20:15:00Z","SYNTHETIC","40","80","15","20"
"SIM-S0092-P0","SIM-S0092","SIM-S0092-MIX","MIX","MIX-2","Temperature","25.8244","C","2026-09-02T19:10:00Z","2026-09-02T19:10:00Z","2026-09-02T20:00:00Z","SYNTHETIC","25","30","50","60"
"SIM-S0092-P1","SIM-S0092","SIM-S0092-MIX","MIX","MIX-2","Temperature","25.6181","C","2026-09-02T19:18:00Z","2026-09-02T19:10:00Z","2026-09-02T20:00:00Z","SYNTHETIC","25","30","50","60"
"SIM-S0092-P2","SIM-S0092","SIM-S0092-MIX","MIX","MIX-2","Temperature","25.481","C","2026-09-02T19:26:00Z","2026-09-02T19:10:00Z","2026-09-02T20:00:00Z","SYNTHETIC","25","30","50","60"
"SIM-S0092-P3","SIM-S0092","SIM-S0092-MIX","MIX","MIX-2","Temperature","25.7189","C","2026-09-02T19:34:00Z","2026-09-02T19:10:00Z","2026-09-02T20:00:00Z","SYNTHETIC","25","30","50","60"
"SIM-S0092-P4","SIM-S0092","SIM-S0092-MIX","MIX","MIX-2","Temperature","25.717","C","2026-09-02T19:42:00Z","2026-09-02T19:10:00Z","2026-09-02T20:00:00Z","SYNTHETIC","25","30","50","60"
"SIM-S0092-P5","SIM-S0092","SIM-S0092-MIX","MIX","MIX-2","Temperature","25.565","C","2026-09-02T19:50:00Z","2026-09-02T19:10:00Z","2026-09-02T20:00:00Z","SYNTHETIC","25","30","50","60"
"SIM-S0092-P6","SIM-S0092","SIM-S0092-MIX","MIX","MIX-2","Agitator_Speed","300.3534","rpm","2026-09-02T19:15:00Z","2026-09-02T19:10:00Z","2026-09-02T20:00:00Z","SYNTHETIC","300","330","50","60"
"SIM-S0092-P7","SIM-S0092","SIM-S0092-MIX","MIX","MIX-2","Agitator_Speed","299.2213","rpm","2026-09-02T19:35:00Z","2026-09-02T19:10:00Z","2026-09-02T20:00:00Z","SYNTHETIC","300","330","50","60"
"SIM-S0092-P8","SIM-S0092","SIM-S0092-MIX","MIX","MIX-2","Agitator_Speed","300.1134","rpm","2026-09-02T19:55:00Z","2026-09-02T19:10:00Z","2026-09-02T20:00:00Z","SYNTHETIC","300","330","50","60"
"SIM-S0092-P9","SIM-S0092","SIM-S0092-FILTER","FILTER","MIX-2","Filter_DP","54.3809","kPa","2026-09-02T20:00:00Z","2026-09-02T20:00:00Z","2026-09-02T20:15:00Z","SYNTHETIC","40","80","15","20"
"SIM-S0092-P10","SIM-S0092","SIM-S0092-FILTER","FILTER","MIX-2","Filter_DP","54.9376","kPa","2026-09-02T20:06:00Z","2026-09-02T20:00:00Z","2026-09-02T20:15:00Z","SYNTHETIC","40","80","15","20"
"SIM-S0092-P11","SIM-S0092","SIM-S0092-FILTER","FILTER","MIX-2","Filter_DP","55.5185","kPa","2026-09-02T20:12:00Z","2026-09-02T20:00:00Z","2026-09-02T20:15:00Z","SYNTHETIC","40","80","15","20"
"SIM-S0093-P0","SIM-S0093","SIM-S0093-MIX","MIX","MIX-3","Temperature","25.4417","C","2026-09-02T19:10:00Z","2026-09-02T19:10:00Z","2026-09-02T20:00:00Z","SYNTHETIC","25","30","50","60"
"SIM-S0093-P1","SIM-S0093","SIM-S0093-MIX","MIX","MIX-3","Temperature","25.1613","C","2026-09-02T19:18:00Z","2026-09-02T19:10:00Z","2026-09-02T20:00:00Z","SYNTHETIC","25","30","50","60"
"SIM-S0093-P2","SIM-S0093","SIM-S0093-MIX","MIX","MIX-3","Temperature","25.5067","C","2026-09-02T19:26:00Z","2026-09-02T19:10:00Z","2026-09-02T20:00:00Z","SYNTHETIC","25","30","50","60"
"SIM-S0093-P3","SIM-S0093","SIM-S0093-MIX","MIX","MIX-3","Temperature","25.4061","C","2026-09-02T19:34:00Z","2026-09-02T19:10:00Z","2026-09-02T20:00:00Z","SYNTHETIC","25","30","50","60"
"SIM-S0093-P4","SIM-S0093","SIM-S0093-MIX","MIX","MIX-3","Temperature","25.2532","C","2026-09-02T19:42:00Z","2026-09-02T19:10:00Z","2026-09-02T20:00:00Z","SYNTHETIC","25","30","50","60"
"SIM-S0093-P5","SIM-S0093","SIM-S0093-MIX","MIX","MIX-3","Temperature","25.4205","C","2026-09-02T19:50:00Z","2026-09-02T19:10:00Z","2026-09-02T20:00:00Z","SYNTHETIC","25","30","50","60"
"SIM-S0093-P6","SIM-S0093","SIM-S0093-MIX","MIX","MIX-3","Agitator_Speed","301.5242","rpm","2026-09-02T19:15:00Z","2026-09-02T19:10:00Z","2026-09-02T20:00:00Z","SYNTHETIC","300","330","50","60"
"SIM-S0093-P7","SIM-S0093","SIM-S0093-MIX","MIX","MIX-3","Agitator_Speed","300.5727","rpm","2026-09-02T19:35:00Z","2026-09-02T19:10:00Z","2026-09-02T20:00:00Z","SYNTHETIC","300","330","50","60"
"SIM-S0093-P8","SIM-S0093","SIM-S0093-MIX","MIX","MIX-3","Agitator_Speed","302.2488","rpm","2026-09-02T19:55:00Z","2026-09-02T19:10:00Z","2026-09-02T20:00:00Z","SYNTHETIC","300","330","50","60"
"SIM-S0093-P9","SIM-S0093","SIM-S0093-FILTER","FILTER","MIX-3","Filter_DP","54.5679","kPa","2026-09-02T20:00:00Z","2026-09-02T20:00:00Z","2026-09-02T20:15:00Z","SYNTHETIC","40","80","15","20"
"SIM-S0093-P10","SIM-S0093","SIM-S0093-FILTER","FILTER","MIX-3","Filter_DP","55.3983","kPa","2026-09-02T20:06:00Z","2026-09-02T20:00:00Z","2026-09-02T20:15:00Z","SYNTHETIC","40","80","15","20"
"SIM-S0093-P11","SIM-S0093","SIM-S0093-FILTER","FILTER","MIX-3","Filter_DP","56.0844","kPa","2026-09-02T20:12:00Z","2026-09-02T20:00:00Z","2026-09-02T20:15:00Z","SYNTHETIC","40","80","15","20"
"SIM-S0094-P0","SIM-S0094","SIM-S0094-MIX","MIX","MIX-1","Temperature","25.8525","C","2026-09-02T20:40:00Z","2026-09-02T20:40:00Z","2026-09-02T21:30:00Z","SYNTHETIC","25","30","50","60"
"SIM-S0094-P1","SIM-S0094","SIM-S0094-MIX","MIX","MIX-1","Temperature","25.9251","C","2026-09-02T20:48:00Z","2026-09-02T20:40:00Z","2026-09-02T21:30:00Z","SYNTHETIC","25","30","50","60"
"SIM-S0094-P2","SIM-S0094","SIM-S0094-MIX","MIX","MIX-1","Temperature","25.8088","C","2026-09-02T20:56:00Z","2026-09-02T20:40:00Z","2026-09-02T21:30:00Z","SYNTHETIC","25","30","50","60"
"SIM-S0094-P3","SIM-S0094","SIM-S0094-MIX","MIX","MIX-1","Temperature","25.5169","C","2026-09-02T21:04:00Z","2026-09-02T20:40:00Z","2026-09-02T21:30:00Z","SYNTHETIC","25","30","50","60"
"SIM-S0094-P4","SIM-S0094","SIM-S0094-MIX","MIX","MIX-1","Temperature","26.1503","C","2026-09-02T21:12:00Z","2026-09-02T20:40:00Z","2026-09-02T21:30:00Z","SYNTHETIC","25","30","50","60"
"SIM-S0094-P5","SIM-S0094","SIM-S0094-MIX","MIX","MIX-1","Temperature","25.8345","C","2026-09-02T21:20:00Z","2026-09-02T20:40:00Z","2026-09-02T21:30:00Z","SYNTHETIC","25","30","50","60"
"SIM-S0094-P6","SIM-S0094","SIM-S0094-MIX","MIX","MIX-1","Agitator_Speed","294.6201","rpm","2026-09-02T20:45:00Z","2026-09-02T20:40:00Z","2026-09-02T21:30:00Z","SYNTHETIC","300","330","50","60"
"SIM-S0094-P7","SIM-S0094","SIM-S0094-MIX","MIX","MIX-1","Agitator_Speed","296.4916","rpm","2026-09-02T21:05:00Z","2026-09-02T20:40:00Z","2026-09-02T21:30:00Z","SYNTHETIC","300","330","50","60"
"SIM-S0094-P8","SIM-S0094","SIM-S0094-MIX","MIX","MIX-1","Agitator_Speed","296.5352","rpm","2026-09-02T21:25:00Z","2026-09-02T20:40:00Z","2026-09-02T21:30:00Z","SYNTHETIC","300","330","50","60"
"SIM-S0094-P9","SIM-S0094","SIM-S0094-FILTER","FILTER","MIX-1","Filter_DP","54.3751","kPa","2026-09-02T21:30:00Z","2026-09-02T21:30:00Z","2026-09-02T21:45:00Z","SYNTHETIC","40","80","15","20"
"SIM-S0094-P10","SIM-S0094","SIM-S0094-FILTER","FILTER","MIX-1","Filter_DP","55.7696","kPa","2026-09-02T21:36:00Z","2026-09-02T21:30:00Z","2026-09-02T21:45:00Z","SYNTHETIC","40","80","15","20"
"SIM-S0094-P11","SIM-S0094","SIM-S0094-FILTER","FILTER","MIX-1","Filter_DP","55.9544","kPa","2026-09-02T21:42:00Z","2026-09-02T21:30:00Z","2026-09-02T21:45:00Z","SYNTHETIC","40","80","15","20"
"SIM-S0095-P0","SIM-S0095","SIM-S0095-MIX","MIX","MIX-2","Temperature","25.5429","C","2026-09-02T20:40:00Z","2026-09-02T20:40:00Z","2026-09-02T21:30:00Z","SYNTHETIC","25","30","50","60"
"SIM-S0095-P1","SIM-S0095","SIM-S0095-MIX","MIX","MIX-2","Temperature","25.474","C","2026-09-02T20:48:00Z","2026-09-02T20:40:00Z","2026-09-02T21:30:00Z","SYNTHETIC","25","30","50","60"
"SIM-S0095-P2","SIM-S0095","SIM-S0095-MIX","MIX","MIX-2","Temperature","25.4978","C","2026-09-02T20:56:00Z","2026-09-02T20:40:00Z","2026-09-02T21:30:00Z","SYNTHETIC","25","30","50","60"
"SIM-S0095-P3","SIM-S0095","SIM-S0095-MIX","MIX","MIX-2","Temperature","25.6169","C","2026-09-02T21:04:00Z","2026-09-02T20:40:00Z","2026-09-02T21:30:00Z","SYNTHETIC","25","30","50","60"
"SIM-S0095-P4","SIM-S0095","SIM-S0095-MIX","MIX","MIX-2","Temperature","25.4089","C","2026-09-02T21:12:00Z","2026-09-02T20:40:00Z","2026-09-02T21:30:00Z","SYNTHETIC","25","30","50","60"
"SIM-S0095-P5","SIM-S0095","SIM-S0095-MIX","MIX","MIX-2","Temperature","25.4431","C","2026-09-02T21:20:00Z","2026-09-02T20:40:00Z","2026-09-02T21:30:00Z","SYNTHETIC","25","30","50","60"
"SIM-S0095-P6","SIM-S0095","SIM-S0095-MIX","MIX","MIX-2","Agitator_Speed","299.7689","rpm","2026-09-02T20:45:00Z","2026-09-02T20:40:00Z","2026-09-02T21:30:00Z","SYNTHETIC","300","330","50","60"
"SIM-S0095-P7","SIM-S0095","SIM-S0095-MIX","MIX","MIX-2","Agitator_Speed","298.6235","rpm","2026-09-02T21:05:00Z","2026-09-02T20:40:00Z","2026-09-02T21:30:00Z","SYNTHETIC","300","330","50","60"
"SIM-S0095-P8","SIM-S0095","SIM-S0095-MIX","MIX","MIX-2","Agitator_Speed","301.5415","rpm","2026-09-02T21:25:00Z","2026-09-02T20:40:00Z","2026-09-02T21:30:00Z","SYNTHETIC","300","330","50","60"
"SIM-S0095-P9","SIM-S0095","SIM-S0095-FILTER","FILTER","MIX-2","Filter_DP","56.1863","kPa","2026-09-02T21:30:00Z","2026-09-02T21:30:00Z","2026-09-02T21:45:00Z","SYNTHETIC","40","80","15","20"
"SIM-S0095-P10","SIM-S0095","SIM-S0095-FILTER","FILTER","MIX-2","Filter_DP","57.0037","kPa","2026-09-02T21:36:00Z","2026-09-02T21:30:00Z","2026-09-02T21:45:00Z","SYNTHETIC","40","80","15","20"
"SIM-S0095-P11","SIM-S0095","SIM-S0095-FILTER","FILTER","MIX-2","Filter_DP","58.0221","kPa","2026-09-02T21:42:00Z","2026-09-02T21:30:00Z","2026-09-02T21:45:00Z","SYNTHETIC","40","80","15","20"
"SIM-S0096-P0","SIM-S0096","SIM-S0096-MIX","MIX","MIX-3","Temperature","25.4536","C","2026-09-02T20:40:00Z","2026-09-02T20:40:00Z","2026-09-02T21:30:00Z","SYNTHETIC","25","30","50","60"
"SIM-S0096-P1","SIM-S0096","SIM-S0096-MIX","MIX","MIX-3","Temperature","25.2861","C","2026-09-02T20:48:00Z","2026-09-02T20:40:00Z","2026-09-02T21:30:00Z","SYNTHETIC","25","30","50","60"
"SIM-S0096-P2","SIM-S0096","SIM-S0096-MIX","MIX","MIX-3","Temperature","25.4555","C","2026-09-02T20:56:00Z","2026-09-02T20:40:00Z","2026-09-02T21:30:00Z","SYNTHETIC","25","30","50","60"
"SIM-S0096-P3","SIM-S0096","SIM-S0096-MIX","MIX","MIX-3","Temperature","25.6481","C","2026-09-02T21:04:00Z","2026-09-02T20:40:00Z","2026-09-02T21:30:00Z","SYNTHETIC","25","30","50","60"
"SIM-S0096-P4","SIM-S0096","SIM-S0096-MIX","MIX","MIX-3","Temperature","25.4441","C","2026-09-02T21:12:00Z","2026-09-02T20:40:00Z","2026-09-02T21:30:00Z","SYNTHETIC","25","30","50","60"
"SIM-S0096-P5","SIM-S0096","SIM-S0096-MIX","MIX","MIX-3","Temperature","25.4792","C","2026-09-02T21:20:00Z","2026-09-02T20:40:00Z","2026-09-02T21:30:00Z","SYNTHETIC","25","30","50","60"
"SIM-S0096-P6","SIM-S0096","SIM-S0096-MIX","MIX","MIX-3","Agitator_Speed","293.4572","rpm","2026-09-02T20:45:00Z","2026-09-02T20:40:00Z","2026-09-02T21:30:00Z","SYNTHETIC","300","330","50","60"
"SIM-S0096-P7","SIM-S0096","SIM-S0096-MIX","MIX","MIX-3","Agitator_Speed","298.4672","rpm","2026-09-02T21:05:00Z","2026-09-02T20:40:00Z","2026-09-02T21:30:00Z","SYNTHETIC","300","330","50","60"
"SIM-S0096-P8","SIM-S0096","SIM-S0096-MIX","MIX","MIX-3","Agitator_Speed","294.7648","rpm","2026-09-02T21:25:00Z","2026-09-02T20:40:00Z","2026-09-02T21:30:00Z","SYNTHETIC","300","330","50","60"
"SIM-S0096-P9","SIM-S0096","SIM-S0096-FILTER","FILTER","MIX-3","Filter_DP","58.9864","kPa","2026-09-02T21:30:00Z","2026-09-02T21:30:00Z","2026-09-02T21:45:00Z","SYNTHETIC","40","80","15","20"
"SIM-S0096-P10","SIM-S0096","SIM-S0096-FILTER","FILTER","MIX-3","Filter_DP","59.8879","kPa","2026-09-02T21:36:00Z","2026-09-02T21:30:00Z","2026-09-02T21:45:00Z","SYNTHETIC","40","80","15","20"
"SIM-S0096-P11","SIM-S0096","SIM-S0096-FILTER","FILTER","MIX-3","Filter_DP","60.7292","kPa","2026-09-02T21:42:00Z","2026-09-02T21:30:00Z","2026-09-02T21:45:00Z","SYNTHETIC","40","80","15","20"
"SIM-S0097-P0","SIM-S0097","SIM-S0097-MIX","MIX","MIX-1","Temperature","25.1929","C","2026-09-02T22:10:00Z","2026-09-02T22:10:00Z","2026-09-02T23:00:00Z","SYNTHETIC","25","30","50","60"
"SIM-S0097-P1","SIM-S0097","SIM-S0097-MIX","MIX","MIX-1","Temperature","24.988","C","2026-09-02T22:18:00Z","2026-09-02T22:10:00Z","2026-09-02T23:00:00Z","SYNTHETIC","25","30","50","60"
"SIM-S0097-P2","SIM-S0097","SIM-S0097-MIX","MIX","MIX-1","Temperature","25.311","C","2026-09-02T22:26:00Z","2026-09-02T22:10:00Z","2026-09-02T23:00:00Z","SYNTHETIC","25","30","50","60"
"SIM-S0097-P3","SIM-S0097","SIM-S0097-MIX","MIX","MIX-1","Temperature","25.2497","C","2026-09-02T22:34:00Z","2026-09-02T22:10:00Z","2026-09-02T23:00:00Z","SYNTHETIC","25","30","50","60"
"SIM-S0097-P4","SIM-S0097","SIM-S0097-MIX","MIX","MIX-1","Temperature","25.4801","C","2026-09-02T22:42:00Z","2026-09-02T22:10:00Z","2026-09-02T23:00:00Z","SYNTHETIC","25","30","50","60"
"SIM-S0097-P5","SIM-S0097","SIM-S0097-MIX","MIX","MIX-1","Temperature","25.2274","C","2026-09-02T22:50:00Z","2026-09-02T22:10:00Z","2026-09-02T23:00:00Z","SYNTHETIC","25","30","50","60"
"SIM-S0097-P6","SIM-S0097","SIM-S0097-MIX","MIX","MIX-1","Agitator_Speed","302.3325","rpm","2026-09-02T22:15:00Z","2026-09-02T22:10:00Z","2026-09-02T23:00:00Z","SYNTHETIC","300","330","50","60"
"SIM-S0097-P7","SIM-S0097","SIM-S0097-MIX","MIX","MIX-1","Agitator_Speed","302.7091","rpm","2026-09-02T22:35:00Z","2026-09-02T22:10:00Z","2026-09-02T23:00:00Z","SYNTHETIC","300","330","50","60"
"SIM-S0097-P8","SIM-S0097","SIM-S0097-MIX","MIX","MIX-1","Agitator_Speed","301.994","rpm","2026-09-02T22:55:00Z","2026-09-02T22:10:00Z","2026-09-02T23:00:00Z","SYNTHETIC","300","330","50","60"
"SIM-S0097-P9","SIM-S0097","SIM-S0097-FILTER","FILTER","MIX-1","Filter_DP","36.9279","kPa","2026-09-02T23:00:00Z","2026-09-02T23:00:00Z","2026-09-02T23:15:00Z","SYNTHETIC","40","80","15","20"
"SIM-S0097-P10","SIM-S0097","SIM-S0097-FILTER","FILTER","MIX-1","Filter_DP","37.62","kPa","2026-09-02T23:06:00Z","2026-09-02T23:00:00Z","2026-09-02T23:15:00Z","SYNTHETIC","40","80","15","20"
"SIM-S0097-P11","SIM-S0097","SIM-S0097-FILTER","FILTER","MIX-1","Filter_DP","39.0133","kPa","2026-09-02T23:12:00Z","2026-09-02T23:00:00Z","2026-09-02T23:15:00Z","SYNTHETIC","40","80","15","20"
"SIM-S0098-P0","SIM-S0098","SIM-S0098-MIX","MIX","MIX-2","Temperature","25.492","C","2026-09-02T22:10:00Z","2026-09-02T22:10:00Z","2026-09-02T23:00:00Z","SYNTHETIC","25","30","50","60"
"SIM-S0098-P1","SIM-S0098","SIM-S0098-MIX","MIX","MIX-2","Temperature","25.4025","C","2026-09-02T22:18:00Z","2026-09-02T22:10:00Z","2026-09-02T23:00:00Z","SYNTHETIC","25","30","50","60"
"SIM-S0098-P2","SIM-S0098","SIM-S0098-MIX","MIX","MIX-2","Temperature","25.5398","C","2026-09-02T22:26:00Z","2026-09-02T22:10:00Z","2026-09-02T23:00:00Z","SYNTHETIC","25","30","50","60"
"SIM-S0098-P3","SIM-S0098","SIM-S0098-MIX","MIX","MIX-2","Temperature","26.0006","C","2026-09-02T22:34:00Z","2026-09-02T22:10:00Z","2026-09-02T23:00:00Z","SYNTHETIC","25","30","50","60"
"SIM-S0098-P4","SIM-S0098","SIM-S0098-MIX","MIX","MIX-2","Temperature","25.5539","C","2026-09-02T22:42:00Z","2026-09-02T22:10:00Z","2026-09-02T23:00:00Z","SYNTHETIC","25","30","50","60"
"SIM-S0098-P5","SIM-S0098","SIM-S0098-MIX","MIX","MIX-2","Temperature","25.6317","C","2026-09-02T22:50:00Z","2026-09-02T22:10:00Z","2026-09-02T23:00:00Z","SYNTHETIC","25","30","50","60"
"SIM-S0098-P6","SIM-S0098","SIM-S0098-MIX","MIX","MIX-2","Agitator_Speed","303.7859","rpm","2026-09-02T22:15:00Z","2026-09-02T22:10:00Z","2026-09-02T23:00:00Z","SYNTHETIC","300","330","50","60"
"SIM-S0098-P7","SIM-S0098","SIM-S0098-MIX","MIX","MIX-2","Agitator_Speed","304.2349","rpm","2026-09-02T22:35:00Z","2026-09-02T22:10:00Z","2026-09-02T23:00:00Z","SYNTHETIC","300","330","50","60"
"SIM-S0098-P8","SIM-S0098","SIM-S0098-MIX","MIX","MIX-2","Agitator_Speed","306.0729","rpm","2026-09-02T22:55:00Z","2026-09-02T22:10:00Z","2026-09-02T23:00:00Z","SYNTHETIC","300","330","50","60"
"SIM-S0098-P9","SIM-S0098","SIM-S0098-FILTER","FILTER","MIX-2","Filter_DP","34.7372","kPa","2026-09-02T23:00:00Z","2026-09-02T23:00:00Z","2026-09-02T23:15:00Z","SYNTHETIC","40","80","15","20"
"SIM-S0098-P10","SIM-S0098","SIM-S0098-FILTER","FILTER","MIX-2","Filter_DP","35.438","kPa","2026-09-02T23:06:00Z","2026-09-02T23:00:00Z","2026-09-02T23:15:00Z","SYNTHETIC","40","80","15","20"
"SIM-S0098-P11","SIM-S0098","SIM-S0098-FILTER","FILTER","MIX-2","Filter_DP","36.1859","kPa","2026-09-02T23:12:00Z","2026-09-02T23:00:00Z","2026-09-02T23:15:00Z","SYNTHETIC","40","80","15","20"
"SIM-S0099-P0","SIM-S0099","SIM-S0099-MIX","MIX","MIX-3","Temperature","25.9213","C","2026-09-02T22:10:00Z","2026-09-02T22:10:00Z","2026-09-02T23:00:00Z","SYNTHETIC","25","30","50","60"
"SIM-S0099-P1","SIM-S0099","SIM-S0099-MIX","MIX","MIX-3","Temperature","25.9622","C","2026-09-02T22:18:00Z","2026-09-02T22:10:00Z","2026-09-02T23:00:00Z","SYNTHETIC","25","30","50","60"
"SIM-S0099-P2","SIM-S0099","SIM-S0099-MIX","MIX","MIX-3","Temperature","25.583","C","2026-09-02T22:26:00Z","2026-09-02T22:10:00Z","2026-09-02T23:00:00Z","SYNTHETIC","25","30","50","60"
"SIM-S0099-P3","SIM-S0099","SIM-S0099-MIX","MIX","MIX-3","Temperature","25.8798","C","2026-09-02T22:34:00Z","2026-09-02T22:10:00Z","2026-09-02T23:00:00Z","SYNTHETIC","25","30","50","60"
"SIM-S0099-P4","SIM-S0099","SIM-S0099-MIX","MIX","MIX-3","Temperature","25.804","C","2026-09-02T22:42:00Z","2026-09-02T22:10:00Z","2026-09-02T23:00:00Z","SYNTHETIC","25","30","50","60"
"SIM-S0099-P5","SIM-S0099","SIM-S0099-MIX","MIX","MIX-3","Temperature","25.6344","C","2026-09-02T22:50:00Z","2026-09-02T22:10:00Z","2026-09-02T23:00:00Z","SYNTHETIC","25","30","50","60"
"SIM-S0099-P6","SIM-S0099","SIM-S0099-MIX","MIX","MIX-3","Agitator_Speed","305.5182","rpm","2026-09-02T22:15:00Z","2026-09-02T22:10:00Z","2026-09-02T23:00:00Z","SYNTHETIC","300","330","50","60"
"SIM-S0099-P7","SIM-S0099","SIM-S0099-MIX","MIX","MIX-3","Agitator_Speed","305.0872","rpm","2026-09-02T22:35:00Z","2026-09-02T22:10:00Z","2026-09-02T23:00:00Z","SYNTHETIC","300","330","50","60"
"SIM-S0099-P8","SIM-S0099","SIM-S0099-MIX","MIX","MIX-3","Agitator_Speed","304.8072","rpm","2026-09-02T22:55:00Z","2026-09-02T22:10:00Z","2026-09-02T23:00:00Z","SYNTHETIC","300","330","50","60"
"SIM-S0099-P9","SIM-S0099","SIM-S0099-FILTER","FILTER","MIX-3","Filter_DP","35.5814","kPa","2026-09-02T23:00:00Z","2026-09-02T23:00:00Z","2026-09-02T23:15:00Z","SYNTHETIC","40","80","15","20"
"SIM-S0099-P10","SIM-S0099","SIM-S0099-FILTER","FILTER","MIX-3","Filter_DP","35.0211","kPa","2026-09-02T23:06:00Z","2026-09-02T23:00:00Z","2026-09-02T23:15:00Z","SYNTHETIC","40","80","15","20"
"SIM-S0099-P11","SIM-S0099","SIM-S0099-FILTER","FILTER","MIX-3","Filter_DP","36.4516","kPa","2026-09-02T23:12:00Z","2026-09-02T23:00:00Z","2026-09-02T23:15:00Z","SYNTHETIC","40","80","15","20"
"SIM-S0100-P0","SIM-S0100","SIM-S0100-MIX","MIX","MIX-1","Temperature","25.1458","C","2026-09-02T23:40:00Z","2026-09-02T23:40:00Z","2026-09-03T00:30:00Z","SYNTHETIC","25","30","50","60"
"SIM-S0100-P1","SIM-S0100","SIM-S0100-MIX","MIX","MIX-1","Temperature","25.1915","C","2026-09-02T23:48:00Z","2026-09-02T23:40:00Z","2026-09-03T00:30:00Z","SYNTHETIC","25","30","50","60"
"SIM-S0100-P2","SIM-S0100","SIM-S0100-MIX","MIX","MIX-1","Temperature","25.188","C","2026-09-02T23:56:00Z","2026-09-02T23:40:00Z","2026-09-03T00:30:00Z","SYNTHETIC","25","30","50","60"
"SIM-S0100-P3","SIM-S0100","SIM-S0100-MIX","MIX","MIX-1","Temperature","25.2629","C","2026-09-03T00:04:00Z","2026-09-02T23:40:00Z","2026-09-03T00:30:00Z","SYNTHETIC","25","30","50","60"
"SIM-S0100-P4","SIM-S0100","SIM-S0100-MIX","MIX","MIX-1","Temperature","25.2689","C","2026-09-03T00:12:00Z","2026-09-02T23:40:00Z","2026-09-03T00:30:00Z","SYNTHETIC","25","30","50","60"
"SIM-S0100-P5","SIM-S0100","SIM-S0100-MIX","MIX","MIX-1","Temperature","25.1875","C","2026-09-03T00:20:00Z","2026-09-02T23:40:00Z","2026-09-03T00:30:00Z","SYNTHETIC","25","30","50","60"
"SIM-S0100-P6","SIM-S0100","SIM-S0100-MIX","MIX","MIX-1","Agitator_Speed","302.4032","rpm","2026-09-02T23:45:00Z","2026-09-02T23:40:00Z","2026-09-03T00:30:00Z","SYNTHETIC","300","330","50","60"
"SIM-S0100-P7","SIM-S0100","SIM-S0100-MIX","MIX","MIX-1","Agitator_Speed","302.1449","rpm","2026-09-03T00:05:00Z","2026-09-02T23:40:00Z","2026-09-03T00:30:00Z","SYNTHETIC","300","330","50","60"
"SIM-S0100-P8","SIM-S0100","SIM-S0100-MIX","MIX","MIX-1","Agitator_Speed","303.296","rpm","2026-09-03T00:25:00Z","2026-09-02T23:40:00Z","2026-09-03T00:30:00Z","SYNTHETIC","300","330","50","60"
"SIM-S0100-P9","SIM-S0100","SIM-S0100-FILTER","FILTER","MIX-1","Filter_DP","40.241","kPa","2026-09-03T00:30:00Z","2026-09-03T00:30:00Z","2026-09-03T00:45:00Z","SYNTHETIC","40","80","15","20"
"SIM-S0100-P10","SIM-S0100","SIM-S0100-FILTER","FILTER","MIX-1","Filter_DP","39.7707","kPa","2026-09-03T00:36:00Z","2026-09-03T00:30:00Z","2026-09-03T00:45:00Z","SYNTHETIC","40","80","15","20"
"SIM-S0100-P11","SIM-S0100","SIM-S0100-FILTER","FILTER","MIX-1","Filter_DP","41.643","kPa","2026-09-03T00:42:00Z","2026-09-03T00:30:00Z","2026-09-03T00:45:00Z","SYNTHETIC","40","80","15","20"
"SIM-S0101-P0","SIM-S0101","SIM-S0101-MIX","MIX","MIX-2","Temperature","25.6207","C","2026-09-02T23:40:00Z","2026-09-02T23:40:00Z","2026-09-03T00:30:00Z","SYNTHETIC","25","30","50","60"
"SIM-S0101-P1","SIM-S0101","SIM-S0101-MIX","MIX","MIX-2","Temperature","25.5627","C","2026-09-02T23:48:00Z","2026-09-02T23:40:00Z","2026-09-03T00:30:00Z","SYNTHETIC","25","30","50","60"
"SIM-S0101-P2","SIM-S0101","SIM-S0101-MIX","MIX","MIX-2","Temperature","25.5443","C","2026-09-02T23:56:00Z","2026-09-02T23:40:00Z","2026-09-03T00:30:00Z","SYNTHETIC","25","30","50","60"
"SIM-S0101-P3","SIM-S0101","SIM-S0101-MIX","MIX","MIX-2","Temperature","25.7667","C","2026-09-03T00:04:00Z","2026-09-02T23:40:00Z","2026-09-03T00:30:00Z","SYNTHETIC","25","30","50","60"
"SIM-S0101-P4","SIM-S0101","SIM-S0101-MIX","MIX","MIX-2","Temperature","25.4502","C","2026-09-03T00:12:00Z","2026-09-02T23:40:00Z","2026-09-03T00:30:00Z","SYNTHETIC","25","30","50","60"
"SIM-S0101-P5","SIM-S0101","SIM-S0101-MIX","MIX","MIX-2","Temperature","25.4287","C","2026-09-03T00:20:00Z","2026-09-02T23:40:00Z","2026-09-03T00:30:00Z","SYNTHETIC","25","30","50","60"
"SIM-S0101-P6","SIM-S0101","SIM-S0101-MIX","MIX","MIX-2","Agitator_Speed","305.0929","rpm","2026-09-02T23:45:00Z","2026-09-02T23:40:00Z","2026-09-03T00:30:00Z","SYNTHETIC","300","330","50","60"
"SIM-S0101-P7","SIM-S0101","SIM-S0101-MIX","MIX","MIX-2","Agitator_Speed","301.6215","rpm","2026-09-03T00:05:00Z","2026-09-02T23:40:00Z","2026-09-03T00:30:00Z","SYNTHETIC","300","330","50","60"
"SIM-S0101-P8","SIM-S0101","SIM-S0101-MIX","MIX","MIX-2","Agitator_Speed","304.1648","rpm","2026-09-03T00:25:00Z","2026-09-02T23:40:00Z","2026-09-03T00:30:00Z","SYNTHETIC","300","330","50","60"
"SIM-S0101-P9","SIM-S0101","SIM-S0101-FILTER","FILTER","MIX-2","Filter_DP","38.1726","kPa","2026-09-03T00:30:00Z","2026-09-03T00:30:00Z","2026-09-03T00:45:00Z","SYNTHETIC","40","80","15","20"
"SIM-S0101-P10","SIM-S0101","SIM-S0101-FILTER","FILTER","MIX-2","Filter_DP","39.944","kPa","2026-09-03T00:36:00Z","2026-09-03T00:30:00Z","2026-09-03T00:45:00Z","SYNTHETIC","40","80","15","20"
"SIM-S0101-P11","SIM-S0101","SIM-S0101-FILTER","FILTER","MIX-2","Filter_DP","39.9489","kPa","2026-09-03T00:42:00Z","2026-09-03T00:30:00Z","2026-09-03T00:45:00Z","SYNTHETIC","40","80","15","20"
"SIM-S0102-P0","SIM-S0102","SIM-S0102-MIX","MIX","MIX-3","Temperature","25.8959","C","2026-09-02T23:40:00Z","2026-09-02T23:40:00Z","2026-09-03T00:30:00Z","SYNTHETIC","25","30","50","60"
"SIM-S0102-P1","SIM-S0102","SIM-S0102-MIX","MIX","MIX-3","Temperature","25.7866","C","2026-09-02T23:48:00Z","2026-09-02T23:40:00Z","2026-09-03T00:30:00Z","SYNTHETIC","25","30","50","60"
"SIM-S0102-P2","SIM-S0102","SIM-S0102-MIX","MIX","MIX-3","Temperature","25.6805","C","2026-09-02T23:56:00Z","2026-09-02T23:40:00Z","2026-09-03T00:30:00Z","SYNTHETIC","25","30","50","60"
"SIM-S0102-P3","SIM-S0102","SIM-S0102-MIX","MIX","MIX-3","Temperature","25.5087","C","2026-09-03T00:04:00Z","2026-09-02T23:40:00Z","2026-09-03T00:30:00Z","SYNTHETIC","25","30","50","60"
"SIM-S0102-P4","SIM-S0102","SIM-S0102-MIX","MIX","MIX-3","Temperature","25.5859","C","2026-09-03T00:12:00Z","2026-09-02T23:40:00Z","2026-09-03T00:30:00Z","SYNTHETIC","25","30","50","60"
"SIM-S0102-P5","SIM-S0102","SIM-S0102-MIX","MIX","MIX-3","Temperature","25.802","C","2026-09-03T00:20:00Z","2026-09-02T23:40:00Z","2026-09-03T00:30:00Z","SYNTHETIC","25","30","50","60"
"SIM-S0102-P6","SIM-S0102","SIM-S0102-MIX","MIX","MIX-3","Agitator_Speed","299.0709","rpm","2026-09-02T23:45:00Z","2026-09-02T23:40:00Z","2026-09-03T00:30:00Z","SYNTHETIC","300","330","50","60"
"SIM-S0102-P7","SIM-S0102","SIM-S0102-MIX","MIX","MIX-3","Agitator_Speed","297.8403","rpm","2026-09-03T00:05:00Z","2026-09-02T23:40:00Z","2026-09-03T00:30:00Z","SYNTHETIC","300","330","50","60"
"SIM-S0102-P8","SIM-S0102","SIM-S0102-MIX","MIX","MIX-3","Agitator_Speed","298.2556","rpm","2026-09-03T00:25:00Z","2026-09-02T23:40:00Z","2026-09-03T00:30:00Z","SYNTHETIC","300","330","50","60"
"SIM-S0102-P9","SIM-S0102","SIM-S0102-FILTER","FILTER","MIX-3","Filter_DP","39.6025","kPa","2026-09-03T00:30:00Z","2026-09-03T00:30:00Z","2026-09-03T00:45:00Z","SYNTHETIC","40","80","15","20"
"SIM-S0102-P10","SIM-S0102","SIM-S0102-FILTER","FILTER","MIX-3","Filter_DP","41.175","kPa","2026-09-03T00:36:00Z","2026-09-03T00:30:00Z","2026-09-03T00:45:00Z","SYNTHETIC","40","80","15","20"
"SIM-S0102-P11","SIM-S0102","SIM-S0102-FILTER","FILTER","MIX-3","Filter_DP","40.9758","kPa","2026-09-03T00:42:00Z","2026-09-03T00:30:00Z","2026-09-03T00:45:00Z","SYNTHETIC","40","80","15","20"
"SIM-S0103-P0","SIM-S0103","SIM-S0103-MIX","MIX","MIX-1","Temperature","25.3739","C","2026-09-03T01:10:00Z","2026-09-03T01:10:00Z","2026-09-03T02:00:00Z","SYNTHETIC","25","30","50","60"
"SIM-S0103-P1","SIM-S0103","SIM-S0103-MIX","MIX","MIX-1","Temperature","25.4782","C","2026-09-03T01:18:00Z","2026-09-03T01:10:00Z","2026-09-03T02:00:00Z","SYNTHETIC","25","30","50","60"
"SIM-S0103-P2","SIM-S0103","SIM-S0103-MIX","MIX","MIX-1","Temperature","25.4501","C","2026-09-03T01:26:00Z","2026-09-03T01:10:00Z","2026-09-03T02:00:00Z","SYNTHETIC","25","30","50","60"
"SIM-S0103-P3","SIM-S0103","SIM-S0103-MIX","MIX","MIX-1","Temperature","25.6833","C","2026-09-03T01:34:00Z","2026-09-03T01:10:00Z","2026-09-03T02:00:00Z","SYNTHETIC","25","30","50","60"
"SIM-S0103-P4","SIM-S0103","SIM-S0103-MIX","MIX","MIX-1","Temperature","25.4737","C","2026-09-03T01:42:00Z","2026-09-03T01:10:00Z","2026-09-03T02:00:00Z","SYNTHETIC","25","30","50","60"
"SIM-S0103-P5","SIM-S0103","SIM-S0103-MIX","MIX","MIX-1","Temperature","25.5773","C","2026-09-03T01:50:00Z","2026-09-03T01:10:00Z","2026-09-03T02:00:00Z","SYNTHETIC","25","30","50","60"
"SIM-S0103-P6","SIM-S0103","SIM-S0103-MIX","MIX","MIX-1","Agitator_Speed","298.3488","rpm","2026-09-03T01:15:00Z","2026-09-03T01:10:00Z","2026-09-03T02:00:00Z","SYNTHETIC","300","330","50","60"
"SIM-S0103-P7","SIM-S0103","SIM-S0103-MIX","MIX","MIX-1","Agitator_Speed","300.2103","rpm","2026-09-03T01:35:00Z","2026-09-03T01:10:00Z","2026-09-03T02:00:00Z","SYNTHETIC","300","330","50","60"
"SIM-S0103-P8","SIM-S0103","SIM-S0103-MIX","MIX","MIX-1","Agitator_Speed","300.3652","rpm","2026-09-03T01:55:00Z","2026-09-03T01:10:00Z","2026-09-03T02:00:00Z","SYNTHETIC","300","330","50","60"
"SIM-S0103-P9","SIM-S0103","SIM-S0103-FILTER","FILTER","MIX-1","Filter_DP","42.9144","kPa","2026-09-03T02:00:00Z","2026-09-03T02:00:00Z","2026-09-03T02:15:00Z","SYNTHETIC","40","80","15","20"
"SIM-S0103-P10","SIM-S0103","SIM-S0103-FILTER","FILTER","MIX-1","Filter_DP","44.1871","kPa","2026-09-03T02:06:00Z","2026-09-03T02:00:00Z","2026-09-03T02:15:00Z","SYNTHETIC","40","80","15","20"
"SIM-S0103-P11","SIM-S0103","SIM-S0103-FILTER","FILTER","MIX-1","Filter_DP","45.7777","kPa","2026-09-03T02:12:00Z","2026-09-03T02:00:00Z","2026-09-03T02:15:00Z","SYNTHETIC","40","80","15","20"
"SIM-S0104-P0","SIM-S0104","SIM-S0104-MIX","MIX","MIX-2","Temperature","25.3847","C","2026-09-03T01:10:00Z","2026-09-03T01:10:00Z","2026-09-03T02:00:00Z","SYNTHETIC","25","30","50","60"
"SIM-S0104-P1","SIM-S0104","SIM-S0104-MIX","MIX","MIX-2","Temperature","25.651","C","2026-09-03T01:18:00Z","2026-09-03T01:10:00Z","2026-09-03T02:00:00Z","SYNTHETIC","25","30","50","60"
"SIM-S0104-P2","SIM-S0104","SIM-S0104-MIX","MIX","MIX-2","Temperature","25.8171","C","2026-09-03T01:26:00Z","2026-09-03T01:10:00Z","2026-09-03T02:00:00Z","SYNTHETIC","25","30","50","60"
"SIM-S0104-P3","SIM-S0104","SIM-S0104-MIX","MIX","MIX-2","Temperature","25.2963","C","2026-09-03T01:34:00Z","2026-09-03T01:10:00Z","2026-09-03T02:00:00Z","SYNTHETIC","25","30","50","60"
"SIM-S0104-P4","SIM-S0104","SIM-S0104-MIX","MIX","MIX-2","Temperature","25.4668","C","2026-09-03T01:42:00Z","2026-09-03T01:10:00Z","2026-09-03T02:00:00Z","SYNTHETIC","25","30","50","60"
"SIM-S0104-P5","SIM-S0104","SIM-S0104-MIX","MIX","MIX-2","Temperature","25.511","C","2026-09-03T01:50:00Z","2026-09-03T01:10:00Z","2026-09-03T02:00:00Z","SYNTHETIC","25","30","50","60"
"SIM-S0104-P6","SIM-S0104","SIM-S0104-MIX","MIX","MIX-2","Agitator_Speed","300.1177","rpm","2026-09-03T01:15:00Z","2026-09-03T01:10:00Z","2026-09-03T02:00:00Z","SYNTHETIC","300","330","50","60"
"SIM-S0104-P7","SIM-S0104","SIM-S0104-MIX","MIX","MIX-2","Agitator_Speed","299.5985","rpm","2026-09-03T01:35:00Z","2026-09-03T01:10:00Z","2026-09-03T02:00:00Z","SYNTHETIC","300","330","50","60"
"SIM-S0104-P8","SIM-S0104","SIM-S0104-MIX","MIX","MIX-2","Agitator_Speed","302.102","rpm","2026-09-03T01:55:00Z","2026-09-03T01:10:00Z","2026-09-03T02:00:00Z","SYNTHETIC","300","330","50","60"
"SIM-S0104-P9","SIM-S0104","SIM-S0104-FILTER","FILTER","MIX-2","Filter_DP","42.5593","kPa","2026-09-03T02:00:00Z","2026-09-03T02:00:00Z","2026-09-03T02:15:00Z","SYNTHETIC","40","80","15","20"
"SIM-S0104-P10","SIM-S0104","SIM-S0104-FILTER","FILTER","MIX-2","Filter_DP","43.8477","kPa","2026-09-03T02:06:00Z","2026-09-03T02:00:00Z","2026-09-03T02:15:00Z","SYNTHETIC","40","80","15","20"
"SIM-S0104-P11","SIM-S0104","SIM-S0104-FILTER","FILTER","MIX-2","Filter_DP","44.9659","kPa","2026-09-03T02:12:00Z","2026-09-03T02:00:00Z","2026-09-03T02:15:00Z","SYNTHETIC","40","80","15","20"
"SIM-S0105-P0","SIM-S0105","SIM-S0105-MIX","MIX","MIX-3","Temperature","25.2922","C","2026-09-03T01:10:00Z","2026-09-03T01:10:00Z","2026-09-03T02:00:00Z","SYNTHETIC","25","30","50","60"
"SIM-S0105-P1","SIM-S0105","SIM-S0105-MIX","MIX","MIX-3","Temperature","25.7985","C","2026-09-03T01:18:00Z","2026-09-03T01:10:00Z","2026-09-03T02:00:00Z","SYNTHETIC","25","30","50","60"
"SIM-S0105-P2","SIM-S0105","SIM-S0105-MIX","MIX","MIX-3","Temperature","25.3137","C","2026-09-03T01:26:00Z","2026-09-03T01:10:00Z","2026-09-03T02:00:00Z","SYNTHETIC","25","30","50","60"
"SIM-S0105-P3","SIM-S0105","SIM-S0105-MIX","MIX","MIX-3","Temperature","25.421","C","2026-09-03T01:34:00Z","2026-09-03T01:10:00Z","2026-09-03T02:00:00Z","SYNTHETIC","25","30","50","60"
"SIM-S0105-P4","SIM-S0105","SIM-S0105-MIX","MIX","MIX-3","Temperature","25.2745","C","2026-09-03T01:42:00Z","2026-09-03T01:10:00Z","2026-09-03T02:00:00Z","SYNTHETIC","25","30","50","60"
"SIM-S0105-P5","SIM-S0105","SIM-S0105-MIX","MIX","MIX-3","Temperature","25.4685","C","2026-09-03T01:50:00Z","2026-09-03T01:10:00Z","2026-09-03T02:00:00Z","SYNTHETIC","25","30","50","60"
"SIM-S0105-P6","SIM-S0105","SIM-S0105-MIX","MIX","MIX-3","Agitator_Speed","298.5423","rpm","2026-09-03T01:15:00Z","2026-09-03T01:10:00Z","2026-09-03T02:00:00Z","SYNTHETIC","300","330","50","60"
"SIM-S0105-P7","SIM-S0105","SIM-S0105-MIX","MIX","MIX-3","Agitator_Speed","300.291","rpm","2026-09-03T01:35:00Z","2026-09-03T01:10:00Z","2026-09-03T02:00:00Z","SYNTHETIC","300","330","50","60"
"SIM-S0105-P8","SIM-S0105","SIM-S0105-MIX","MIX","MIX-3","Agitator_Speed","302.5971","rpm","2026-09-03T01:55:00Z","2026-09-03T01:10:00Z","2026-09-03T02:00:00Z","SYNTHETIC","300","330","50","60"
"SIM-S0105-P9","SIM-S0105","SIM-S0105-FILTER","FILTER","MIX-3","Filter_DP","39.4698","kPa","2026-09-03T02:00:00Z","2026-09-03T02:00:00Z","2026-09-03T02:15:00Z","SYNTHETIC","40","80","15","20"
"SIM-S0105-P10","SIM-S0105","SIM-S0105-FILTER","FILTER","MIX-3","Filter_DP","39.8033","kPa","2026-09-03T02:06:00Z","2026-09-03T02:00:00Z","2026-09-03T02:15:00Z","SYNTHETIC","40","80","15","20"
"SIM-S0105-P11","SIM-S0105","SIM-S0105-FILTER","FILTER","MIX-3","Filter_DP","40.6803","kPa","2026-09-03T02:12:00Z","2026-09-03T02:00:00Z","2026-09-03T02:15:00Z","SYNTHETIC","40","80","15","20"
"SIM-S0106-P0","SIM-S0106","SIM-S0106-MIX","MIX","MIX-1","Temperature","25.2992","C","2026-09-03T02:40:00Z","2026-09-03T02:40:00Z","2026-09-03T03:30:00Z","SYNTHETIC","25","30","50","60"
"SIM-S0106-P1","SIM-S0106","SIM-S0106-MIX","MIX","MIX-1","Temperature","25.0117","C","2026-09-03T02:48:00Z","2026-09-03T02:40:00Z","2026-09-03T03:30:00Z","SYNTHETIC","25","30","50","60"
"SIM-S0106-P2","SIM-S0106","SIM-S0106-MIX","MIX","MIX-1","Temperature","25.2181","C","2026-09-03T02:56:00Z","2026-09-03T02:40:00Z","2026-09-03T03:30:00Z","SYNTHETIC","25","30","50","60"
"SIM-S0106-P3","SIM-S0106","SIM-S0106-MIX","MIX","MIX-1","Temperature","25.174","C","2026-09-03T03:04:00Z","2026-09-03T02:40:00Z","2026-09-03T03:30:00Z","SYNTHETIC","25","30","50","60"
"SIM-S0106-P4","SIM-S0106","SIM-S0106-MIX","MIX","MIX-1","Temperature","25.2862","C","2026-09-03T03:12:00Z","2026-09-03T02:40:00Z","2026-09-03T03:30:00Z","SYNTHETIC","25","30","50","60"
"SIM-S0106-P5","SIM-S0106","SIM-S0106-MIX","MIX","MIX-1","Temperature","25.1322","C","2026-09-03T03:20:00Z","2026-09-03T02:40:00Z","2026-09-03T03:30:00Z","SYNTHETIC","25","30","50","60"
"SIM-S0106-P6","SIM-S0106","SIM-S0106-MIX","MIX","MIX-1","Agitator_Speed","300.9402","rpm","2026-09-03T02:45:00Z","2026-09-03T02:40:00Z","2026-09-03T03:30:00Z","SYNTHETIC","300","330","50","60"
"SIM-S0106-P7","SIM-S0106","SIM-S0106-MIX","MIX","MIX-1","Agitator_Speed","299.027","rpm","2026-09-03T03:05:00Z","2026-09-03T02:40:00Z","2026-09-03T03:30:00Z","SYNTHETIC","300","330","50","60"
"SIM-S0106-P8","SIM-S0106","SIM-S0106-MIX","MIX","MIX-1","Agitator_Speed","297.5898","rpm","2026-09-03T03:25:00Z","2026-09-03T02:40:00Z","2026-09-03T03:30:00Z","SYNTHETIC","300","330","50","60"
"SIM-S0106-P9","SIM-S0106","SIM-S0106-FILTER","FILTER","MIX-1","Filter_DP","46.2811","kPa","2026-09-03T03:30:00Z","2026-09-03T03:30:00Z","2026-09-03T03:45:00Z","SYNTHETIC","40","80","15","20"
"SIM-S0106-P10","SIM-S0106","SIM-S0106-FILTER","FILTER","MIX-1","Filter_DP","46.1914","kPa","2026-09-03T03:36:00Z","2026-09-03T03:30:00Z","2026-09-03T03:45:00Z","SYNTHETIC","40","80","15","20"
"SIM-S0106-P11","SIM-S0106","SIM-S0106-FILTER","FILTER","MIX-1","Filter_DP","46.897","kPa","2026-09-03T03:42:00Z","2026-09-03T03:30:00Z","2026-09-03T03:45:00Z","SYNTHETIC","40","80","15","20"
"SIM-S0107-P0","SIM-S0107","SIM-S0107-MIX","MIX","MIX-2","Temperature","25.3179","C","2026-09-03T02:40:00Z","2026-09-03T02:40:00Z","2026-09-03T03:30:00Z","SYNTHETIC","25","30","50","60"
"SIM-S0107-P1","SIM-S0107","SIM-S0107-MIX","MIX","MIX-2","Temperature","25.8529","C","2026-09-03T02:48:00Z","2026-09-03T02:40:00Z","2026-09-03T03:30:00Z","SYNTHETIC","25","30","50","60"
"SIM-S0107-P2","SIM-S0107","SIM-S0107-MIX","MIX","MIX-2","Temperature","25.4367","C","2026-09-03T02:56:00Z","2026-09-03T02:40:00Z","2026-09-03T03:30:00Z","SYNTHETIC","25","30","50","60"
"SIM-S0107-P3","SIM-S0107","SIM-S0107-MIX","MIX","MIX-2","Temperature","25.456","C","2026-09-03T03:04:00Z","2026-09-03T02:40:00Z","2026-09-03T03:30:00Z","SYNTHETIC","25","30","50","60"
"SIM-S0107-P4","SIM-S0107","SIM-S0107-MIX","MIX","MIX-2","Temperature","25.519","C","2026-09-03T03:12:00Z","2026-09-03T02:40:00Z","2026-09-03T03:30:00Z","SYNTHETIC","25","30","50","60"
"SIM-S0107-P5","SIM-S0107","SIM-S0107-MIX","MIX","MIX-2","Temperature","25.6622","C","2026-09-03T03:20:00Z","2026-09-03T02:40:00Z","2026-09-03T03:30:00Z","SYNTHETIC","25","30","50","60"
"SIM-S0107-P6","SIM-S0107","SIM-S0107-MIX","MIX","MIX-2","Agitator_Speed","303.7383","rpm","2026-09-03T02:45:00Z","2026-09-03T02:40:00Z","2026-09-03T03:30:00Z","SYNTHETIC","300","330","50","60"
"SIM-S0107-P7","SIM-S0107","SIM-S0107-MIX","MIX","MIX-2","Agitator_Speed","303.6391","rpm","2026-09-03T03:05:00Z","2026-09-03T02:40:00Z","2026-09-03T03:30:00Z","SYNTHETIC","300","330","50","60"
"SIM-S0107-P8","SIM-S0107","SIM-S0107-MIX","MIX","MIX-2","Agitator_Speed","301.5457","rpm","2026-09-03T03:25:00Z","2026-09-03T02:40:00Z","2026-09-03T03:30:00Z","SYNTHETIC","300","330","50","60"
"SIM-S0107-P9","SIM-S0107","SIM-S0107-FILTER","FILTER","MIX-2","Filter_DP","44.0582","kPa","2026-09-03T03:30:00Z","2026-09-03T03:30:00Z","2026-09-03T03:45:00Z","SYNTHETIC","40","80","15","20"
"SIM-S0107-P10","SIM-S0107","SIM-S0107-FILTER","FILTER","MIX-2","Filter_DP","43.9299","kPa","2026-09-03T03:36:00Z","2026-09-03T03:30:00Z","2026-09-03T03:45:00Z","SYNTHETIC","40","80","15","20"
"SIM-S0107-P11","SIM-S0107","SIM-S0107-FILTER","FILTER","MIX-2","Filter_DP","45.0938","kPa","2026-09-03T03:42:00Z","2026-09-03T03:30:00Z","2026-09-03T03:45:00Z","SYNTHETIC","40","80","15","20"
"SIM-S0108-P0","SIM-S0108","SIM-S0108-MIX","MIX","MIX-3","Temperature","25.1783","C","2026-09-03T02:40:00Z","2026-09-03T02:40:00Z","2026-09-03T03:30:00Z","SYNTHETIC","25","30","50","60"
"SIM-S0108-P1","SIM-S0108","SIM-S0108-MIX","MIX","MIX-3","Temperature","25.1725","C","2026-09-03T02:48:00Z","2026-09-03T02:40:00Z","2026-09-03T03:30:00Z","SYNTHETIC","25","30","50","60"
"SIM-S0108-P2","SIM-S0108","SIM-S0108-MIX","MIX","MIX-3","Temperature","24.9103","C","2026-09-03T02:56:00Z","2026-09-03T02:40:00Z","2026-09-03T03:30:00Z","SYNTHETIC","25","30","50","60"
"SIM-S0108-P3","SIM-S0108","SIM-S0108-MIX","MIX","MIX-3","Temperature","25.1967","C","2026-09-03T03:04:00Z","2026-09-03T02:40:00Z","2026-09-03T03:30:00Z","SYNTHETIC","25","30","50","60"
"SIM-S0108-P4","SIM-S0108","SIM-S0108-MIX","MIX","MIX-3","Temperature","25.1161","C","2026-09-03T03:12:00Z","2026-09-03T02:40:00Z","2026-09-03T03:30:00Z","SYNTHETIC","25","30","50","60"
"SIM-S0108-P5","SIM-S0108","SIM-S0108-MIX","MIX","MIX-3","Temperature","25.0923","C","2026-09-03T03:20:00Z","2026-09-03T02:40:00Z","2026-09-03T03:30:00Z","SYNTHETIC","25","30","50","60"
"SIM-S0108-P6","SIM-S0108","SIM-S0108-MIX","MIX","MIX-3","Agitator_Speed","301.4244","rpm","2026-09-03T02:45:00Z","2026-09-03T02:40:00Z","2026-09-03T03:30:00Z","SYNTHETIC","300","330","50","60"
"SIM-S0108-P7","SIM-S0108","SIM-S0108-MIX","MIX","MIX-3","Agitator_Speed","298.7929","rpm","2026-09-03T03:05:00Z","2026-09-03T02:40:00Z","2026-09-03T03:30:00Z","SYNTHETIC","300","330","50","60"
"SIM-S0108-P8","SIM-S0108","SIM-S0108-MIX","MIX","MIX-3","Agitator_Speed","300.0367","rpm","2026-09-03T03:25:00Z","2026-09-03T02:40:00Z","2026-09-03T03:30:00Z","SYNTHETIC","300","330","50","60"
"SIM-S0108-P9","SIM-S0108","SIM-S0108-FILTER","FILTER","MIX-3","Filter_DP","45.8455","kPa","2026-09-03T03:30:00Z","2026-09-03T03:30:00Z","2026-09-03T03:45:00Z","SYNTHETIC","40","80","15","20"
"SIM-S0108-P10","SIM-S0108","SIM-S0108-FILTER","FILTER","MIX-3","Filter_DP","45.8541","kPa","2026-09-03T03:36:00Z","2026-09-03T03:30:00Z","2026-09-03T03:45:00Z","SYNTHETIC","40","80","15","20"
"SIM-S0108-P11","SIM-S0108","SIM-S0108-FILTER","FILTER","MIX-3","Filter_DP","46.6793","kPa","2026-09-03T03:42:00Z","2026-09-03T03:30:00Z","2026-09-03T03:45:00Z","SYNTHETIC","40","80","15","20"
"SIM-S0109-P0","SIM-S0109","SIM-S0109-MIX","MIX","MIX-1","Temperature","25.1968","C","2026-09-03T04:10:00Z","2026-09-03T04:10:00Z","2026-09-03T05:00:00Z","SYNTHETIC","25","30","50","60"
"SIM-S0109-P1","SIM-S0109","SIM-S0109-MIX","MIX","MIX-1","Temperature","25.2873","C","2026-09-03T04:18:00Z","2026-09-03T04:10:00Z","2026-09-03T05:00:00Z","SYNTHETIC","25","30","50","60"
"SIM-S0109-P2","SIM-S0109","SIM-S0109-MIX","MIX","MIX-1","Temperature","25.1595","C","2026-09-03T04:26:00Z","2026-09-03T04:10:00Z","2026-09-03T05:00:00Z","SYNTHETIC","25","30","50","60"
"SIM-S0109-P3","SIM-S0109","SIM-S0109-MIX","MIX","MIX-1","Temperature","25.02","C","2026-09-03T04:34:00Z","2026-09-03T04:10:00Z","2026-09-03T05:00:00Z","SYNTHETIC","25","30","50","60"
"SIM-S0109-P4","SIM-S0109","SIM-S0109-MIX","MIX","MIX-1","Temperature","25.2315","C","2026-09-03T04:42:00Z","2026-09-03T04:10:00Z","2026-09-03T05:00:00Z","SYNTHETIC","25","30","50","60"
"SIM-S0109-P5","SIM-S0109","SIM-S0109-MIX","MIX","MIX-1","Temperature","24.9919","C","2026-09-03T04:50:00Z","2026-09-03T04:10:00Z","2026-09-03T05:00:00Z","SYNTHETIC","25","30","50","60"
"SIM-S0109-P6","SIM-S0109","SIM-S0109-MIX","MIX","MIX-1","Agitator_Speed","298.2708","rpm","2026-09-03T04:15:00Z","2026-09-03T04:10:00Z","2026-09-03T05:00:00Z","SYNTHETIC","300","330","50","60"
"SIM-S0109-P7","SIM-S0109","SIM-S0109-MIX","MIX","MIX-1","Agitator_Speed","297.156","rpm","2026-09-03T04:35:00Z","2026-09-03T04:10:00Z","2026-09-03T05:00:00Z","SYNTHETIC","300","330","50","60"
"SIM-S0109-P8","SIM-S0109","SIM-S0109-MIX","MIX","MIX-1","Agitator_Speed","300.9807","rpm","2026-09-03T04:55:00Z","2026-09-03T04:10:00Z","2026-09-03T05:00:00Z","SYNTHETIC","300","330","50","60"
"SIM-S0109-P9","SIM-S0109","SIM-S0109-FILTER","FILTER","MIX-1","Filter_DP","48.4729","kPa","2026-09-03T05:00:00Z","2026-09-03T05:00:00Z","2026-09-03T05:15:00Z","SYNTHETIC","40","80","15","20"
"SIM-S0109-P10","SIM-S0109","SIM-S0109-FILTER","FILTER","MIX-1","Filter_DP","48.7827","kPa","2026-09-03T05:06:00Z","2026-09-03T05:00:00Z","2026-09-03T05:15:00Z","SYNTHETIC","40","80","15","20"
"SIM-S0109-P11","SIM-S0109","SIM-S0109-FILTER","FILTER","MIX-1","Filter_DP","49.3653","kPa","2026-09-03T05:12:00Z","2026-09-03T05:00:00Z","2026-09-03T05:15:00Z","SYNTHETIC","40","80","15","20"
"SIM-S0110-P0","SIM-S0110","SIM-S0110-MIX","MIX","MIX-2","Temperature","24.862","C","2026-09-03T04:10:00Z","2026-09-03T04:10:00Z","2026-09-03T05:00:00Z","SYNTHETIC","25","30","50","60"
"SIM-S0110-P1","SIM-S0110","SIM-S0110-MIX","MIX","MIX-2","Temperature","24.7205","C","2026-09-03T04:18:00Z","2026-09-03T04:10:00Z","2026-09-03T05:00:00Z","SYNTHETIC","25","30","50","60"
"SIM-S0110-P2","SIM-S0110","SIM-S0110-MIX","MIX","MIX-2","Temperature","24.96","C","2026-09-03T04:26:00Z","2026-09-03T04:10:00Z","2026-09-03T05:00:00Z","SYNTHETIC","25","30","50","60"
"SIM-S0110-P3","SIM-S0110","SIM-S0110-MIX","MIX","MIX-2","Temperature","24.7822","C","2026-09-03T04:34:00Z","2026-09-03T04:10:00Z","2026-09-03T05:00:00Z","SYNTHETIC","25","30","50","60"
"SIM-S0110-P4","SIM-S0110","SIM-S0110-MIX","MIX","MIX-2","Temperature","24.9107","C","2026-09-03T04:42:00Z","2026-09-03T04:10:00Z","2026-09-03T05:00:00Z","SYNTHETIC","25","30","50","60"
"SIM-S0110-P5","SIM-S0110","SIM-S0110-MIX","MIX","MIX-2","Temperature","24.9921","C","2026-09-03T04:50:00Z","2026-09-03T04:10:00Z","2026-09-03T05:00:00Z","SYNTHETIC","25","30","50","60"
"SIM-S0110-P6","SIM-S0110","SIM-S0110-MIX","MIX","MIX-2","Agitator_Speed","302.7083","rpm","2026-09-03T04:15:00Z","2026-09-03T04:10:00Z","2026-09-03T05:00:00Z","SYNTHETIC","300","330","50","60"
"SIM-S0110-P7","SIM-S0110","SIM-S0110-MIX","MIX","MIX-2","Agitator_Speed","305.1837","rpm","2026-09-03T04:35:00Z","2026-09-03T04:10:00Z","2026-09-03T05:00:00Z","SYNTHETIC","300","330","50","60"
"SIM-S0110-P8","SIM-S0110","SIM-S0110-MIX","MIX","MIX-2","Agitator_Speed","303.7081","rpm","2026-09-03T04:55:00Z","2026-09-03T04:10:00Z","2026-09-03T05:00:00Z","SYNTHETIC","300","330","50","60"
"SIM-S0110-P9","SIM-S0110","SIM-S0110-FILTER","FILTER","MIX-2","Filter_DP","46.8139","kPa","2026-09-03T05:00:00Z","2026-09-03T05:00:00Z","2026-09-03T05:15:00Z","SYNTHETIC","40","80","15","20"
"SIM-S0110-P10","SIM-S0110","SIM-S0110-FILTER","FILTER","MIX-2","Filter_DP","48.3279","kPa","2026-09-03T05:06:00Z","2026-09-03T05:00:00Z","2026-09-03T05:15:00Z","SYNTHETIC","40","80","15","20"
"SIM-S0110-P11","SIM-S0110","SIM-S0110-FILTER","FILTER","MIX-2","Filter_DP","48.5271","kPa","2026-09-03T05:12:00Z","2026-09-03T05:00:00Z","2026-09-03T05:15:00Z","SYNTHETIC","40","80","15","20"
"SIM-S0111-P0","SIM-S0111","SIM-S0111-MIX","MIX","MIX-3","Temperature","24.7073","C","2026-09-03T04:10:00Z","2026-09-03T04:10:00Z","2026-09-03T05:00:00Z","SYNTHETIC","25","30","50","60"
"SIM-S0111-P1","SIM-S0111","SIM-S0111-MIX","MIX","MIX-3","Temperature","24.7585","C","2026-09-03T04:18:00Z","2026-09-03T04:10:00Z","2026-09-03T05:00:00Z","SYNTHETIC","25","30","50","60"
"SIM-S0111-P2","SIM-S0111","SIM-S0111-MIX","MIX","MIX-3","Temperature","24.8218","C","2026-09-03T04:26:00Z","2026-09-03T04:10:00Z","2026-09-03T05:00:00Z","SYNTHETIC","25","30","50","60"
"SIM-S0111-P3","SIM-S0111","SIM-S0111-MIX","MIX","MIX-3","Temperature","25.043","C","2026-09-03T04:34:00Z","2026-09-03T04:10:00Z","2026-09-03T05:00:00Z","SYNTHETIC","25","30","50","60"
"SIM-S0111-P4","SIM-S0111","SIM-S0111-MIX","MIX","MIX-3","Temperature","24.6387","C","2026-09-03T04:42:00Z","2026-09-03T04:10:00Z","2026-09-03T05:00:00Z","SYNTHETIC","25","30","50","60"
"SIM-S0111-P5","SIM-S0111","SIM-S0111-MIX","MIX","MIX-3","Temperature","24.7896","C","2026-09-03T04:50:00Z","2026-09-03T04:10:00Z","2026-09-03T05:00:00Z","SYNTHETIC","25","30","50","60"
"SIM-S0111-P6","SIM-S0111","SIM-S0111-MIX","MIX","MIX-3","Agitator_Speed","299.7202","rpm","2026-09-03T04:15:00Z","2026-09-03T04:10:00Z","2026-09-03T05:00:00Z","SYNTHETIC","300","330","50","60"
"SIM-S0111-P7","SIM-S0111","SIM-S0111-MIX","MIX","MIX-3","Agitator_Speed","299.2221","rpm","2026-09-03T04:35:00Z","2026-09-03T04:10:00Z","2026-09-03T05:00:00Z","SYNTHETIC","300","330","50","60"
"SIM-S0111-P8","SIM-S0111","SIM-S0111-MIX","MIX","MIX-3","Agitator_Speed","299.6235","rpm","2026-09-03T04:55:00Z","2026-09-03T04:10:00Z","2026-09-03T05:00:00Z","SYNTHETIC","300","330","50","60"
"SIM-S0111-P9","SIM-S0111","SIM-S0111-FILTER","FILTER","MIX-3","Filter_DP","46.9731","kPa","2026-09-03T05:00:00Z","2026-09-03T05:00:00Z","2026-09-03T05:15:00Z","SYNTHETIC","40","80","15","20"
"SIM-S0111-P10","SIM-S0111","SIM-S0111-FILTER","FILTER","MIX-3","Filter_DP","48.1344","kPa","2026-09-03T05:06:00Z","2026-09-03T05:00:00Z","2026-09-03T05:15:00Z","SYNTHETIC","40","80","15","20"
"SIM-S0111-P11","SIM-S0111","SIM-S0111-FILTER","FILTER","MIX-3","Filter_DP","49.4347","kPa","2026-09-03T05:12:00Z","2026-09-03T05:00:00Z","2026-09-03T05:15:00Z","SYNTHETIC","40","80","15","20"
"SIM-S0112-P0","SIM-S0112","SIM-S0112-MIX","MIX","MIX-1","Temperature","25.0128","C","2026-09-03T05:40:00Z","2026-09-03T05:40:00Z","2026-09-03T06:30:00Z","SYNTHETIC","25","30","50","60"
"SIM-S0112-P1","SIM-S0112","SIM-S0112-MIX","MIX","MIX-1","Temperature","24.9925","C","2026-09-03T05:48:00Z","2026-09-03T05:40:00Z","2026-09-03T06:30:00Z","SYNTHETIC","25","30","50","60"
"SIM-S0112-P2","SIM-S0112","SIM-S0112-MIX","MIX","MIX-1","Temperature","24.9034","C","2026-09-03T05:56:00Z","2026-09-03T05:40:00Z","2026-09-03T06:30:00Z","SYNTHETIC","25","30","50","60"
"SIM-S0112-P3","SIM-S0112","SIM-S0112-MIX","MIX","MIX-1","Temperature","25.0846","C","2026-09-03T06:04:00Z","2026-09-03T05:40:00Z","2026-09-03T06:30:00Z","SYNTHETIC","25","30","50","60"
"SIM-S0112-P4","SIM-S0112","SIM-S0112-MIX","MIX","MIX-1","Temperature","25.089","C","2026-09-03T06:12:00Z","2026-09-03T05:40:00Z","2026-09-03T06:30:00Z","SYNTHETIC","25","30","50","60"
"SIM-S0112-P5","SIM-S0112","SIM-S0112-MIX","MIX","MIX-1","Temperature","24.9326","C","2026-09-03T06:20:00Z","2026-09-03T05:40:00Z","2026-09-03T06:30:00Z","SYNTHETIC","25","30","50","60"
"SIM-S0112-P6","SIM-S0112","SIM-S0112-MIX","MIX","MIX-1","Agitator_Speed","300.8604","rpm","2026-09-03T05:45:00Z","2026-09-03T05:40:00Z","2026-09-03T06:30:00Z","SYNTHETIC","300","330","50","60"
"SIM-S0112-P7","SIM-S0112","SIM-S0112-MIX","MIX","MIX-1","Agitator_Speed","301.799","rpm","2026-09-03T06:05:00Z","2026-09-03T05:40:00Z","2026-09-03T06:30:00Z","SYNTHETIC","300","330","50","60"
"SIM-S0112-P8","SIM-S0112","SIM-S0112-MIX","MIX","MIX-1","Agitator_Speed","300.971","rpm","2026-09-03T06:25:00Z","2026-09-03T05:40:00Z","2026-09-03T06:30:00Z","SYNTHETIC","300","330","50","60"
"SIM-S0112-P9","SIM-S0112","SIM-S0112-FILTER","FILTER","MIX-1","Filter_DP","51.4356","kPa","2026-09-03T06:30:00Z","2026-09-03T06:30:00Z","2026-09-03T06:45:00Z","SYNTHETIC","40","80","15","20"
"SIM-S0112-P10","SIM-S0112","SIM-S0112-FILTER","FILTER","MIX-1","Filter_DP","51.7959","kPa","2026-09-03T06:36:00Z","2026-09-03T06:30:00Z","2026-09-03T06:45:00Z","SYNTHETIC","40","80","15","20"
"SIM-S0112-P11","SIM-S0112","SIM-S0112-FILTER","FILTER","MIX-1","Filter_DP","52.5305","kPa","2026-09-03T06:42:00Z","2026-09-03T06:30:00Z","2026-09-03T06:45:00Z","SYNTHETIC","40","80","15","20"
"SIM-S0113-P0","SIM-S0113","SIM-S0113-MIX","MIX","MIX-2","Temperature","25.5858","C","2026-09-03T05:40:00Z","2026-09-03T05:40:00Z","2026-09-03T06:30:00Z","SYNTHETIC","25","30","50","60"
"SIM-S0113-P1","SIM-S0113","SIM-S0113-MIX","MIX","MIX-2","Temperature","25.5087","C","2026-09-03T05:48:00Z","2026-09-03T05:40:00Z","2026-09-03T06:30:00Z","SYNTHETIC","25","30","50","60"
"SIM-S0113-P2","SIM-S0113","SIM-S0113-MIX","MIX","MIX-2","Temperature","25.3366","C","2026-09-03T05:56:00Z","2026-09-03T05:40:00Z","2026-09-03T06:30:00Z","SYNTHETIC","25","30","50","60"
"SIM-S0113-P3","SIM-S0113","SIM-S0113-MIX","MIX","MIX-2","Temperature","25.4627","C","2026-09-03T06:04:00Z","2026-09-03T05:40:00Z","2026-09-03T06:30:00Z","SYNTHETIC","25","30","50","60"
"SIM-S0113-P4","SIM-S0113","SIM-S0113-MIX","MIX","MIX-2","Temperature","25.3688","C","2026-09-03T06:12:00Z","2026-09-03T05:40:00Z","2026-09-03T06:30:00Z","SYNTHETIC","25","30","50","60"
"SIM-S0113-P5","SIM-S0113","SIM-S0113-MIX","MIX","MIX-2","Temperature","25.7662","C","2026-09-03T06:20:00Z","2026-09-03T05:40:00Z","2026-09-03T06:30:00Z","SYNTHETIC","25","30","50","60"
"SIM-S0113-P6","SIM-S0113","SIM-S0113-MIX","MIX","MIX-2","Agitator_Speed","303.8738","rpm","2026-09-03T05:45:00Z","2026-09-03T05:40:00Z","2026-09-03T06:30:00Z","SYNTHETIC","300","330","50","60"
"SIM-S0113-P7","SIM-S0113","SIM-S0113-MIX","MIX","MIX-2","Agitator_Speed","304.1513","rpm","2026-09-03T06:05:00Z","2026-09-03T05:40:00Z","2026-09-03T06:30:00Z","SYNTHETIC","300","330","50","60"
"SIM-S0113-P8","SIM-S0113","SIM-S0113-MIX","MIX","MIX-2","Agitator_Speed","304.4791","rpm","2026-09-03T06:25:00Z","2026-09-03T05:40:00Z","2026-09-03T06:30:00Z","SYNTHETIC","300","330","50","60"
"SIM-S0113-P9","SIM-S0113","SIM-S0113-FILTER","FILTER","MIX-2","Filter_DP","50.8075","kPa","2026-09-03T06:30:00Z","2026-09-03T06:30:00Z","2026-09-03T06:45:00Z","SYNTHETIC","40","80","15","20"
"SIM-S0113-P10","SIM-S0113","SIM-S0113-FILTER","FILTER","MIX-2","Filter_DP","50.9843","kPa","2026-09-03T06:36:00Z","2026-09-03T06:30:00Z","2026-09-03T06:45:00Z","SYNTHETIC","40","80","15","20"
"SIM-S0113-P11","SIM-S0113","SIM-S0113-FILTER","FILTER","MIX-2","Filter_DP","52.8075","kPa","2026-09-03T06:42:00Z","2026-09-03T06:30:00Z","2026-09-03T06:45:00Z","SYNTHETIC","40","80","15","20"
"SIM-S0114-P0","SIM-S0114","SIM-S0114-MIX","MIX","MIX-3","Temperature","25.4619","C","2026-09-03T05:40:00Z","2026-09-03T05:40:00Z","2026-09-03T06:30:00Z","SYNTHETIC","25","30","50","60"
"SIM-S0114-P1","SIM-S0114","SIM-S0114-MIX","MIX","MIX-3","Temperature","25.4901","C","2026-09-03T05:48:00Z","2026-09-03T05:40:00Z","2026-09-03T06:30:00Z","SYNTHETIC","25","30","50","60"
"SIM-S0114-P2","SIM-S0114","SIM-S0114-MIX","MIX","MIX-3","Temperature","25.4381","C","2026-09-03T05:56:00Z","2026-09-03T05:40:00Z","2026-09-03T06:30:00Z","SYNTHETIC","25","30","50","60"
"SIM-S0114-P3","SIM-S0114","SIM-S0114-MIX","MIX","MIX-3","Temperature","25.0977","C","2026-09-03T06:04:00Z","2026-09-03T05:40:00Z","2026-09-03T06:30:00Z","SYNTHETIC","25","30","50","60"
"SIM-S0114-P4","SIM-S0114","SIM-S0114-MIX","MIX","MIX-3","Temperature","25.3923","C","2026-09-03T06:12:00Z","2026-09-03T05:40:00Z","2026-09-03T06:30:00Z","SYNTHETIC","25","30","50","60"
"SIM-S0114-P5","SIM-S0114","SIM-S0114-MIX","MIX","MIX-3","Temperature","25.5636","C","2026-09-03T06:20:00Z","2026-09-03T05:40:00Z","2026-09-03T06:30:00Z","SYNTHETIC","25","30","50","60"
"SIM-S0114-P6","SIM-S0114","SIM-S0114-MIX","MIX","MIX-3","Agitator_Speed","302.6857","rpm","2026-09-03T05:45:00Z","2026-09-03T05:40:00Z","2026-09-03T06:30:00Z","SYNTHETIC","300","330","50","60"
"SIM-S0114-P7","SIM-S0114","SIM-S0114-MIX","MIX","MIX-3","Agitator_Speed","304.3228","rpm","2026-09-03T06:05:00Z","2026-09-03T05:40:00Z","2026-09-03T06:30:00Z","SYNTHETIC","300","330","50","60"
"SIM-S0114-P8","SIM-S0114","SIM-S0114-MIX","MIX","MIX-3","Agitator_Speed","302.7247","rpm","2026-09-03T06:25:00Z","2026-09-03T05:40:00Z","2026-09-03T06:30:00Z","SYNTHETIC","300","330","50","60"
"SIM-S0114-P9","SIM-S0114","SIM-S0114-FILTER","FILTER","MIX-3","Filter_DP","53.5237","kPa","2026-09-03T06:30:00Z","2026-09-03T06:30:00Z","2026-09-03T06:45:00Z","SYNTHETIC","40","80","15","20"
"SIM-S0114-P10","SIM-S0114","SIM-S0114-FILTER","FILTER","MIX-3","Filter_DP","54.1939","kPa","2026-09-03T06:36:00Z","2026-09-03T06:30:00Z","2026-09-03T06:45:00Z","SYNTHETIC","40","80","15","20"
"SIM-S0114-P11","SIM-S0114","SIM-S0114-FILTER","FILTER","MIX-3","Filter_DP","55.1772","kPa","2026-09-03T06:42:00Z","2026-09-03T06:30:00Z","2026-09-03T06:45:00Z","SYNTHETIC","40","80","15","20"
"SIM-S0115-P0","SIM-S0115","SIM-S0115-MIX","MIX","MIX-1","Temperature","25.3398","C","2026-09-03T07:10:00Z","2026-09-03T07:10:00Z","2026-09-03T08:00:00Z","SYNTHETIC","25","30","50","60"
"SIM-S0115-P1","SIM-S0115","SIM-S0115-MIX","MIX","MIX-1","Temperature","25.5928","C","2026-09-03T07:18:00Z","2026-09-03T07:10:00Z","2026-09-03T08:00:00Z","SYNTHETIC","25","30","50","60"
"SIM-S0115-P2","SIM-S0115","SIM-S0115-MIX","MIX","MIX-1","Temperature","25.3756","C","2026-09-03T07:26:00Z","2026-09-03T07:10:00Z","2026-09-03T08:00:00Z","SYNTHETIC","25","30","50","60"
"SIM-S0115-P3","SIM-S0115","SIM-S0115-MIX","MIX","MIX-1","Temperature","25.4337","C","2026-09-03T07:34:00Z","2026-09-03T07:10:00Z","2026-09-03T08:00:00Z","SYNTHETIC","25","30","50","60"
"SIM-S0115-P4","SIM-S0115","SIM-S0115-MIX","MIX","MIX-1","Temperature","25.0475","C","2026-09-03T07:42:00Z","2026-09-03T07:10:00Z","2026-09-03T08:00:00Z","SYNTHETIC","25","30","50","60"
"SIM-S0115-P5","SIM-S0115","SIM-S0115-MIX","MIX","MIX-1","Temperature","25.3951","C","2026-09-03T07:50:00Z","2026-09-03T07:10:00Z","2026-09-03T08:00:00Z","SYNTHETIC","25","30","50","60"
"SIM-S0115-P6","SIM-S0115","SIM-S0115-MIX","MIX","MIX-1","Agitator_Speed","300.2985","rpm","2026-09-03T07:15:00Z","2026-09-03T07:10:00Z","2026-09-03T08:00:00Z","SYNTHETIC","300","330","50","60"
"SIM-S0115-P7","SIM-S0115","SIM-S0115-MIX","MIX","MIX-1","Agitator_Speed","301.2478","rpm","2026-09-03T07:35:00Z","2026-09-03T07:10:00Z","2026-09-03T08:00:00Z","SYNTHETIC","300","330","50","60"
"SIM-S0115-P8","SIM-S0115","SIM-S0115-MIX","MIX","MIX-1","Agitator_Speed","299.2404","rpm","2026-09-03T07:55:00Z","2026-09-03T07:10:00Z","2026-09-03T08:00:00Z","SYNTHETIC","300","330","50","60"
"SIM-S0115-P9","SIM-S0115","SIM-S0115-FILTER","FILTER","MIX-1","Filter_DP","54.0921","kPa","2026-09-03T08:00:00Z","2026-09-03T08:00:00Z","2026-09-03T08:15:00Z","SYNTHETIC","40","80","15","20"
"SIM-S0115-P10","SIM-S0115","SIM-S0115-FILTER","FILTER","MIX-1","Filter_DP","54.3856","kPa","2026-09-03T08:06:00Z","2026-09-03T08:00:00Z","2026-09-03T08:15:00Z","SYNTHETIC","40","80","15","20"
"SIM-S0115-P11","SIM-S0115","SIM-S0115-FILTER","FILTER","MIX-1","Filter_DP","55.6353","kPa","2026-09-03T08:12:00Z","2026-09-03T08:00:00Z","2026-09-03T08:15:00Z","SYNTHETIC","40","80","15","20"
"SIM-S0116-P0","SIM-S0116","SIM-S0116-MIX","MIX","MIX-2","Temperature","25.3057","C","2026-09-03T07:10:00Z","2026-09-03T07:10:00Z","2026-09-03T08:00:00Z","SYNTHETIC","25","30","50","60"
"SIM-S0116-P1","SIM-S0116","SIM-S0116-MIX","MIX","MIX-2","Temperature","25.2805","C","2026-09-03T07:18:00Z","2026-09-03T07:10:00Z","2026-09-03T08:00:00Z","SYNTHETIC","25","30","50","60"
"SIM-S0116-P2","SIM-S0116","SIM-S0116-MIX","MIX","MIX-2","Temperature","25.3886","C","2026-09-03T07:26:00Z","2026-09-03T07:10:00Z","2026-09-03T08:00:00Z","SYNTHETIC","25","30","50","60"
"SIM-S0116-P3","SIM-S0116","SIM-S0116-MIX","MIX","MIX-2","Temperature","25.4377","C","2026-09-03T07:34:00Z","2026-09-03T07:10:00Z","2026-09-03T08:00:00Z","SYNTHETIC","25","30","50","60"
"SIM-S0116-P4","SIM-S0116","SIM-S0116-MIX","MIX","MIX-2","Temperature","25.2756","C","2026-09-03T07:42:00Z","2026-09-03T07:10:00Z","2026-09-03T08:00:00Z","SYNTHETIC","25","30","50","60"
"SIM-S0116-P5","SIM-S0116","SIM-S0116-MIX","MIX","MIX-2","Temperature","25.1827","C","2026-09-03T07:50:00Z","2026-09-03T07:10:00Z","2026-09-03T08:00:00Z","SYNTHETIC","25","30","50","60"
"SIM-S0116-P6","SIM-S0116","SIM-S0116-MIX","MIX","MIX-2","Agitator_Speed","297.9149","rpm","2026-09-03T07:15:00Z","2026-09-03T07:10:00Z","2026-09-03T08:00:00Z","SYNTHETIC","300","330","50","60"
"SIM-S0116-P7","SIM-S0116","SIM-S0116-MIX","MIX","MIX-2","Agitator_Speed","296.2783","rpm","2026-09-03T07:35:00Z","2026-09-03T07:10:00Z","2026-09-03T08:00:00Z","SYNTHETIC","300","330","50","60"
"SIM-S0116-P8","SIM-S0116","SIM-S0116-MIX","MIX","MIX-2","Agitator_Speed","297.1691","rpm","2026-09-03T07:55:00Z","2026-09-03T07:10:00Z","2026-09-03T08:00:00Z","SYNTHETIC","300","330","50","60"
"SIM-S0116-P9","SIM-S0116","SIM-S0116-FILTER","FILTER","MIX-2","Filter_DP","53.235","kPa","2026-09-03T08:00:00Z","2026-09-03T08:00:00Z","2026-09-03T08:15:00Z","SYNTHETIC","40","80","15","20"
"SIM-S0116-P10","SIM-S0116","SIM-S0116-FILTER","FILTER","MIX-2","Filter_DP","54.0353","kPa","2026-09-03T08:06:00Z","2026-09-03T08:00:00Z","2026-09-03T08:15:00Z","SYNTHETIC","40","80","15","20"
"SIM-S0116-P11","SIM-S0116","SIM-S0116-FILTER","FILTER","MIX-2","Filter_DP","54.7054","kPa","2026-09-03T08:12:00Z","2026-09-03T08:00:00Z","2026-09-03T08:15:00Z","SYNTHETIC","40","80","15","20"
"SIM-S0117-P0","SIM-S0117","SIM-S0117-MIX","MIX","MIX-3","Temperature","24.8726","C","2026-09-03T07:10:00Z","2026-09-03T07:10:00Z","2026-09-03T08:00:00Z","SYNTHETIC","25","30","50","60"
"SIM-S0117-P1","SIM-S0117","SIM-S0117-MIX","MIX","MIX-3","Temperature","24.9771","C","2026-09-03T07:18:00Z","2026-09-03T07:10:00Z","2026-09-03T08:00:00Z","SYNTHETIC","25","30","50","60"
"SIM-S0117-P2","SIM-S0117","SIM-S0117-MIX","MIX","MIX-3","Temperature","25.104","C","2026-09-03T07:26:00Z","2026-09-03T07:10:00Z","2026-09-03T08:00:00Z","SYNTHETIC","25","30","50","60"
"SIM-S0117-P3","SIM-S0117","SIM-S0117-MIX","MIX","MIX-3","Temperature","25.1557","C","2026-09-03T07:34:00Z","2026-09-03T07:10:00Z","2026-09-03T08:00:00Z","SYNTHETIC","25","30","50","60"
"SIM-S0117-P4","SIM-S0117","SIM-S0117-MIX","MIX","MIX-3","Temperature","24.9557","C","2026-09-03T07:42:00Z","2026-09-03T07:10:00Z","2026-09-03T08:00:00Z","SYNTHETIC","25","30","50","60"
"SIM-S0117-P5","SIM-S0117","SIM-S0117-MIX","MIX","MIX-3","Temperature","25.3564","C","2026-09-03T07:50:00Z","2026-09-03T07:10:00Z","2026-09-03T08:00:00Z","SYNTHETIC","25","30","50","60"
"SIM-S0117-P6","SIM-S0117","SIM-S0117-MIX","MIX","MIX-3","Agitator_Speed","300.6339","rpm","2026-09-03T07:15:00Z","2026-09-03T07:10:00Z","2026-09-03T08:00:00Z","SYNTHETIC","300","330","50","60"
"SIM-S0117-P7","SIM-S0117","SIM-S0117-MIX","MIX","MIX-3","Agitator_Speed","300.8105","rpm","2026-09-03T07:35:00Z","2026-09-03T07:10:00Z","2026-09-03T08:00:00Z","SYNTHETIC","300","330","50","60"
"SIM-S0117-P8","SIM-S0117","SIM-S0117-MIX","MIX","MIX-3","Agitator_Speed","302.0752","rpm","2026-09-03T07:55:00Z","2026-09-03T07:10:00Z","2026-09-03T08:00:00Z","SYNTHETIC","300","330","50","60"
"SIM-S0117-P9","SIM-S0117","SIM-S0117-FILTER","FILTER","MIX-3","Filter_DP","50.7151","kPa","2026-09-03T08:00:00Z","2026-09-03T08:00:00Z","2026-09-03T08:15:00Z","SYNTHETIC","40","80","15","20"
"SIM-S0117-P10","SIM-S0117","SIM-S0117-FILTER","FILTER","MIX-3","Filter_DP","52.349","kPa","2026-09-03T08:06:00Z","2026-09-03T08:00:00Z","2026-09-03T08:15:00Z","SYNTHETIC","40","80","15","20"
"SIM-S0117-P11","SIM-S0117","SIM-S0117-FILTER","FILTER","MIX-3","Filter_DP","52.8495","kPa","2026-09-03T08:12:00Z","2026-09-03T08:00:00Z","2026-09-03T08:15:00Z","SYNTHETIC","40","80","15","20"
"SIM-S0118-P0","SIM-S0118","SIM-S0118-MIX","MIX","MIX-1","Temperature","25.367","C","2026-09-03T08:40:00Z","2026-09-03T08:40:00Z","2026-09-03T09:30:00Z","SYNTHETIC","25","30","50","60"
"SIM-S0118-P1","SIM-S0118","SIM-S0118-MIX","MIX","MIX-1","Temperature","25.6044","C","2026-09-03T08:48:00Z","2026-09-03T08:40:00Z","2026-09-03T09:30:00Z","SYNTHETIC","25","30","50","60"
"SIM-S0118-P2","SIM-S0118","SIM-S0118-MIX","MIX","MIX-1","Temperature","25.289","C","2026-09-03T08:56:00Z","2026-09-03T08:40:00Z","2026-09-03T09:30:00Z","SYNTHETIC","25","30","50","60"
"SIM-S0118-P3","SIM-S0118","SIM-S0118-MIX","MIX","MIX-1","Temperature","25.2397","C","2026-09-03T09:04:00Z","2026-09-03T08:40:00Z","2026-09-03T09:30:00Z","SYNTHETIC","25","30","50","60"
"SIM-S0118-P4","SIM-S0118","SIM-S0118-MIX","MIX","MIX-1","Temperature","25.2091","C","2026-09-03T09:12:00Z","2026-09-03T08:40:00Z","2026-09-03T09:30:00Z","SYNTHETIC","25","30","50","60"
"SIM-S0118-P5","SIM-S0118","SIM-S0118-MIX","MIX","MIX-1","Temperature","25.1515","C","2026-09-03T09:20:00Z","2026-09-03T08:40:00Z","2026-09-03T09:30:00Z","SYNTHETIC","25","30","50","60"
"SIM-S0118-P6","SIM-S0118","SIM-S0118-MIX","MIX","MIX-1","Agitator_Speed","298.7862","rpm","2026-09-03T08:45:00Z","2026-09-03T08:40:00Z","2026-09-03T09:30:00Z","SYNTHETIC","300","330","50","60"
"SIM-S0118-P7","SIM-S0118","SIM-S0118-MIX","MIX","MIX-1","Agitator_Speed","298.8937","rpm","2026-09-03T09:05:00Z","2026-09-03T08:40:00Z","2026-09-03T09:30:00Z","SYNTHETIC","300","330","50","60"
"SIM-S0118-P8","SIM-S0118","SIM-S0118-MIX","MIX","MIX-1","Agitator_Speed","296.7112","rpm","2026-09-03T09:25:00Z","2026-09-03T08:40:00Z","2026-09-03T09:30:00Z","SYNTHETIC","300","330","50","60"
"SIM-S0118-P9","SIM-S0118","SIM-S0118-FILTER","FILTER","MIX-1","Filter_DP","57.6791","kPa","2026-09-03T09:30:00Z","2026-09-03T09:30:00Z","2026-09-03T09:45:00Z","SYNTHETIC","40","80","15","20"
"SIM-S0118-P10","SIM-S0118","SIM-S0118-FILTER","FILTER","MIX-1","Filter_DP","59.1771","kPa","2026-09-03T09:36:00Z","2026-09-03T09:30:00Z","2026-09-03T09:45:00Z","SYNTHETIC","40","80","15","20"
"SIM-S0118-P11","SIM-S0118","SIM-S0118-FILTER","FILTER","MIX-1","Filter_DP","59.3689","kPa","2026-09-03T09:42:00Z","2026-09-03T09:30:00Z","2026-09-03T09:45:00Z","SYNTHETIC","40","80","15","20"
"SIM-S0119-P0","SIM-S0119","SIM-S0119-MIX","MIX","MIX-2","Temperature","25.2887","C","2026-09-03T08:40:00Z","2026-09-03T08:40:00Z","2026-09-03T09:30:00Z","SYNTHETIC","25","30","50","60"
"SIM-S0119-P1","SIM-S0119","SIM-S0119-MIX","MIX","MIX-2","Temperature","25.1843","C","2026-09-03T08:48:00Z","2026-09-03T08:40:00Z","2026-09-03T09:30:00Z","SYNTHETIC","25","30","50","60"
"SIM-S0119-P2","SIM-S0119","SIM-S0119-MIX","MIX","MIX-2","Temperature","24.8232","C","2026-09-03T08:56:00Z","2026-09-03T08:40:00Z","2026-09-03T09:30:00Z","SYNTHETIC","25","30","50","60"
"SIM-S0119-P3","SIM-S0119","SIM-S0119-MIX","MIX","MIX-2","Temperature","25.0417","C","2026-09-03T09:04:00Z","2026-09-03T08:40:00Z","2026-09-03T09:30:00Z","SYNTHETIC","25","30","50","60"
"SIM-S0119-P4","SIM-S0119","SIM-S0119-MIX","MIX","MIX-2","Temperature","25.3749","C","2026-09-03T09:12:00Z","2026-09-03T08:40:00Z","2026-09-03T09:30:00Z","SYNTHETIC","25","30","50","60"
"SIM-S0119-P5","SIM-S0119","SIM-S0119-MIX","MIX","MIX-2","Temperature","25.2342","C","2026-09-03T09:20:00Z","2026-09-03T08:40:00Z","2026-09-03T09:30:00Z","SYNTHETIC","25","30","50","60"
"SIM-S0119-P6","SIM-S0119","SIM-S0119-MIX","MIX","MIX-2","Agitator_Speed","297.3378","rpm","2026-09-03T08:45:00Z","2026-09-03T08:40:00Z","2026-09-03T09:30:00Z","SYNTHETIC","300","330","50","60"
"SIM-S0119-P7","SIM-S0119","SIM-S0119-MIX","MIX","MIX-2","Agitator_Speed","297.5807","rpm","2026-09-03T09:05:00Z","2026-09-03T08:40:00Z","2026-09-03T09:30:00Z","SYNTHETIC","300","330","50","60"
"SIM-S0119-P8","SIM-S0119","SIM-S0119-MIX","MIX","MIX-2","Agitator_Speed","296.5889","rpm","2026-09-03T09:25:00Z","2026-09-03T08:40:00Z","2026-09-03T09:30:00Z","SYNTHETIC","300","330","50","60"
"SIM-S0119-P9","SIM-S0119","SIM-S0119-FILTER","FILTER","MIX-2","Filter_DP","58.1566","kPa","2026-09-03T09:30:00Z","2026-09-03T09:30:00Z","2026-09-03T09:45:00Z","SYNTHETIC","40","80","15","20"
"SIM-S0119-P10","SIM-S0119","SIM-S0119-FILTER","FILTER","MIX-2","Filter_DP","58.7462","kPa","2026-09-03T09:36:00Z","2026-09-03T09:30:00Z","2026-09-03T09:45:00Z","SYNTHETIC","40","80","15","20"
"SIM-S0119-P11","SIM-S0119","SIM-S0119-FILTER","FILTER","MIX-2","Filter_DP","60.2177","kPa","2026-09-03T09:42:00Z","2026-09-03T09:30:00Z","2026-09-03T09:45:00Z","SYNTHETIC","40","80","15","20"
"SIM-S0120-P0","SIM-S0120","SIM-S0120-MIX","MIX","MIX-3","Temperature","25.4378","C","2026-09-03T08:40:00Z","2026-09-03T08:40:00Z","2026-09-03T09:30:00Z","SYNTHETIC","25","30","50","60"
"SIM-S0120-P1","SIM-S0120","SIM-S0120-MIX","MIX","MIX-3","Temperature","25.418","C","2026-09-03T08:48:00Z","2026-09-03T08:40:00Z","2026-09-03T09:30:00Z","SYNTHETIC","25","30","50","60"
"SIM-S0120-P2","SIM-S0120","SIM-S0120-MIX","MIX","MIX-3","Temperature","25.4761","C","2026-09-03T08:56:00Z","2026-09-03T08:40:00Z","2026-09-03T09:30:00Z","SYNTHETIC","25","30","50","60"
"SIM-S0120-P3","SIM-S0120","SIM-S0120-MIX","MIX","MIX-3","Temperature","25.4888","C","2026-09-03T09:04:00Z","2026-09-03T08:40:00Z","2026-09-03T09:30:00Z","SYNTHETIC","25","30","50","60"
"SIM-S0120-P4","SIM-S0120","SIM-S0120-MIX","MIX","MIX-3","Temperature","25.4094","C","2026-09-03T09:12:00Z","2026-09-03T08:40:00Z","2026-09-03T09:30:00Z","SYNTHETIC","25","30","50","60"
"SIM-S0120-P5","SIM-S0120","SIM-S0120-MIX","MIX","MIX-3","Temperature","25.4749","C","2026-09-03T09:20:00Z","2026-09-03T08:40:00Z","2026-09-03T09:30:00Z","SYNTHETIC","25","30","50","60"
"SIM-S0120-P6","SIM-S0120","SIM-S0120-MIX","MIX","MIX-3","Agitator_Speed","299.1703","rpm","2026-09-03T08:45:00Z","2026-09-03T08:40:00Z","2026-09-03T09:30:00Z","SYNTHETIC","300","330","50","60"
"SIM-S0120-P7","SIM-S0120","SIM-S0120-MIX","MIX","MIX-3","Agitator_Speed","299.1834","rpm","2026-09-03T09:05:00Z","2026-09-03T08:40:00Z","2026-09-03T09:30:00Z","SYNTHETIC","300","330","50","60"
"SIM-S0120-P8","SIM-S0120","SIM-S0120-MIX","MIX","MIX-3","Agitator_Speed","302.398","rpm","2026-09-03T09:25:00Z","2026-09-03T08:40:00Z","2026-09-03T09:30:00Z","SYNTHETIC","300","330","50","60"
"SIM-S0120-P9","SIM-S0120","SIM-S0120-FILTER","FILTER","MIX-3","Filter_DP","55.0122","kPa","2026-09-03T09:30:00Z","2026-09-03T09:30:00Z","2026-09-03T09:45:00Z","SYNTHETIC","40","80","15","20"
"SIM-S0120-P10","SIM-S0120","SIM-S0120-FILTER","FILTER","MIX-3","Filter_DP","55.0005","kPa","2026-09-03T09:36:00Z","2026-09-03T09:30:00Z","2026-09-03T09:45:00Z","SYNTHETIC","40","80","15","20"
"SIM-S0120-P11","SIM-S0120","SIM-S0120-FILTER","FILTER","MIX-3","Filter_DP","55.9198","kPa","2026-09-03T09:42:00Z","2026-09-03T09:30:00Z","2026-09-03T09:45:00Z","SYNTHETIC","40","80","15","20"
"SIM-S0121-P0","SIM-S0121","SIM-S0121-MIX","MIX","MIX-1","Temperature","26.2638","C","2026-09-03T10:10:00Z","2026-09-03T10:10:00Z","2026-09-03T11:00:00Z","SYNTHETIC","25","30","50","60"
"SIM-S0121-P1","SIM-S0121","SIM-S0121-MIX","MIX","MIX-1","Temperature","25.9102","C","2026-09-03T10:18:00Z","2026-09-03T10:10:00Z","2026-09-03T11:00:00Z","SYNTHETIC","25","30","50","60"
"SIM-S0121-P2","SIM-S0121","SIM-S0121-MIX","MIX","MIX-1","Temperature","25.7839","C","2026-09-03T10:26:00Z","2026-09-03T10:10:00Z","2026-09-03T11:00:00Z","SYNTHETIC","25","30","50","60"
"SIM-S0121-P3","SIM-S0121","SIM-S0121-MIX","MIX","MIX-1","Temperature","26.0839","C","2026-09-03T10:34:00Z","2026-09-03T10:10:00Z","2026-09-03T11:00:00Z","SYNTHETIC","25","30","50","60"
"SIM-S0121-P4","SIM-S0121","SIM-S0121-MIX","MIX","MIX-1","Temperature","26.0171","C","2026-09-03T10:42:00Z","2026-09-03T10:10:00Z","2026-09-03T11:00:00Z","SYNTHETIC","25","30","50","60"
"SIM-S0121-P5","SIM-S0121","SIM-S0121-MIX","MIX","MIX-1","Temperature","25.8363","C","2026-09-03T10:50:00Z","2026-09-03T10:10:00Z","2026-09-03T11:00:00Z","SYNTHETIC","25","30","50","60"
"SIM-S0121-P6","SIM-S0121","SIM-S0121-MIX","MIX","MIX-1","Agitator_Speed","300.2361","rpm","2026-09-03T10:15:00Z","2026-09-03T10:10:00Z","2026-09-03T11:00:00Z","SYNTHETIC","300","330","50","60"
"SIM-S0121-P7","SIM-S0121","SIM-S0121-MIX","MIX","MIX-1","Agitator_Speed","301.2876","rpm","2026-09-03T10:35:00Z","2026-09-03T10:10:00Z","2026-09-03T11:00:00Z","SYNTHETIC","300","330","50","60"
"SIM-S0121-P8","SIM-S0121","SIM-S0121-MIX","MIX","MIX-1","Agitator_Speed","299.7995","rpm","2026-09-03T10:55:00Z","2026-09-03T10:10:00Z","2026-09-03T11:00:00Z","SYNTHETIC","300","330","50","60"
"SIM-S0121-P9","SIM-S0121","SIM-S0121-FILTER","FILTER","MIX-1","Filter_DP","37.4989","kPa","2026-09-03T11:00:00Z","2026-09-03T11:00:00Z","2026-09-03T11:15:00Z","SYNTHETIC","40","80","15","20"
"SIM-S0121-P10","SIM-S0121","SIM-S0121-FILTER","FILTER","MIX-1","Filter_DP","38.6911","kPa","2026-09-03T11:06:00Z","2026-09-03T11:00:00Z","2026-09-03T11:15:00Z","SYNTHETIC","40","80","15","20"
"SIM-S0121-P11","SIM-S0121","SIM-S0121-FILTER","FILTER","MIX-1","Filter_DP","38.8532","kPa","2026-09-03T11:12:00Z","2026-09-03T11:00:00Z","2026-09-03T11:15:00Z","SYNTHETIC","40","80","15","20"
"SIM-S0122-P0","SIM-S0122","SIM-S0122-MIX","MIX","MIX-2","Temperature","26.1365","C","2026-09-03T10:10:00Z","2026-09-03T10:10:00Z","2026-09-03T11:00:00Z","SYNTHETIC","25","30","50","60"
"SIM-S0122-P1","SIM-S0122","SIM-S0122-MIX","MIX","MIX-2","Temperature","25.8667","C","2026-09-03T10:18:00Z","2026-09-03T10:10:00Z","2026-09-03T11:00:00Z","SYNTHETIC","25","30","50","60"
"SIM-S0122-P2","SIM-S0122","SIM-S0122-MIX","MIX","MIX-2","Temperature","25.5064","C","2026-09-03T10:26:00Z","2026-09-03T10:10:00Z","2026-09-03T11:00:00Z","SYNTHETIC","25","30","50","60"
"SIM-S0122-P3","SIM-S0122","SIM-S0122-MIX","MIX","MIX-2","Temperature","25.7862","C","2026-09-03T10:34:00Z","2026-09-03T10:10:00Z","2026-09-03T11:00:00Z","SYNTHETIC","25","30","50","60"
"SIM-S0122-P4","SIM-S0122","SIM-S0122-MIX","MIX","MIX-2","Temperature","25.8457","C","2026-09-03T10:42:00Z","2026-09-03T10:10:00Z","2026-09-03T11:00:00Z","SYNTHETIC","25","30","50","60"
"SIM-S0122-P5","SIM-S0122","SIM-S0122-MIX","MIX","MIX-2","Temperature","25.5495","C","2026-09-03T10:50:00Z","2026-09-03T10:10:00Z","2026-09-03T11:00:00Z","SYNTHETIC","25","30","50","60"
"SIM-S0122-P6","SIM-S0122","SIM-S0122-MIX","MIX","MIX-2","Agitator_Speed","302.4568","rpm","2026-09-03T10:15:00Z","2026-09-03T10:10:00Z","2026-09-03T11:00:00Z","SYNTHETIC","300","330","50","60"
"SIM-S0122-P7","SIM-S0122","SIM-S0122-MIX","MIX","MIX-2","Agitator_Speed","300.8154","rpm","2026-09-03T10:35:00Z","2026-09-03T10:10:00Z","2026-09-03T11:00:00Z","SYNTHETIC","300","330","50","60"
"SIM-S0122-P8","SIM-S0122","SIM-S0122-MIX","MIX","MIX-2","Agitator_Speed","304.4921","rpm","2026-09-03T10:55:00Z","2026-09-03T10:10:00Z","2026-09-03T11:00:00Z","SYNTHETIC","300","330","50","60"
"SIM-S0122-P9","SIM-S0122","SIM-S0122-FILTER","FILTER","MIX-2","Filter_DP","33.6283","kPa","2026-09-03T11:00:00Z","2026-09-03T11:00:00Z","2026-09-03T11:15:00Z","SYNTHETIC","40","80","15","20"
"SIM-S0122-P10","SIM-S0122","SIM-S0122-FILTER","FILTER","MIX-2","Filter_DP","34.4336","kPa","2026-09-03T11:06:00Z","2026-09-03T11:00:00Z","2026-09-03T11:15:00Z","SYNTHETIC","40","80","15","20"
"SIM-S0122-P11","SIM-S0122","SIM-S0122-FILTER","FILTER","MIX-2","Filter_DP","35.1463","kPa","2026-09-03T11:12:00Z","2026-09-03T11:00:00Z","2026-09-03T11:15:00Z","SYNTHETIC","40","80","15","20"
"SIM-S0123-P0","SIM-S0123","SIM-S0123-MIX","MIX","MIX-3","Temperature","25.236","C","2026-09-03T10:10:00Z","2026-09-03T10:10:00Z","2026-09-03T11:00:00Z","SYNTHETIC","25","30","50","60"
"SIM-S0123-P1","SIM-S0123","SIM-S0123-MIX","MIX","MIX-3","Temperature","25.2864","C","2026-09-03T10:18:00Z","2026-09-03T10:10:00Z","2026-09-03T11:00:00Z","SYNTHETIC","25","30","50","60"
"SIM-S0123-P2","SIM-S0123","SIM-S0123-MIX","MIX","MIX-3","Temperature","25.2025","C","2026-09-03T10:26:00Z","2026-09-03T10:10:00Z","2026-09-03T11:00:00Z","SYNTHETIC","25","30","50","60"
"SIM-S0123-P3","SIM-S0123","SIM-S0123-MIX","MIX","MIX-3","Temperature","25.2604","C","2026-09-03T10:34:00Z","2026-09-03T10:10:00Z","2026-09-03T11:00:00Z","SYNTHETIC","25","30","50","60"
"SIM-S0123-P4","SIM-S0123","SIM-S0123-MIX","MIX","MIX-3","Temperature","25.4022","C","2026-09-03T10:42:00Z","2026-09-03T10:10:00Z","2026-09-03T11:00:00Z","SYNTHETIC","25","30","50","60"
"SIM-S0123-P5","SIM-S0123","SIM-S0123-MIX","MIX","MIX-3","Temperature","25.1482","C","2026-09-03T10:50:00Z","2026-09-03T10:10:00Z","2026-09-03T11:00:00Z","SYNTHETIC","25","30","50","60"
"SIM-S0123-P6","SIM-S0123","SIM-S0123-MIX","MIX","MIX-3","Agitator_Speed","297.5236","rpm","2026-09-03T10:15:00Z","2026-09-03T10:10:00Z","2026-09-03T11:00:00Z","SYNTHETIC","300","330","50","60"
"SIM-S0123-P7","SIM-S0123","SIM-S0123-MIX","MIX","MIX-3","Agitator_Speed","297.3127","rpm","2026-09-03T10:35:00Z","2026-09-03T10:10:00Z","2026-09-03T11:00:00Z","SYNTHETIC","300","330","50","60"
"SIM-S0123-P8","SIM-S0123","SIM-S0123-MIX","MIX","MIX-3","Agitator_Speed","295.1685","rpm","2026-09-03T10:55:00Z","2026-09-03T10:10:00Z","2026-09-03T11:00:00Z","SYNTHETIC","300","330","50","60"
"SIM-S0123-P9","SIM-S0123","SIM-S0123-FILTER","FILTER","MIX-3","Filter_DP","34.6023","kPa","2026-09-03T11:00:00Z","2026-09-03T11:00:00Z","2026-09-03T11:15:00Z","SYNTHETIC","40","80","15","20"
"SIM-S0123-P10","SIM-S0123","SIM-S0123-FILTER","FILTER","MIX-3","Filter_DP","35.4282","kPa","2026-09-03T11:06:00Z","2026-09-03T11:00:00Z","2026-09-03T11:15:00Z","SYNTHETIC","40","80","15","20"
"SIM-S0123-P11","SIM-S0123","SIM-S0123-FILTER","FILTER","MIX-3","Filter_DP","35.702","kPa","2026-09-03T11:12:00Z","2026-09-03T11:00:00Z","2026-09-03T11:15:00Z","SYNTHETIC","40","80","15","20"
"SIM-S0124-P0","SIM-S0124","SIM-S0124-MIX","MIX","MIX-1","Temperature","25.2095","C","2026-09-03T11:40:00Z","2026-09-03T11:40:00Z","2026-09-03T12:30:00Z","SYNTHETIC","25","30","50","60"
"SIM-S0124-P1","SIM-S0124","SIM-S0124-MIX","MIX","MIX-1","Temperature","25.4996","C","2026-09-03T11:48:00Z","2026-09-03T11:40:00Z","2026-09-03T12:30:00Z","SYNTHETIC","25","30","50","60"
"SIM-S0124-P2","SIM-S0124","SIM-S0124-MIX","MIX","MIX-1","Temperature","25.4015","C","2026-09-03T11:56:00Z","2026-09-03T11:40:00Z","2026-09-03T12:30:00Z","SYNTHETIC","25","30","50","60"
"SIM-S0124-P3","SIM-S0124","SIM-S0124-MIX","MIX","MIX-1","Temperature","25.1837","C","2026-09-03T12:04:00Z","2026-09-03T11:40:00Z","2026-09-03T12:30:00Z","SYNTHETIC","25","30","50","60"
"SIM-S0124-P4","SIM-S0124","SIM-S0124-MIX","MIX","MIX-1","Temperature","25.2167","C","2026-09-03T12:12:00Z","2026-09-03T11:40:00Z","2026-09-03T12:30:00Z","SYNTHETIC","25","30","50","60"
"SIM-S0124-P5","SIM-S0124","SIM-S0124-MIX","MIX","MIX-1","Temperature","25.1407","C","2026-09-03T12:20:00Z","2026-09-03T11:40:00Z","2026-09-03T12:30:00Z","SYNTHETIC","25","30","50","60"
"SIM-S0124-P6","SIM-S0124","SIM-S0124-MIX","MIX","MIX-1","Agitator_Speed","297.5515","rpm","2026-09-03T11:45:00Z","2026-09-03T11:40:00Z","2026-09-03T12:30:00Z","SYNTHETIC","300","330","50","60"
"SIM-S0124-P7","SIM-S0124","SIM-S0124-MIX","MIX","MIX-1","Agitator_Speed","296.4219","rpm","2026-09-03T12:05:00Z","2026-09-03T11:40:00Z","2026-09-03T12:30:00Z","SYNTHETIC","300","330","50","60"
"SIM-S0124-P8","SIM-S0124","SIM-S0124-MIX","MIX","MIX-1","Agitator_Speed","294.9099","rpm","2026-09-03T12:25:00Z","2026-09-03T11:40:00Z","2026-09-03T12:30:00Z","SYNTHETIC","300","330","50","60"
"SIM-S0124-P9","SIM-S0124","SIM-S0124-FILTER","FILTER","MIX-1","Filter_DP","41.4611","kPa","2026-09-03T12:30:00Z","2026-09-03T12:30:00Z","2026-09-03T12:45:00Z","SYNTHETIC","40","80","15","20"
"SIM-S0124-P10","SIM-S0124","SIM-S0124-FILTER","FILTER","MIX-1","Filter_DP","41.9574","kPa","2026-09-03T12:36:00Z","2026-09-03T12:30:00Z","2026-09-03T12:45:00Z","SYNTHETIC","40","80","15","20"
"SIM-S0124-P11","SIM-S0124","SIM-S0124-FILTER","FILTER","MIX-1","Filter_DP","43.4636","kPa","2026-09-03T12:42:00Z","2026-09-03T12:30:00Z","2026-09-03T12:45:00Z","SYNTHETIC","40","80","15","20"
"SIM-S0125-P0","SIM-S0125","SIM-S0125-MIX","MIX","MIX-2","Temperature","25.7551","C","2026-09-03T11:40:00Z","2026-09-03T11:40:00Z","2026-09-03T12:30:00Z","SYNTHETIC","25","30","50","60"
"SIM-S0125-P1","SIM-S0125","SIM-S0125-MIX","MIX","MIX-2","Temperature","25.8203","C","2026-09-03T11:48:00Z","2026-09-03T11:40:00Z","2026-09-03T12:30:00Z","SYNTHETIC","25","30","50","60"
"SIM-S0125-P2","SIM-S0125","SIM-S0125-MIX","MIX","MIX-2","Temperature","25.7557","C","2026-09-03T11:56:00Z","2026-09-03T11:40:00Z","2026-09-03T12:30:00Z","SYNTHETIC","25","30","50","60"
"SIM-S0125-P3","SIM-S0125","SIM-S0125-MIX","MIX","MIX-2","Temperature","25.8","C","2026-09-03T12:04:00Z","2026-09-03T11:40:00Z","2026-09-03T12:30:00Z","SYNTHETIC","25","30","50","60"
"SIM-S0125-P4","SIM-S0125","SIM-S0125-MIX","MIX","MIX-2","Temperature","25.7182","C","2026-09-03T12:12:00Z","2026-09-03T11:40:00Z","2026-09-03T12:30:00Z","SYNTHETIC","25","30","50","60"
"SIM-S0125-P5","SIM-S0125","SIM-S0125-MIX","MIX","MIX-2","Temperature","25.7018","C","2026-09-03T12:20:00Z","2026-09-03T11:40:00Z","2026-09-03T12:30:00Z","SYNTHETIC","25","30","50","60"
"SIM-S0125-P6","SIM-S0125","SIM-S0125-MIX","MIX","MIX-2","Agitator_Speed","292.5369","rpm","2026-09-03T11:45:00Z","2026-09-03T11:40:00Z","2026-09-03T12:30:00Z","SYNTHETIC","300","330","50","60"
"SIM-S0125-P7","SIM-S0125","SIM-S0125-MIX","MIX","MIX-2","Agitator_Speed","292.1151","rpm","2026-09-03T12:05:00Z","2026-09-03T11:40:00Z","2026-09-03T12:30:00Z","SYNTHETIC","300","330","50","60"
"SIM-S0125-P8","SIM-S0125","SIM-S0125-MIX","MIX","MIX-2","Agitator_Speed","297.3837","rpm","2026-09-03T12:25:00Z","2026-09-03T11:40:00Z","2026-09-03T12:30:00Z","SYNTHETIC","300","330","50","60"
"SIM-S0125-P9","SIM-S0125","SIM-S0125-FILTER","FILTER","MIX-2","Filter_DP","41.0057","kPa","2026-09-03T12:30:00Z","2026-09-03T12:30:00Z","2026-09-03T12:45:00Z","SYNTHETIC","40","80","15","20"
"SIM-S0125-P10","SIM-S0125","SIM-S0125-FILTER","FILTER","MIX-2","Filter_DP","41.3247","kPa","2026-09-03T12:36:00Z","2026-09-03T12:30:00Z","2026-09-03T12:45:00Z","SYNTHETIC","40","80","15","20"
"SIM-S0125-P11","SIM-S0125","SIM-S0125-FILTER","FILTER","MIX-2","Filter_DP","41.1201","kPa","2026-09-03T12:42:00Z","2026-09-03T12:30:00Z","2026-09-03T12:45:00Z","SYNTHETIC","40","80","15","20"
"SIM-S0126-P0","SIM-S0126","SIM-S0126-MIX","MIX","MIX-3","Temperature","24.987","C","2026-09-03T11:40:00Z","2026-09-03T11:40:00Z","2026-09-03T12:30:00Z","SYNTHETIC","25","30","50","60"
"SIM-S0126-P1","SIM-S0126","SIM-S0126-MIX","MIX","MIX-3","Temperature","25.0148","C","2026-09-03T11:48:00Z","2026-09-03T11:40:00Z","2026-09-03T12:30:00Z","SYNTHETIC","25","30","50","60"
"SIM-S0126-P2","SIM-S0126","SIM-S0126-MIX","MIX","MIX-3","Temperature","25.3262","C","2026-09-03T11:56:00Z","2026-09-03T11:40:00Z","2026-09-03T12:30:00Z","SYNTHETIC","25","30","50","60"
"SIM-S0126-P3","SIM-S0126","SIM-S0126-MIX","MIX","MIX-3","Temperature","25.4993","C","2026-09-03T12:04:00Z","2026-09-03T11:40:00Z","2026-09-03T12:30:00Z","SYNTHETIC","25","30","50","60"
"SIM-S0126-P4","SIM-S0126","SIM-S0126-MIX","MIX","MIX-3","Temperature","25.4433","C","2026-09-03T12:12:00Z","2026-09-03T11:40:00Z","2026-09-03T12:30:00Z","SYNTHETIC","25","30","50","60"
"SIM-S0126-P5","SIM-S0126","SIM-S0126-MIX","MIX","MIX-3","Temperature","25.5216","C","2026-09-03T12:20:00Z","2026-09-03T11:40:00Z","2026-09-03T12:30:00Z","SYNTHETIC","25","30","50","60"
"SIM-S0126-P6","SIM-S0126","SIM-S0126-MIX","MIX","MIX-3","Agitator_Speed","303.915","rpm","2026-09-03T11:45:00Z","2026-09-03T11:40:00Z","2026-09-03T12:30:00Z","SYNTHETIC","300","330","50","60"
"SIM-S0126-P7","SIM-S0126","SIM-S0126-MIX","MIX","MIX-3","Agitator_Speed","300.7164","rpm","2026-09-03T12:05:00Z","2026-09-03T11:40:00Z","2026-09-03T12:30:00Z","SYNTHETIC","300","330","50","60"
"SIM-S0126-P8","SIM-S0126","SIM-S0126-MIX","MIX","MIX-3","Agitator_Speed","305.0909","rpm","2026-09-03T12:25:00Z","2026-09-03T11:40:00Z","2026-09-03T12:30:00Z","SYNTHETIC","300","330","50","60"
"SIM-S0126-P9","SIM-S0126","SIM-S0126-FILTER","FILTER","MIX-3","Filter_DP","39.3681","kPa","2026-09-03T12:30:00Z","2026-09-03T12:30:00Z","2026-09-03T12:45:00Z","SYNTHETIC","40","80","15","20"
"SIM-S0126-P10","SIM-S0126","SIM-S0126-FILTER","FILTER","MIX-3","Filter_DP","39.8289","kPa","2026-09-03T12:36:00Z","2026-09-03T12:30:00Z","2026-09-03T12:45:00Z","SYNTHETIC","40","80","15","20"
"SIM-S0126-P11","SIM-S0126","SIM-S0126-FILTER","FILTER","MIX-3","Filter_DP","40.652","kPa","2026-09-03T12:42:00Z","2026-09-03T12:30:00Z","2026-09-03T12:45:00Z","SYNTHETIC","40","80","15","20"
"SIM-S0127-P0","SIM-S0127","SIM-S0127-MIX","MIX","MIX-1","Temperature","26.0911","C","2026-09-03T13:10:00Z","2026-09-03T13:10:00Z","2026-09-03T14:00:00Z","SYNTHETIC","25","30","50","60"
"SIM-S0127-P1","SIM-S0127","SIM-S0127-MIX","MIX","MIX-1","Temperature","25.9916","C","2026-09-03T13:18:00Z","2026-09-03T13:10:00Z","2026-09-03T14:00:00Z","SYNTHETIC","25","30","50","60"
"SIM-S0127-P2","SIM-S0127","SIM-S0127-MIX","MIX","MIX-1","Temperature","25.9025","C","2026-09-03T13:26:00Z","2026-09-03T13:10:00Z","2026-09-03T14:00:00Z","SYNTHETIC","25","30","50","60"
"SIM-S0127-P3","SIM-S0127","SIM-S0127-MIX","MIX","MIX-1","Temperature","25.9292","C","2026-09-03T13:34:00Z","2026-09-03T13:10:00Z","2026-09-03T14:00:00Z","SYNTHETIC","25","30","50","60"
"SIM-S0127-P4","SIM-S0127","SIM-S0127-MIX","MIX","MIX-1","Temperature","26.0774","C","2026-09-03T13:42:00Z","2026-09-03T13:10:00Z","2026-09-03T14:00:00Z","SYNTHETIC","25","30","50","60"
"SIM-S0127-P5","SIM-S0127","SIM-S0127-MIX","MIX","MIX-1","Temperature","26.0335","C","2026-09-03T13:50:00Z","2026-09-03T13:10:00Z","2026-09-03T14:00:00Z","SYNTHETIC","25","30","50","60"
"SIM-S0127-P6","SIM-S0127","SIM-S0127-MIX","MIX","MIX-1","Agitator_Speed","301.3016","rpm","2026-09-03T13:15:00Z","2026-09-03T13:10:00Z","2026-09-03T14:00:00Z","SYNTHETIC","300","330","50","60"
"SIM-S0127-P7","SIM-S0127","SIM-S0127-MIX","MIX","MIX-1","Agitator_Speed","304.3428","rpm","2026-09-03T13:35:00Z","2026-09-03T13:10:00Z","2026-09-03T14:00:00Z","SYNTHETIC","300","330","50","60"
"SIM-S0127-P8","SIM-S0127","SIM-S0127-MIX","MIX","MIX-1","Agitator_Speed","303.6446","rpm","2026-09-03T13:55:00Z","2026-09-03T13:10:00Z","2026-09-03T14:00:00Z","SYNTHETIC","300","330","50","60"
"SIM-S0127-P9","SIM-S0127","SIM-S0127-FILTER","FILTER","MIX-1","Filter_DP","43.0843","kPa","2026-09-03T14:00:00Z","2026-09-03T14:00:00Z","2026-09-03T14:15:00Z","SYNTHETIC","40","80","15","20"
"SIM-S0127-P10","SIM-S0127","SIM-S0127-FILTER","FILTER","MIX-1","Filter_DP","44.1669","kPa","2026-09-03T14:06:00Z","2026-09-03T14:00:00Z","2026-09-03T14:15:00Z","SYNTHETIC","40","80","15","20"
"SIM-S0127-P11","SIM-S0127","SIM-S0127-FILTER","FILTER","MIX-1","Filter_DP","44.4983","kPa","2026-09-03T14:12:00Z","2026-09-03T14:00:00Z","2026-09-03T14:15:00Z","SYNTHETIC","40","80","15","20"
"SIM-S0128-P0","SIM-S0128","SIM-S0128-MIX","MIX","MIX-2","Temperature","25.6779","C","2026-09-03T13:10:00Z","2026-09-03T13:10:00Z","2026-09-03T14:00:00Z","SYNTHETIC","25","30","50","60"
"SIM-S0128-P1","SIM-S0128","SIM-S0128-MIX","MIX","MIX-2","Temperature","25.4715","C","2026-09-03T13:18:00Z","2026-09-03T13:10:00Z","2026-09-03T14:00:00Z","SYNTHETIC","25","30","50","60"
"SIM-S0128-P2","SIM-S0128","SIM-S0128-MIX","MIX","MIX-2","Temperature","25.4585","C","2026-09-03T13:26:00Z","2026-09-03T13:10:00Z","2026-09-03T14:00:00Z","SYNTHETIC","25","30","50","60"
"SIM-S0128-P3","SIM-S0128","SIM-S0128-MIX","MIX","MIX-2","Temperature","25.5744","C","2026-09-03T13:34:00Z","2026-09-03T13:10:00Z","2026-09-03T14:00:00Z","SYNTHETIC","25","30","50","60"
"SIM-S0128-P4","SIM-S0128","SIM-S0128-MIX","MIX","MIX-2","Temperature","25.3159","C","2026-09-03T13:42:00Z","2026-09-03T13:10:00Z","2026-09-03T14:00:00Z","SYNTHETIC","25","30","50","60"
"SIM-S0128-P5","SIM-S0128","SIM-S0128-MIX","MIX","MIX-2","Temperature","25.4016","C","2026-09-03T13:50:00Z","2026-09-03T13:10:00Z","2026-09-03T14:00:00Z","SYNTHETIC","25","30","50","60"
"SIM-S0128-P6","SIM-S0128","SIM-S0128-MIX","MIX","MIX-2","Agitator_Speed","301.4671","rpm","2026-09-03T13:15:00Z","2026-09-03T13:10:00Z","2026-09-03T14:00:00Z","SYNTHETIC","300","330","50","60"
"SIM-S0128-P7","SIM-S0128","SIM-S0128-MIX","MIX","MIX-2","Agitator_Speed","300.3631","rpm","2026-09-03T13:35:00Z","2026-09-03T13:10:00Z","2026-09-03T14:00:00Z","SYNTHETIC","300","330","50","60"
"SIM-S0128-P8","SIM-S0128","SIM-S0128-MIX","MIX","MIX-2","Agitator_Speed","302.9052","rpm","2026-09-03T13:55:00Z","2026-09-03T13:10:00Z","2026-09-03T14:00:00Z","SYNTHETIC","300","330","50","60"
"SIM-S0128-P9","SIM-S0128","SIM-S0128-FILTER","FILTER","MIX-2","Filter_DP","40.988","kPa","2026-09-03T14:00:00Z","2026-09-03T14:00:00Z","2026-09-03T14:15:00Z","SYNTHETIC","40","80","15","20"
"SIM-S0128-P10","SIM-S0128","SIM-S0128-FILTER","FILTER","MIX-2","Filter_DP","41.681","kPa","2026-09-03T14:06:00Z","2026-09-03T14:00:00Z","2026-09-03T14:15:00Z","SYNTHETIC","40","80","15","20"
"SIM-S0128-P11","SIM-S0128","SIM-S0128-FILTER","FILTER","MIX-2","Filter_DP","43.8972","kPa","2026-09-03T14:12:00Z","2026-09-03T14:00:00Z","2026-09-03T14:15:00Z","SYNTHETIC","40","80","15","20"
"SIM-S0129-P0","SIM-S0129","SIM-S0129-MIX","MIX","MIX-3","Temperature","25.7935","C","2026-09-03T13:10:00Z","2026-09-03T13:10:00Z","2026-09-03T14:00:00Z","SYNTHETIC","25","30","50","60"
"SIM-S0129-P1","SIM-S0129","SIM-S0129-MIX","MIX","MIX-3","Temperature","25.856","C","2026-09-03T13:18:00Z","2026-09-03T13:10:00Z","2026-09-03T14:00:00Z","SYNTHETIC","25","30","50","60"
"SIM-S0129-P2","SIM-S0129","SIM-S0129-MIX","MIX","MIX-3","Temperature","25.7107","C","2026-09-03T13:26:00Z","2026-09-03T13:10:00Z","2026-09-03T14:00:00Z","SYNTHETIC","25","30","50","60"
"SIM-S0129-P3","SIM-S0129","SIM-S0129-MIX","MIX","MIX-3","Temperature","26.1003","C","2026-09-03T13:34:00Z","2026-09-03T13:10:00Z","2026-09-03T14:00:00Z","SYNTHETIC","25","30","50","60"
"SIM-S0129-P4","SIM-S0129","SIM-S0129-MIX","MIX","MIX-3","Temperature","25.8727","C","2026-09-03T13:42:00Z","2026-09-03T13:10:00Z","2026-09-03T14:00:00Z","SYNTHETIC","25","30","50","60"
"SIM-S0129-P5","SIM-S0129","SIM-S0129-MIX","MIX","MIX-3","Temperature","25.8453","C","2026-09-03T13:50:00Z","2026-09-03T13:10:00Z","2026-09-03T14:00:00Z","SYNTHETIC","25","30","50","60"
"SIM-S0129-P6","SIM-S0129","SIM-S0129-MIX","MIX","MIX-3","Agitator_Speed","299.9183","rpm","2026-09-03T13:15:00Z","2026-09-03T13:10:00Z","2026-09-03T14:00:00Z","SYNTHETIC","300","330","50","60"
"SIM-S0129-P7","SIM-S0129","SIM-S0129-MIX","MIX","MIX-3","Agitator_Speed","301.4886","rpm","2026-09-03T13:35:00Z","2026-09-03T13:10:00Z","2026-09-03T14:00:00Z","SYNTHETIC","300","330","50","60"
"SIM-S0129-P8","SIM-S0129","SIM-S0129-MIX","MIX","MIX-3","Agitator_Speed","303.5052","rpm","2026-09-03T13:55:00Z","2026-09-03T13:10:00Z","2026-09-03T14:00:00Z","SYNTHETIC","300","330","50","60"
"SIM-S0129-P9","SIM-S0129","SIM-S0129-FILTER","FILTER","MIX-3","Filter_DP","40.9764","kPa","2026-09-03T14:00:00Z","2026-09-03T14:00:00Z","2026-09-03T14:15:00Z","SYNTHETIC","40","80","15","20"
"SIM-S0129-P10","SIM-S0129","SIM-S0129-FILTER","FILTER","MIX-3","Filter_DP","40.9506","kPa","2026-09-03T14:06:00Z","2026-09-03T14:00:00Z","2026-09-03T14:15:00Z","SYNTHETIC","40","80","15","20"
"SIM-S0129-P11","SIM-S0129","SIM-S0129-FILTER","FILTER","MIX-3","Filter_DP","42.1135","kPa","2026-09-03T14:12:00Z","2026-09-03T14:00:00Z","2026-09-03T14:15:00Z","SYNTHETIC","40","80","15","20"
"SIM-S0130-P0","SIM-S0130","SIM-S0130-MIX","MIX","MIX-1","Temperature","25.6155","C","2026-09-03T14:40:00Z","2026-09-03T14:40:00Z","2026-09-03T15:30:00Z","SYNTHETIC","25","30","50","60"
"SIM-S0130-P1","SIM-S0130","SIM-S0130-MIX","MIX","MIX-1","Temperature","25.3507","C","2026-09-03T14:48:00Z","2026-09-03T14:40:00Z","2026-09-03T15:30:00Z","SYNTHETIC","25","30","50","60"
"SIM-S0130-P2","SIM-S0130","SIM-S0130-MIX","MIX","MIX-1","Temperature","25.4759","C","2026-09-03T14:56:00Z","2026-09-03T14:40:00Z","2026-09-03T15:30:00Z","SYNTHETIC","25","30","50","60"
"SIM-S0130-P3","SIM-S0130","SIM-S0130-MIX","MIX","MIX-1","Temperature","25.6234","C","2026-09-03T15:04:00Z","2026-09-03T14:40:00Z","2026-09-03T15:30:00Z","SYNTHETIC","25","30","50","60"
"SIM-S0130-P4","SIM-S0130","SIM-S0130-MIX","MIX","MIX-1","Temperature","25.3947","C","2026-09-03T15:12:00Z","2026-09-03T14:40:00Z","2026-09-03T15:30:00Z","SYNTHETIC","25","30","50","60"
"SIM-S0130-P5","SIM-S0130","SIM-S0130-MIX","MIX","MIX-1","Temperature","25.5525","C","2026-09-03T15:20:00Z","2026-09-03T14:40:00Z","2026-09-03T15:30:00Z","SYNTHETIC","25","30","50","60"
"SIM-S0130-P6","SIM-S0130","SIM-S0130-MIX","MIX","MIX-1","Agitator_Speed","302.6028","rpm","2026-09-03T14:45:00Z","2026-09-03T14:40:00Z","2026-09-03T15:30:00Z","SYNTHETIC","300","330","50","60"
"SIM-S0130-P7","SIM-S0130","SIM-S0130-MIX","MIX","MIX-1","Agitator_Speed","302.251","rpm","2026-09-03T15:05:00Z","2026-09-03T14:40:00Z","2026-09-03T15:30:00Z","SYNTHETIC","300","330","50","60"
"SIM-S0130-P8","SIM-S0130","SIM-S0130-MIX","MIX","MIX-1","Agitator_Speed","301.0978","rpm","2026-09-03T15:25:00Z","2026-09-03T14:40:00Z","2026-09-03T15:30:00Z","SYNTHETIC","300","330","50","60"
"SIM-S0130-P9","SIM-S0130","SIM-S0130-FILTER","FILTER","MIX-1","Filter_DP","44.8631","kPa","2026-09-03T15:30:00Z","2026-09-03T15:30:00Z","2026-09-03T15:45:00Z","SYNTHETIC","40","80","15","20"
"SIM-S0130-P10","SIM-S0130","SIM-S0130-FILTER","FILTER","MIX-1","Filter_DP","46.3177","kPa","2026-09-03T15:36:00Z","2026-09-03T15:30:00Z","2026-09-03T15:45:00Z","SYNTHETIC","40","80","15","20"
"SIM-S0130-P11","SIM-S0130","SIM-S0130-FILTER","FILTER","MIX-1","Filter_DP","47.2311","kPa","2026-09-03T15:42:00Z","2026-09-03T15:30:00Z","2026-09-03T15:45:00Z","SYNTHETIC","40","80","15","20"
"SIM-S0131-P0","SIM-S0131","SIM-S0131-MIX","MIX","MIX-2","Temperature","25.3346","C","2026-09-03T14:40:00Z","2026-09-03T14:40:00Z","2026-09-03T15:30:00Z","SYNTHETIC","25","30","50","60"
"SIM-S0131-P1","SIM-S0131","SIM-S0131-MIX","MIX","MIX-2","Temperature","25.4063","C","2026-09-03T14:48:00Z","2026-09-03T14:40:00Z","2026-09-03T15:30:00Z","SYNTHETIC","25","30","50","60"
"SIM-S0131-P2","SIM-S0131","SIM-S0131-MIX","MIX","MIX-2","Temperature","25.2419","C","2026-09-03T14:56:00Z","2026-09-03T14:40:00Z","2026-09-03T15:30:00Z","SYNTHETIC","25","30","50","60"
"SIM-S0131-P3","SIM-S0131","SIM-S0131-MIX","MIX","MIX-2","Temperature","25.3037","C","2026-09-03T15:04:00Z","2026-09-03T14:40:00Z","2026-09-03T15:30:00Z","SYNTHETIC","25","30","50","60"
"SIM-S0131-P4","SIM-S0131","SIM-S0131-MIX","MIX","MIX-2","Temperature","25.3","C","2026-09-03T15:12:00Z","2026-09-03T14:40:00Z","2026-09-03T15:30:00Z","SYNTHETIC","25","30","50","60"
"SIM-S0131-P5","SIM-S0131","SIM-S0131-MIX","MIX","MIX-2","Temperature","25.0023","C","2026-09-03T15:20:00Z","2026-09-03T14:40:00Z","2026-09-03T15:30:00Z","SYNTHETIC","25","30","50","60"
"SIM-S0131-P6","SIM-S0131","SIM-S0131-MIX","MIX","MIX-2","Agitator_Speed","301.2112","rpm","2026-09-03T14:45:00Z","2026-09-03T14:40:00Z","2026-09-03T15:30:00Z","SYNTHETIC","300","330","50","60"
"SIM-S0131-P7","SIM-S0131","SIM-S0131-MIX","MIX","MIX-2","Agitator_Speed","300.0578","rpm","2026-09-03T15:05:00Z","2026-09-03T14:40:00Z","2026-09-03T15:30:00Z","SYNTHETIC","300","330","50","60"
"SIM-S0131-P8","SIM-S0131","SIM-S0131-MIX","MIX","MIX-2","Agitator_Speed","300.6816","rpm","2026-09-03T15:25:00Z","2026-09-03T14:40:00Z","2026-09-03T15:30:00Z","SYNTHETIC","300","330","50","60"
"SIM-S0131-P9","SIM-S0131","SIM-S0131-FILTER","FILTER","MIX-2","Filter_DP","44.915","kPa","2026-09-03T15:30:00Z","2026-09-03T15:30:00Z","2026-09-03T15:45:00Z","SYNTHETIC","40","80","15","20"
"SIM-S0131-P10","SIM-S0131","SIM-S0131-FILTER","FILTER","MIX-2","Filter_DP","45.2345","kPa","2026-09-03T15:36:00Z","2026-09-03T15:30:00Z","2026-09-03T15:45:00Z","SYNTHETIC","40","80","15","20"
"SIM-S0131-P11","SIM-S0131","SIM-S0131-FILTER","FILTER","MIX-2","Filter_DP","45.309","kPa","2026-09-03T15:42:00Z","2026-09-03T15:30:00Z","2026-09-03T15:45:00Z","SYNTHETIC","40","80","15","20"
"SIM-S0132-P0","SIM-S0132","SIM-S0132-MIX","MIX","MIX-3","Temperature","26.0272","C","2026-09-03T14:40:00Z","2026-09-03T14:40:00Z","2026-09-03T15:30:00Z","SYNTHETIC","25","30","50","60"
"SIM-S0132-P1","SIM-S0132","SIM-S0132-MIX","MIX","MIX-3","Temperature","26.3141","C","2026-09-03T14:48:00Z","2026-09-03T14:40:00Z","2026-09-03T15:30:00Z","SYNTHETIC","25","30","50","60"
"SIM-S0132-P2","SIM-S0132","SIM-S0132-MIX","MIX","MIX-3","Temperature","25.951","C","2026-09-03T14:56:00Z","2026-09-03T14:40:00Z","2026-09-03T15:30:00Z","SYNTHETIC","25","30","50","60"
"SIM-S0132-P3","SIM-S0132","SIM-S0132-MIX","MIX","MIX-3","Temperature","25.9671","C","2026-09-03T15:04:00Z","2026-09-03T14:40:00Z","2026-09-03T15:30:00Z","SYNTHETIC","25","30","50","60"
"SIM-S0132-P4","SIM-S0132","SIM-S0132-MIX","MIX","MIX-3","Temperature","25.9172","C","2026-09-03T15:12:00Z","2026-09-03T14:40:00Z","2026-09-03T15:30:00Z","SYNTHETIC","25","30","50","60"
"SIM-S0132-P5","SIM-S0132","SIM-S0132-MIX","MIX","MIX-3","Temperature","25.99","C","2026-09-03T15:20:00Z","2026-09-03T14:40:00Z","2026-09-03T15:30:00Z","SYNTHETIC","25","30","50","60"
"SIM-S0132-P6","SIM-S0132","SIM-S0132-MIX","MIX","MIX-3","Agitator_Speed","299.7331","rpm","2026-09-03T14:45:00Z","2026-09-03T14:40:00Z","2026-09-03T15:30:00Z","SYNTHETIC","300","330","50","60"
"SIM-S0132-P7","SIM-S0132","SIM-S0132-MIX","MIX","MIX-3","Agitator_Speed","299.9583","rpm","2026-09-03T15:05:00Z","2026-09-03T14:40:00Z","2026-09-03T15:30:00Z","SYNTHETIC","300","330","50","60"
"SIM-S0132-P8","SIM-S0132","SIM-S0132-MIX","MIX","MIX-3","Agitator_Speed","302.9939","rpm","2026-09-03T15:25:00Z","2026-09-03T14:40:00Z","2026-09-03T15:30:00Z","SYNTHETIC","300","330","50","60"
"SIM-S0132-P9","SIM-S0132","SIM-S0132-FILTER","FILTER","MIX-3","Filter_DP","46.9072","kPa","2026-09-03T15:30:00Z","2026-09-03T15:30:00Z","2026-09-03T15:45:00Z","SYNTHETIC","40","80","15","20"
"SIM-S0132-P10","SIM-S0132","SIM-S0132-FILTER","FILTER","MIX-3","Filter_DP","48.0382","kPa","2026-09-03T15:36:00Z","2026-09-03T15:30:00Z","2026-09-03T15:45:00Z","SYNTHETIC","40","80","15","20"
"SIM-S0132-P11","SIM-S0132","SIM-S0132-FILTER","FILTER","MIX-3","Filter_DP","47.8548","kPa","2026-09-03T15:42:00Z","2026-09-03T15:30:00Z","2026-09-03T15:45:00Z","SYNTHETIC","40","80","15","20"
"SIM-S0133-P0","SIM-S0133","SIM-S0133-MIX","MIX","MIX-1","Temperature","25.8836","C","2026-09-03T16:10:00Z","2026-09-03T16:10:00Z","2026-09-03T17:00:00Z","SYNTHETIC","25","30","50","60"
"SIM-S0133-P1","SIM-S0133","SIM-S0133-MIX","MIX","MIX-1","Temperature","26.1908","C","2026-09-03T16:18:00Z","2026-09-03T16:10:00Z","2026-09-03T17:00:00Z","SYNTHETIC","25","30","50","60"
"SIM-S0133-P2","SIM-S0133","SIM-S0133-MIX","MIX","MIX-1","Temperature","26.1795","C","2026-09-03T16:26:00Z","2026-09-03T16:10:00Z","2026-09-03T17:00:00Z","SYNTHETIC","25","30","50","60"
"SIM-S0133-P3","SIM-S0133","SIM-S0133-MIX","MIX","MIX-1","Temperature","25.7433","C","2026-09-03T16:34:00Z","2026-09-03T16:10:00Z","2026-09-03T17:00:00Z","SYNTHETIC","25","30","50","60"
"SIM-S0133-P4","SIM-S0133","SIM-S0133-MIX","MIX","MIX-1","Temperature","25.6744","C","2026-09-03T16:42:00Z","2026-09-03T16:10:00Z","2026-09-03T17:00:00Z","SYNTHETIC","25","30","50","60"
"SIM-S0133-P5","SIM-S0133","SIM-S0133-MIX","MIX","MIX-1","Temperature","25.9869","C","2026-09-03T16:50:00Z","2026-09-03T16:10:00Z","2026-09-03T17:00:00Z","SYNTHETIC","25","30","50","60"
"SIM-S0133-P6","SIM-S0133","SIM-S0133-MIX","MIX","MIX-1","Agitator_Speed","302.5656","rpm","2026-09-03T16:15:00Z","2026-09-03T16:10:00Z","2026-09-03T17:00:00Z","SYNTHETIC","300","330","50","60"
"SIM-S0133-P7","SIM-S0133","SIM-S0133-MIX","MIX","MIX-1","Agitator_Speed","302.4445","rpm","2026-09-03T16:35:00Z","2026-09-03T16:10:00Z","2026-09-03T17:00:00Z","SYNTHETIC","300","330","50","60"
"SIM-S0133-P8","SIM-S0133","SIM-S0133-MIX","MIX","MIX-1","Agitator_Speed","301.9797","rpm","2026-09-03T16:55:00Z","2026-09-03T16:10:00Z","2026-09-03T17:00:00Z","SYNTHETIC","300","330","50","60"
"SIM-S0133-P9","SIM-S0133","SIM-S0133-FILTER","FILTER","MIX-1","Filter_DP","46.7038","kPa","2026-09-03T17:00:00Z","2026-09-03T17:00:00Z","2026-09-03T17:15:00Z","SYNTHETIC","40","80","15","20"
"SIM-S0133-P10","SIM-S0133","SIM-S0133-FILTER","FILTER","MIX-1","Filter_DP","48.2","kPa","2026-09-03T17:06:00Z","2026-09-03T17:00:00Z","2026-09-03T17:15:00Z","SYNTHETIC","40","80","15","20"
"SIM-S0133-P11","SIM-S0133","SIM-S0133-FILTER","FILTER","MIX-1","Filter_DP","49.0217","kPa","2026-09-03T17:12:00Z","2026-09-03T17:00:00Z","2026-09-03T17:15:00Z","SYNTHETIC","40","80","15","20"
"SIM-S0134-P0","SIM-S0134","SIM-S0134-MIX","MIX","MIX-2","Temperature","25.3698","C","2026-09-03T16:10:00Z","2026-09-03T16:10:00Z","2026-09-03T17:00:00Z","SYNTHETIC","25","30","50","60"
"SIM-S0134-P1","SIM-S0134","SIM-S0134-MIX","MIX","MIX-2","Temperature","25.2776","C","2026-09-03T16:18:00Z","2026-09-03T16:10:00Z","2026-09-03T17:00:00Z","SYNTHETIC","25","30","50","60"
"SIM-S0134-P2","SIM-S0134","SIM-S0134-MIX","MIX","MIX-2","Temperature","25.3014","C","2026-09-03T16:26:00Z","2026-09-03T16:10:00Z","2026-09-03T17:00:00Z","SYNTHETIC","25","30","50","60"
"SIM-S0134-P3","SIM-S0134","SIM-S0134-MIX","MIX","MIX-2","Temperature","25.58","C","2026-09-03T16:34:00Z","2026-09-03T16:10:00Z","2026-09-03T17:00:00Z","SYNTHETIC","25","30","50","60"
"SIM-S0134-P4","SIM-S0134","SIM-S0134-MIX","MIX","MIX-2","Temperature","25.3184","C","2026-09-03T16:42:00Z","2026-09-03T16:10:00Z","2026-09-03T17:00:00Z","SYNTHETIC","25","30","50","60"
"SIM-S0134-P5","SIM-S0134","SIM-S0134-MIX","MIX","MIX-2","Temperature","25.2003","C","2026-09-03T16:50:00Z","2026-09-03T16:10:00Z","2026-09-03T17:00:00Z","SYNTHETIC","25","30","50","60"
"SIM-S0134-P6","SIM-S0134","SIM-S0134-MIX","MIX","MIX-2","Agitator_Speed","298.5605","rpm","2026-09-03T16:15:00Z","2026-09-03T16:10:00Z","2026-09-03T17:00:00Z","SYNTHETIC","300","330","50","60"
"SIM-S0134-P7","SIM-S0134","SIM-S0134-MIX","MIX","MIX-2","Agitator_Speed","302.1273","rpm","2026-09-03T16:35:00Z","2026-09-03T16:10:00Z","2026-09-03T17:00:00Z","SYNTHETIC","300","330","50","60"
"SIM-S0134-P8","SIM-S0134","SIM-S0134-MIX","MIX","MIX-2","Agitator_Speed","301.1394","rpm","2026-09-03T16:55:00Z","2026-09-03T16:10:00Z","2026-09-03T17:00:00Z","SYNTHETIC","300","330","50","60"
"SIM-S0134-P9","SIM-S0134","SIM-S0134-FILTER","FILTER","MIX-2","Filter_DP","47.4238","kPa","2026-09-03T17:00:00Z","2026-09-03T17:00:00Z","2026-09-03T17:15:00Z","SYNTHETIC","40","80","15","20"
"SIM-S0134-P10","SIM-S0134","SIM-S0134-FILTER","FILTER","MIX-2","Filter_DP","48.7579","kPa","2026-09-03T17:06:00Z","2026-09-03T17:00:00Z","2026-09-03T17:15:00Z","SYNTHETIC","40","80","15","20"
"SIM-S0134-P11","SIM-S0134","SIM-S0134-FILTER","FILTER","MIX-2","Filter_DP","49.5557","kPa","2026-09-03T17:12:00Z","2026-09-03T17:00:00Z","2026-09-03T17:15:00Z","SYNTHETIC","40","80","15","20"
"SIM-S0135-P0","SIM-S0135","SIM-S0135-MIX","MIX","MIX-3","Temperature","25.0285","C","2026-09-03T16:10:00Z","2026-09-03T16:10:00Z","2026-09-03T17:00:00Z","SYNTHETIC","25","30","50","60"
"SIM-S0135-P1","SIM-S0135","SIM-S0135-MIX","MIX","MIX-3","Temperature","25.305","C","2026-09-03T16:18:00Z","2026-09-03T16:10:00Z","2026-09-03T17:00:00Z","SYNTHETIC","25","30","50","60"
"SIM-S0135-P2","SIM-S0135","SIM-S0135-MIX","MIX","MIX-3","Temperature","25.0891","C","2026-09-03T16:26:00Z","2026-09-03T16:10:00Z","2026-09-03T17:00:00Z","SYNTHETIC","25","30","50","60"
"SIM-S0135-P3","SIM-S0135","SIM-S0135-MIX","MIX","MIX-3","Temperature","25.0455","C","2026-09-03T16:34:00Z","2026-09-03T16:10:00Z","2026-09-03T17:00:00Z","SYNTHETIC","25","30","50","60"
"SIM-S0135-P4","SIM-S0135","SIM-S0135-MIX","MIX","MIX-3","Temperature","25.4548","C","2026-09-03T16:42:00Z","2026-09-03T16:10:00Z","2026-09-03T17:00:00Z","SYNTHETIC","25","30","50","60"
"SIM-S0135-P5","SIM-S0135","SIM-S0135-MIX","MIX","MIX-3","Temperature","25.1397","C","2026-09-03T16:50:00Z","2026-09-03T16:10:00Z","2026-09-03T17:00:00Z","SYNTHETIC","25","30","50","60"
"SIM-S0135-P6","SIM-S0135","SIM-S0135-MIX","MIX","MIX-3","Agitator_Speed","303.1165","rpm","2026-09-03T16:15:00Z","2026-09-03T16:10:00Z","2026-09-03T17:00:00Z","SYNTHETIC","300","330","50","60"
"SIM-S0135-P7","SIM-S0135","SIM-S0135-MIX","MIX","MIX-3","Agitator_Speed","302.2651","rpm","2026-09-03T16:35:00Z","2026-09-03T16:10:00Z","2026-09-03T17:00:00Z","SYNTHETIC","300","330","50","60"
"SIM-S0135-P8","SIM-S0135","SIM-S0135-MIX","MIX","MIX-3","Agitator_Speed","305.7473","rpm","2026-09-03T16:55:00Z","2026-09-03T16:10:00Z","2026-09-03T17:00:00Z","SYNTHETIC","300","330","50","60"
"SIM-S0135-P9","SIM-S0135","SIM-S0135-FILTER","FILTER","MIX-3","Filter_DP","47.6028","kPa","2026-09-03T17:00:00Z","2026-09-03T17:00:00Z","2026-09-03T17:15:00Z","SYNTHETIC","40","80","15","20"
"SIM-S0135-P10","SIM-S0135","SIM-S0135-FILTER","FILTER","MIX-3","Filter_DP","48.5018","kPa","2026-09-03T17:06:00Z","2026-09-03T17:00:00Z","2026-09-03T17:15:00Z","SYNTHETIC","40","80","15","20"
"SIM-S0135-P11","SIM-S0135","SIM-S0135-FILTER","FILTER","MIX-3","Filter_DP","48.6179","kPa","2026-09-03T17:12:00Z","2026-09-03T17:00:00Z","2026-09-03T17:15:00Z","SYNTHETIC","40","80","15","20"
"SIM-S0136-P0","SIM-S0136","SIM-S0136-MIX","MIX","MIX-1","Temperature","24.4648","C","2026-09-03T17:40:00Z","2026-09-03T17:40:00Z","2026-09-03T18:30:00Z","SYNTHETIC","25","30","50","60"
"SIM-S0136-P1","SIM-S0136","SIM-S0136-MIX","MIX","MIX-1","Temperature","24.2726","C","2026-09-03T17:48:00Z","2026-09-03T17:40:00Z","2026-09-03T18:30:00Z","SYNTHETIC","25","30","50","60"
"SIM-S0136-P2","SIM-S0136","SIM-S0136-MIX","MIX","MIX-1","Temperature","24.0403","C","2026-09-03T17:56:00Z","2026-09-03T17:40:00Z","2026-09-03T18:30:00Z","SYNTHETIC","25","30","50","60"
"SIM-S0136-P3","SIM-S0136","SIM-S0136-MIX","MIX","MIX-1","Temperature","24.0486","C","2026-09-03T18:04:00Z","2026-09-03T17:40:00Z","2026-09-03T18:30:00Z","SYNTHETIC","25","30","50","60"
"SIM-S0136-P4","SIM-S0136","SIM-S0136-MIX","MIX","MIX-1","Temperature","24.2737","C","2026-09-03T18:12:00Z","2026-09-03T17:40:00Z","2026-09-03T18:30:00Z","SYNTHETIC","25","30","50","60"
"SIM-S0136-P5","SIM-S0136","SIM-S0136-MIX","MIX","MIX-1","Temperature","24.0222","C","2026-09-03T18:20:00Z","2026-09-03T17:40:00Z","2026-09-03T18:30:00Z","SYNTHETIC","25","30","50","60"
"SIM-S0136-P6","SIM-S0136","SIM-S0136-MIX","MIX","MIX-1","Agitator_Speed","297.3982","rpm","2026-09-03T17:45:00Z","2026-09-03T17:40:00Z","2026-09-03T18:30:00Z","SYNTHETIC","300","330","50","60"
"SIM-S0136-P7","SIM-S0136","SIM-S0136-MIX","MIX","MIX-1","Agitator_Speed","295.8115","rpm","2026-09-03T18:05:00Z","2026-09-03T17:40:00Z","2026-09-03T18:30:00Z","SYNTHETIC","300","330","50","60"
"SIM-S0136-P8","SIM-S0136","SIM-S0136-MIX","MIX","MIX-1","Agitator_Speed","295.4287","rpm","2026-09-03T18:25:00Z","2026-09-03T17:40:00Z","2026-09-03T18:30:00Z","SYNTHETIC","300","330","50","60"
"SIM-S0136-P9","SIM-S0136","SIM-S0136-FILTER","FILTER","MIX-1","Filter_DP","48.3765","kPa","2026-09-03T18:30:00Z","2026-09-03T18:30:00Z","2026-09-03T18:45:00Z","SYNTHETIC","40","80","15","20"
"SIM-S0136-P10","SIM-S0136","SIM-S0136-FILTER","FILTER","MIX-1","Filter_DP","49.842","kPa","2026-09-03T18:36:00Z","2026-09-03T18:30:00Z","2026-09-03T18:45:00Z","SYNTHETIC","40","80","15","20"
"SIM-S0136-P11","SIM-S0136","SIM-S0136-FILTER","FILTER","MIX-1","Filter_DP","51.1432","kPa","2026-09-03T18:42:00Z","2026-09-03T18:30:00Z","2026-09-03T18:45:00Z","SYNTHETIC","40","80","15","20"
"SIM-S0137-P0","SIM-S0137","SIM-S0137-MIX","MIX","MIX-2","Temperature","25.0166","C","2026-09-03T17:40:00Z","2026-09-03T17:40:00Z","2026-09-03T18:30:00Z","SYNTHETIC","25","30","50","60"
"SIM-S0137-P1","SIM-S0137","SIM-S0137-MIX","MIX","MIX-2","Temperature","25.0749","C","2026-09-03T17:48:00Z","2026-09-03T17:40:00Z","2026-09-03T18:30:00Z","SYNTHETIC","25","30","50","60"
"SIM-S0137-P2","SIM-S0137","SIM-S0137-MIX","MIX","MIX-2","Temperature","25.1367","C","2026-09-03T17:56:00Z","2026-09-03T17:40:00Z","2026-09-03T18:30:00Z","SYNTHETIC","25","30","50","60"
"SIM-S0137-P3","SIM-S0137","SIM-S0137-MIX","MIX","MIX-2","Temperature","25.1946","C","2026-09-03T18:04:00Z","2026-09-03T17:40:00Z","2026-09-03T18:30:00Z","SYNTHETIC","25","30","50","60"
"SIM-S0137-P4","SIM-S0137","SIM-S0137-MIX","MIX","MIX-2","Temperature","24.912","C","2026-09-03T18:12:00Z","2026-09-03T17:40:00Z","2026-09-03T18:30:00Z","SYNTHETIC","25","30","50","60"
"SIM-S0137-P5","SIM-S0137","SIM-S0137-MIX","MIX","MIX-2","Temperature","25.3684","C","2026-09-03T18:20:00Z","2026-09-03T17:40:00Z","2026-09-03T18:30:00Z","SYNTHETIC","25","30","50","60"
"SIM-S0137-P6","SIM-S0137","SIM-S0137-MIX","MIX","MIX-2","Agitator_Speed","302.8307","rpm","2026-09-03T17:45:00Z","2026-09-03T17:40:00Z","2026-09-03T18:30:00Z","SYNTHETIC","300","330","50","60"
"SIM-S0137-P7","SIM-S0137","SIM-S0137-MIX","MIX","MIX-2","Agitator_Speed","296.4501","rpm","2026-09-03T18:05:00Z","2026-09-03T17:40:00Z","2026-09-03T18:30:00Z","SYNTHETIC","300","330","50","60"
"SIM-S0137-P8","SIM-S0137","SIM-S0137-MIX","MIX","MIX-2","Agitator_Speed","299.5075","rpm","2026-09-03T18:25:00Z","2026-09-03T17:40:00Z","2026-09-03T18:30:00Z","SYNTHETIC","300","330","50","60"
"SIM-S0137-P9","SIM-S0137","SIM-S0137-FILTER","FILTER","MIX-2","Filter_DP","48.4963","kPa","2026-09-03T18:30:00Z","2026-09-03T18:30:00Z","2026-09-03T18:45:00Z","SYNTHETIC","40","80","15","20"
"SIM-S0137-P10","SIM-S0137","SIM-S0137-FILTER","FILTER","MIX-2","Filter_DP","49.3337","kPa","2026-09-03T18:36:00Z","2026-09-03T18:30:00Z","2026-09-03T18:45:00Z","SYNTHETIC","40","80","15","20"
"SIM-S0137-P11","SIM-S0137","SIM-S0137-FILTER","FILTER","MIX-2","Filter_DP","50.1975","kPa","2026-09-03T18:42:00Z","2026-09-03T18:30:00Z","2026-09-03T18:45:00Z","SYNTHETIC","40","80","15","20"
"SIM-S0138-P0","SIM-S0138","SIM-S0138-MIX","MIX","MIX-3","Temperature","26.2527","C","2026-09-03T17:40:00Z","2026-09-03T17:40:00Z","2026-09-03T18:30:00Z","SYNTHETIC","25","30","50","60"
"SIM-S0138-P1","SIM-S0138","SIM-S0138-MIX","MIX","MIX-3","Temperature","26.3814","C","2026-09-03T17:48:00Z","2026-09-03T17:40:00Z","2026-09-03T18:30:00Z","SYNTHETIC","25","30","50","60"
"SIM-S0138-P2","SIM-S0138","SIM-S0138-MIX","MIX","MIX-3","Temperature","26.2626","C","2026-09-03T17:56:00Z","2026-09-03T17:40:00Z","2026-09-03T18:30:00Z","SYNTHETIC","25","30","50","60"
"SIM-S0138-P3","SIM-S0138","SIM-S0138-MIX","MIX","MIX-3","Temperature","26.2234","C","2026-09-03T18:04:00Z","2026-09-03T17:40:00Z","2026-09-03T18:30:00Z","SYNTHETIC","25","30","50","60"
"SIM-S0138-P4","SIM-S0138","SIM-S0138-MIX","MIX","MIX-3","Temperature","26.3313","C","2026-09-03T18:12:00Z","2026-09-03T17:40:00Z","2026-09-03T18:30:00Z","SYNTHETIC","25","30","50","60"
"SIM-S0138-P5","SIM-S0138","SIM-S0138-MIX","MIX","MIX-3","Temperature","26.3927","C","2026-09-03T18:20:00Z","2026-09-03T17:40:00Z","2026-09-03T18:30:00Z","SYNTHETIC","25","30","50","60"
"SIM-S0138-P6","SIM-S0138","SIM-S0138-MIX","MIX","MIX-3","Agitator_Speed","299.3305","rpm","2026-09-03T17:45:00Z","2026-09-03T17:40:00Z","2026-09-03T18:30:00Z","SYNTHETIC","300","330","50","60"
"SIM-S0138-P7","SIM-S0138","SIM-S0138-MIX","MIX","MIX-3","Agitator_Speed","302.386","rpm","2026-09-03T18:05:00Z","2026-09-03T17:40:00Z","2026-09-03T18:30:00Z","SYNTHETIC","300","330","50","60"
"SIM-S0138-P8","SIM-S0138","SIM-S0138-MIX","MIX","MIX-3","Agitator_Speed","301.7235","rpm","2026-09-03T18:25:00Z","2026-09-03T17:40:00Z","2026-09-03T18:30:00Z","SYNTHETIC","300","330","50","60"
"SIM-S0138-P9","SIM-S0138","SIM-S0138-FILTER","FILTER","MIX-3","Filter_DP","52.1817","kPa","2026-09-03T18:30:00Z","2026-09-03T18:30:00Z","2026-09-03T18:45:00Z","SYNTHETIC","40","80","15","20"
"SIM-S0138-P10","SIM-S0138","SIM-S0138-FILTER","FILTER","MIX-3","Filter_DP","53.4076","kPa","2026-09-03T18:36:00Z","2026-09-03T18:30:00Z","2026-09-03T18:45:00Z","SYNTHETIC","40","80","15","20"
"SIM-S0138-P11","SIM-S0138","SIM-S0138-FILTER","FILTER","MIX-3","Filter_DP","54.025","kPa","2026-09-03T18:42:00Z","2026-09-03T18:30:00Z","2026-09-03T18:45:00Z","SYNTHETIC","40","80","15","20"
"SIM-S0139-P0","SIM-S0139","SIM-S0139-MIX","MIX","MIX-1","Temperature","25.3856","C","2026-09-03T19:10:00Z","2026-09-03T19:10:00Z","2026-09-03T20:00:00Z","SYNTHETIC","25","30","50","60"
"SIM-S0139-P1","SIM-S0139","SIM-S0139-MIX","MIX","MIX-1","Temperature","25.2535","C","2026-09-03T19:18:00Z","2026-09-03T19:10:00Z","2026-09-03T20:00:00Z","SYNTHETIC","25","30","50","60"
"SIM-S0139-P2","SIM-S0139","SIM-S0139-MIX","MIX","MIX-1","Temperature","25.4514","C","2026-09-03T19:26:00Z","2026-09-03T19:10:00Z","2026-09-03T20:00:00Z","SYNTHETIC","25","30","50","60"
"SIM-S0139-P3","SIM-S0139","SIM-S0139-MIX","MIX","MIX-1","Temperature","25.2496","C","2026-09-03T19:34:00Z","2026-09-03T19:10:00Z","2026-09-03T20:00:00Z","SYNTHETIC","25","30","50","60"
"SIM-S0139-P4","SIM-S0139","SIM-S0139-MIX","MIX","MIX-1","Temperature","25.4158","C","2026-09-03T19:42:00Z","2026-09-03T19:10:00Z","2026-09-03T20:00:00Z","SYNTHETIC","25","30","50","60"
"SIM-S0139-P5","SIM-S0139","SIM-S0139-MIX","MIX","MIX-1","Temperature","25.3228","C","2026-09-03T19:50:00Z","2026-09-03T19:10:00Z","2026-09-03T20:00:00Z","SYNTHETIC","25","30","50","60"
"SIM-S0139-P6","SIM-S0139","SIM-S0139-MIX","MIX","MIX-1","Agitator_Speed","299.1189","rpm","2026-09-03T19:15:00Z","2026-09-03T19:10:00Z","2026-09-03T20:00:00Z","SYNTHETIC","300","330","50","60"
"SIM-S0139-P7","SIM-S0139","SIM-S0139-MIX","MIX","MIX-1","Agitator_Speed","298.8907","rpm","2026-09-03T19:35:00Z","2026-09-03T19:10:00Z","2026-09-03T20:00:00Z","SYNTHETIC","300","330","50","60"
"SIM-S0139-P8","SIM-S0139","SIM-S0139-MIX","MIX","MIX-1","Agitator_Speed","299.2883","rpm","2026-09-03T19:55:00Z","2026-09-03T19:10:00Z","2026-09-03T20:00:00Z","SYNTHETIC","300","330","50","60"
"SIM-S0139-P9","SIM-S0139","SIM-S0139-FILTER","FILTER","MIX-1","Filter_DP","54.895","kPa","2026-09-03T20:00:00Z","2026-09-03T20:00:00Z","2026-09-03T20:15:00Z","SYNTHETIC","40","80","15","20"
"SIM-S0139-P10","SIM-S0139","SIM-S0139-FILTER","FILTER","MIX-1","Filter_DP","55.1819","kPa","2026-09-03T20:06:00Z","2026-09-03T20:00:00Z","2026-09-03T20:15:00Z","SYNTHETIC","40","80","15","20"
"SIM-S0139-P11","SIM-S0139","SIM-S0139-FILTER","FILTER","MIX-1","Filter_DP","56.8084","kPa","2026-09-03T20:12:00Z","2026-09-03T20:00:00Z","2026-09-03T20:15:00Z","SYNTHETIC","40","80","15","20"
"SIM-S0140-P0","SIM-S0140","SIM-S0140-MIX","MIX","MIX-2","Temperature","25.2017","C","2026-09-03T19:10:00Z","2026-09-03T19:10:00Z","2026-09-03T20:00:00Z","SYNTHETIC","25","30","50","60"
"SIM-S0140-P1","SIM-S0140","SIM-S0140-MIX","MIX","MIX-2","Temperature","25.1417","C","2026-09-03T19:18:00Z","2026-09-03T19:10:00Z","2026-09-03T20:00:00Z","SYNTHETIC","25","30","50","60"
"SIM-S0140-P2","SIM-S0140","SIM-S0140-MIX","MIX","MIX-2","Temperature","25.0212","C","2026-09-03T19:26:00Z","2026-09-03T19:10:00Z","2026-09-03T20:00:00Z","SYNTHETIC","25","30","50","60"
"SIM-S0140-P3","SIM-S0140","SIM-S0140-MIX","MIX","MIX-2","Temperature","25.1076","C","2026-09-03T19:34:00Z","2026-09-03T19:10:00Z","2026-09-03T20:00:00Z","SYNTHETIC","25","30","50","60"
"SIM-S0140-P4","SIM-S0140","SIM-S0140-MIX","MIX","MIX-2","Temperature","25.0315","C","2026-09-03T19:42:00Z","2026-09-03T19:10:00Z","2026-09-03T20:00:00Z","SYNTHETIC","25","30","50","60"
"SIM-S0140-P5","SIM-S0140","SIM-S0140-MIX","MIX","MIX-2","Temperature","25.1138","C","2026-09-03T19:50:00Z","2026-09-03T19:10:00Z","2026-09-03T20:00:00Z","SYNTHETIC","25","30","50","60"
"SIM-S0140-P6","SIM-S0140","SIM-S0140-MIX","MIX","MIX-2","Agitator_Speed","300.9674","rpm","2026-09-03T19:15:00Z","2026-09-03T19:10:00Z","2026-09-03T20:00:00Z","SYNTHETIC","300","330","50","60"
"SIM-S0140-P7","SIM-S0140","SIM-S0140-MIX","MIX","MIX-2","Agitator_Speed","298.2392","rpm","2026-09-03T19:35:00Z","2026-09-03T19:10:00Z","2026-09-03T20:00:00Z","SYNTHETIC","300","330","50","60"
"SIM-S0140-P8","SIM-S0140","SIM-S0140-MIX","MIX","MIX-2","Agitator_Speed","300.2238","rpm","2026-09-03T19:55:00Z","2026-09-03T19:10:00Z","2026-09-03T20:00:00Z","SYNTHETIC","300","330","50","60"
"SIM-S0140-P9","SIM-S0140","SIM-S0140-FILTER","FILTER","MIX-2","Filter_DP","55.1038","kPa","2026-09-03T20:00:00Z","2026-09-03T20:00:00Z","2026-09-03T20:15:00Z","SYNTHETIC","40","80","15","20"
"SIM-S0140-P10","SIM-S0140","SIM-S0140-FILTER","FILTER","MIX-2","Filter_DP","56.25","kPa","2026-09-03T20:06:00Z","2026-09-03T20:00:00Z","2026-09-03T20:15:00Z","SYNTHETIC","40","80","15","20"
"SIM-S0140-P11","SIM-S0140","SIM-S0140-FILTER","FILTER","MIX-2","Filter_DP","57.5229","kPa","2026-09-03T20:12:00Z","2026-09-03T20:00:00Z","2026-09-03T20:15:00Z","SYNTHETIC","40","80","15","20"
"SIM-S0141-P0","SIM-S0141","SIM-S0141-MIX","MIX","MIX-3","Temperature","25.2214","C","2026-09-03T19:10:00Z","2026-09-03T19:10:00Z","2026-09-03T20:00:00Z","SYNTHETIC","25","30","50","60"
"SIM-S0141-P1","SIM-S0141","SIM-S0141-MIX","MIX","MIX-3","Temperature","25.0805","C","2026-09-03T19:18:00Z","2026-09-03T19:10:00Z","2026-09-03T20:00:00Z","SYNTHETIC","25","30","50","60"
"SIM-S0141-P2","SIM-S0141","SIM-S0141-MIX","MIX","MIX-3","Temperature","25.0642","C","2026-09-03T19:26:00Z","2026-09-03T19:10:00Z","2026-09-03T20:00:00Z","SYNTHETIC","25","30","50","60"
"SIM-S0141-P3","SIM-S0141","SIM-S0141-MIX","MIX","MIX-3","Temperature","25.0371","C","2026-09-03T19:34:00Z","2026-09-03T19:10:00Z","2026-09-03T20:00:00Z","SYNTHETIC","25","30","50","60"
"SIM-S0141-P4","SIM-S0141","SIM-S0141-MIX","MIX","MIX-3","Temperature","25.0513","C","2026-09-03T19:42:00Z","2026-09-03T19:10:00Z","2026-09-03T20:00:00Z","SYNTHETIC","25","30","50","60"
"SIM-S0141-P5","SIM-S0141","SIM-S0141-MIX","MIX","MIX-3","Temperature","25.3138","C","2026-09-03T19:50:00Z","2026-09-03T19:10:00Z","2026-09-03T20:00:00Z","SYNTHETIC","25","30","50","60"
"SIM-S0141-P6","SIM-S0141","SIM-S0141-MIX","MIX","MIX-3","Agitator_Speed","301.3875","rpm","2026-09-03T19:15:00Z","2026-09-03T19:10:00Z","2026-09-03T20:00:00Z","SYNTHETIC","300","330","50","60"
"SIM-S0141-P7","SIM-S0141","SIM-S0141-MIX","MIX","MIX-3","Agitator_Speed","299.6888","rpm","2026-09-03T19:35:00Z","2026-09-03T19:10:00Z","2026-09-03T20:00:00Z","SYNTHETIC","300","330","50","60"
"SIM-S0141-P8","SIM-S0141","SIM-S0141-MIX","MIX","MIX-3","Agitator_Speed","299.8337","rpm","2026-09-03T19:55:00Z","2026-09-03T19:10:00Z","2026-09-03T20:00:00Z","SYNTHETIC","300","330","50","60"
"SIM-S0141-P9","SIM-S0141","SIM-S0141-FILTER","FILTER","MIX-3","Filter_DP","52.5903","kPa","2026-09-03T20:00:00Z","2026-09-03T20:00:00Z","2026-09-03T20:15:00Z","SYNTHETIC","40","80","15","20"
"SIM-S0141-P10","SIM-S0141","SIM-S0141-FILTER","FILTER","MIX-3","Filter_DP","54.3944","kPa","2026-09-03T20:06:00Z","2026-09-03T20:00:00Z","2026-09-03T20:15:00Z","SYNTHETIC","40","80","15","20"
"SIM-S0141-P11","SIM-S0141","SIM-S0141-FILTER","FILTER","MIX-3","Filter_DP","54.29","kPa","2026-09-03T20:12:00Z","2026-09-03T20:00:00Z","2026-09-03T20:15:00Z","SYNTHETIC","40","80","15","20"
"SIM-S0142-P0","SIM-S0142","SIM-S0142-MIX","MIX","MIX-1","Temperature","25.7374","C","2026-09-03T20:40:00Z","2026-09-03T20:40:00Z","2026-09-03T21:30:00Z","SYNTHETIC","25","30","50","60"
"SIM-S0142-P1","SIM-S0142","SIM-S0142-MIX","MIX","MIX-1","Temperature","25.7524","C","2026-09-03T20:48:00Z","2026-09-03T20:40:00Z","2026-09-03T21:30:00Z","SYNTHETIC","25","30","50","60"
"SIM-S0142-P2","SIM-S0142","SIM-S0142-MIX","MIX","MIX-1","Temperature","25.8211","C","2026-09-03T20:56:00Z","2026-09-03T20:40:00Z","2026-09-03T21:30:00Z","SYNTHETIC","25","30","50","60"
"SIM-S0142-P3","SIM-S0142","SIM-S0142-MIX","MIX","MIX-1","Temperature","25.7842","C","2026-09-03T21:04:00Z","2026-09-03T20:40:00Z","2026-09-03T21:30:00Z","SYNTHETIC","25","30","50","60"
"SIM-S0142-P4","SIM-S0142","SIM-S0142-MIX","MIX","MIX-1","Temperature","25.8668","C","2026-09-03T21:12:00Z","2026-09-03T20:40:00Z","2026-09-03T21:30:00Z","SYNTHETIC","25","30","50","60"
"SIM-S0142-P5","SIM-S0142","SIM-S0142-MIX","MIX","MIX-1","Temperature","25.7179","C","2026-09-03T21:20:00Z","2026-09-03T20:40:00Z","2026-09-03T21:30:00Z","SYNTHETIC","25","30","50","60"
"SIM-S0142-P6","SIM-S0142","SIM-S0142-MIX","MIX","MIX-1","Agitator_Speed","302.6124","rpm","2026-09-03T20:45:00Z","2026-09-03T20:40:00Z","2026-09-03T21:30:00Z","SYNTHETIC","300","330","50","60"
"SIM-S0142-P7","SIM-S0142","SIM-S0142-MIX","MIX","MIX-1","Agitator_Speed","305.3736","rpm","2026-09-03T21:05:00Z","2026-09-03T20:40:00Z","2026-09-03T21:30:00Z","SYNTHETIC","300","330","50","60"
"SIM-S0142-P8","SIM-S0142","SIM-S0142-MIX","MIX","MIX-1","Agitator_Speed","305.9876","rpm","2026-09-03T21:25:00Z","2026-09-03T20:40:00Z","2026-09-03T21:30:00Z","SYNTHETIC","300","330","50","60"
"SIM-S0142-P9","SIM-S0142","SIM-S0142-FILTER","FILTER","MIX-1","Filter_DP","57.5404","kPa","2026-09-03T21:30:00Z","2026-09-03T21:30:00Z","2026-09-03T21:45:00Z","SYNTHETIC","40","80","15","20"
"SIM-S0142-P10","SIM-S0142","SIM-S0142-FILTER","FILTER","MIX-1","Filter_DP","58.3736","kPa","2026-09-03T21:36:00Z","2026-09-03T21:30:00Z","2026-09-03T21:45:00Z","SYNTHETIC","40","80","15","20"
"SIM-S0142-P11","SIM-S0142","SIM-S0142-FILTER","FILTER","MIX-1","Filter_DP","59.1495","kPa","2026-09-03T21:42:00Z","2026-09-03T21:30:00Z","2026-09-03T21:45:00Z","SYNTHETIC","40","80","15","20"
"SIM-S0143-P0","SIM-S0143","SIM-S0143-MIX","MIX","MIX-2","Temperature","24.577","C","2026-09-03T20:40:00Z","2026-09-03T20:40:00Z","2026-09-03T21:30:00Z","SYNTHETIC","25","30","50","60"
"SIM-S0143-P1","SIM-S0143","SIM-S0143-MIX","MIX","MIX-2","Temperature","24.6317","C","2026-09-03T20:48:00Z","2026-09-03T20:40:00Z","2026-09-03T21:30:00Z","SYNTHETIC","25","30","50","60"
"SIM-S0143-P2","SIM-S0143","SIM-S0143-MIX","MIX","MIX-2","Temperature","25.16","C","2026-09-03T20:56:00Z","2026-09-03T20:40:00Z","2026-09-03T21:30:00Z","SYNTHETIC","25","30","50","60"
"SIM-S0143-P3","SIM-S0143","SIM-S0143-MIX","MIX","MIX-2","Temperature","24.6827","C","2026-09-03T21:04:00Z","2026-09-03T20:40:00Z","2026-09-03T21:30:00Z","SYNTHETIC","25","30","50","60"
"SIM-S0143-P4","SIM-S0143","SIM-S0143-MIX","MIX","MIX-2","Temperature","24.9094","C","2026-09-03T21:12:00Z","2026-09-03T20:40:00Z","2026-09-03T21:30:00Z","SYNTHETIC","25","30","50","60"
"SIM-S0143-P5","SIM-S0143","SIM-S0143-MIX","MIX","MIX-2","Temperature","24.9282","C","2026-09-03T21:20:00Z","2026-09-03T20:40:00Z","2026-09-03T21:30:00Z","SYNTHETIC","25","30","50","60"
"SIM-S0143-P6","SIM-S0143","SIM-S0143-MIX","MIX","MIX-2","Agitator_Speed","304.3823","rpm","2026-09-03T20:45:00Z","2026-09-03T20:40:00Z","2026-09-03T21:30:00Z","SYNTHETIC","300","330","50","60"
"SIM-S0143-P7","SIM-S0143","SIM-S0143-MIX","MIX","MIX-2","Agitator_Speed","302.7838","rpm","2026-09-03T21:05:00Z","2026-09-03T20:40:00Z","2026-09-03T21:30:00Z","SYNTHETIC","300","330","50","60"
"SIM-S0143-P8","SIM-S0143","SIM-S0143-MIX","MIX","MIX-2","Agitator_Speed","303.8332","rpm","2026-09-03T21:25:00Z","2026-09-03T20:40:00Z","2026-09-03T21:30:00Z","SYNTHETIC","300","330","50","60"
"SIM-S0143-P9","SIM-S0143","SIM-S0143-FILTER","FILTER","MIX-2","Filter_DP","56.6109","kPa","2026-09-03T21:30:00Z","2026-09-03T21:30:00Z","2026-09-03T21:45:00Z","SYNTHETIC","40","80","15","20"
"SIM-S0143-P10","SIM-S0143","SIM-S0143-FILTER","FILTER","MIX-2","Filter_DP","56.51","kPa","2026-09-03T21:36:00Z","2026-09-03T21:30:00Z","2026-09-03T21:45:00Z","SYNTHETIC","40","80","15","20"
"SIM-S0143-P11","SIM-S0143","SIM-S0143-FILTER","FILTER","MIX-2","Filter_DP","58.0591","kPa","2026-09-03T21:42:00Z","2026-09-03T21:30:00Z","2026-09-03T21:45:00Z","SYNTHETIC","40","80","15","20"
"SIM-S0144-P0","SIM-S0144","SIM-S0144-MIX","MIX","MIX-3","Temperature","25.6782","C","2026-09-03T20:40:00Z","2026-09-03T20:40:00Z","2026-09-03T21:30:00Z","SYNTHETIC","25","30","50","60"
"SIM-S0144-P1","SIM-S0144","SIM-S0144-MIX","MIX","MIX-3","Temperature","25.3595","C","2026-09-03T20:48:00Z","2026-09-03T20:40:00Z","2026-09-03T21:30:00Z","SYNTHETIC","25","30","50","60"
"SIM-S0144-P2","SIM-S0144","SIM-S0144-MIX","MIX","MIX-3","Temperature","25.1305","C","2026-09-03T20:56:00Z","2026-09-03T20:40:00Z","2026-09-03T21:30:00Z","SYNTHETIC","25","30","50","60"
"SIM-S0144-P3","SIM-S0144","SIM-S0144-MIX","MIX","MIX-3","Temperature","25.38","C","2026-09-03T21:04:00Z","2026-09-03T20:40:00Z","2026-09-03T21:30:00Z","SYNTHETIC","25","30","50","60"
"SIM-S0144-P4","SIM-S0144","SIM-S0144-MIX","MIX","MIX-3","Temperature","25.3724","C","2026-09-03T21:12:00Z","2026-09-03T20:40:00Z","2026-09-03T21:30:00Z","SYNTHETIC","25","30","50","60"
"SIM-S0144-P5","SIM-S0144","SIM-S0144-MIX","MIX","MIX-3","Temperature","25.6385","C","2026-09-03T21:20:00Z","2026-09-03T20:40:00Z","2026-09-03T21:30:00Z","SYNTHETIC","25","30","50","60"
"SIM-S0144-P6","SIM-S0144","SIM-S0144-MIX","MIX","MIX-3","Agitator_Speed","299.5957","rpm","2026-09-03T20:45:00Z","2026-09-03T20:40:00Z","2026-09-03T21:30:00Z","SYNTHETIC","300","330","50","60"
"SIM-S0144-P7","SIM-S0144","SIM-S0144-MIX","MIX","MIX-3","Agitator_Speed","299.4798","rpm","2026-09-03T21:05:00Z","2026-09-03T20:40:00Z","2026-09-03T21:30:00Z","SYNTHETIC","300","330","50","60"
"SIM-S0144-P8","SIM-S0144","SIM-S0144-MIX","MIX","MIX-3","Agitator_Speed","297.7135","rpm","2026-09-03T21:25:00Z","2026-09-03T20:40:00Z","2026-09-03T21:30:00Z","SYNTHETIC","300","330","50","60"
"SIM-S0144-P9","SIM-S0144","SIM-S0144-FILTER","FILTER","MIX-3","Filter_DP","56.4821","kPa","2026-09-03T21:30:00Z","2026-09-03T21:30:00Z","2026-09-03T21:45:00Z","SYNTHETIC","40","80","15","20"
"SIM-S0144-P10","SIM-S0144","SIM-S0144-FILTER","FILTER","MIX-3","Filter_DP","57.5953","kPa","2026-09-03T21:36:00Z","2026-09-03T21:30:00Z","2026-09-03T21:45:00Z","SYNTHETIC","40","80","15","20"
"SIM-S0144-P11","SIM-S0144","SIM-S0144-FILTER","FILTER","MIX-3","Filter_DP","57.8684","kPa","2026-09-03T21:42:00Z","2026-09-03T21:30:00Z","2026-09-03T21:45:00Z","SYNTHETIC","40","80","15","20"
"SIM-S0145-P0","SIM-S0145","SIM-S0145-MIX","MIX","MIX-1","Temperature","25.019","C","2026-09-03T22:10:00Z","2026-09-03T22:10:00Z","2026-09-03T23:00:00Z","SYNTHETIC","25","30","50","60"
"SIM-S0145-P1","SIM-S0145","SIM-S0145-MIX","MIX","MIX-1","Temperature","25.0257","C","2026-09-03T22:18:00Z","2026-09-03T22:10:00Z","2026-09-03T23:00:00Z","SYNTHETIC","25","30","50","60"
"SIM-S0145-P2","SIM-S0145","SIM-S0145-MIX","MIX","MIX-1","Temperature","25.0226","C","2026-09-03T22:26:00Z","2026-09-03T22:10:00Z","2026-09-03T23:00:00Z","SYNTHETIC","25","30","50","60"
"SIM-S0145-P3","SIM-S0145","SIM-S0145-MIX","MIX","MIX-1","Temperature","24.8461","C","2026-09-03T22:34:00Z","2026-09-03T22:10:00Z","2026-09-03T23:00:00Z","SYNTHETIC","25","30","50","60"
"SIM-S0145-P4","SIM-S0145","SIM-S0145-MIX","MIX","MIX-1","Temperature","25.1928","C","2026-09-03T22:42:00Z","2026-09-03T22:10:00Z","2026-09-03T23:00:00Z","SYNTHETIC","25","30","50","60"
"SIM-S0145-P5","SIM-S0145","SIM-S0145-MIX","MIX","MIX-1","Temperature","25.3948","C","2026-09-03T22:50:00Z","2026-09-03T22:10:00Z","2026-09-03T23:00:00Z","SYNTHETIC","25","30","50","60"
"SIM-S0145-P6","SIM-S0145","SIM-S0145-MIX","MIX","MIX-1","Agitator_Speed","299.2461","rpm","2026-09-03T22:15:00Z","2026-09-03T22:10:00Z","2026-09-03T23:00:00Z","SYNTHETIC","300","330","50","60"
"SIM-S0145-P7","SIM-S0145","SIM-S0145-MIX","MIX","MIX-1","Agitator_Speed","301.0292","rpm","2026-09-03T22:35:00Z","2026-09-03T22:10:00Z","2026-09-03T23:00:00Z","SYNTHETIC","300","330","50","60"
"SIM-S0145-P8","SIM-S0145","SIM-S0145-MIX","MIX","MIX-1","Agitator_Speed","298.4168","rpm","2026-09-03T22:55:00Z","2026-09-03T22:10:00Z","2026-09-03T23:00:00Z","SYNTHETIC","300","330","50","60"
"SIM-S0145-P9","SIM-S0145","SIM-S0145-FILTER","FILTER","MIX-1","Filter_DP","35.8442","kPa","2026-09-03T23:00:00Z","2026-09-03T23:00:00Z","2026-09-03T23:15:00Z","SYNTHETIC","40","80","15","20"
"SIM-S0145-P10","SIM-S0145","SIM-S0145-FILTER","FILTER","MIX-1","Filter_DP","36.4338","kPa","2026-09-03T23:06:00Z","2026-09-03T23:00:00Z","2026-09-03T23:15:00Z","SYNTHETIC","40","80","15","20"
"SIM-S0145-P11","SIM-S0145","SIM-S0145-FILTER","FILTER","MIX-1","Filter_DP","37.0768","kPa","2026-09-03T23:12:00Z","2026-09-03T23:00:00Z","2026-09-03T23:15:00Z","SYNTHETIC","40","80","15","20"
"SIM-S0146-P0","SIM-S0146","SIM-S0146-MIX","MIX","MIX-2","Temperature","24.9278","C","2026-09-03T22:10:00Z","2026-09-03T22:10:00Z","2026-09-03T23:00:00Z","SYNTHETIC","25","30","50","60"
"SIM-S0146-P1","SIM-S0146","SIM-S0146-MIX","MIX","MIX-2","Temperature","24.9666","C","2026-09-03T22:18:00Z","2026-09-03T22:10:00Z","2026-09-03T23:00:00Z","SYNTHETIC","25","30","50","60"
"SIM-S0146-P2","SIM-S0146","SIM-S0146-MIX","MIX","MIX-2","Temperature","25.0822","C","2026-09-03T22:26:00Z","2026-09-03T22:10:00Z","2026-09-03T23:00:00Z","SYNTHETIC","25","30","50","60"
"SIM-S0146-P3","SIM-S0146","SIM-S0146-MIX","MIX","MIX-2","Temperature","24.9713","C","2026-09-03T22:34:00Z","2026-09-03T22:10:00Z","2026-09-03T23:00:00Z","SYNTHETIC","25","30","50","60"
"SIM-S0146-P4","SIM-S0146","SIM-S0146-MIX","MIX","MIX-2","Temperature","25.0817","C","2026-09-03T22:42:00Z","2026-09-03T22:10:00Z","2026-09-03T23:00:00Z","SYNTHETIC","25","30","50","60"
"SIM-S0146-P5","SIM-S0146","SIM-S0146-MIX","MIX","MIX-2","Temperature","25.0458","C","2026-09-03T22:50:00Z","2026-09-03T22:10:00Z","2026-09-03T23:00:00Z","SYNTHETIC","25","30","50","60"
"SIM-S0146-P6","SIM-S0146","SIM-S0146-MIX","MIX","MIX-2","Agitator_Speed","299.8763","rpm","2026-09-03T22:15:00Z","2026-09-03T22:10:00Z","2026-09-03T23:00:00Z","SYNTHETIC","300","330","50","60"
"SIM-S0146-P7","SIM-S0146","SIM-S0146-MIX","MIX","MIX-2","Agitator_Speed","296.8736","rpm","2026-09-03T22:35:00Z","2026-09-03T22:10:00Z","2026-09-03T23:00:00Z","SYNTHETIC","300","330","50","60"
"SIM-S0146-P8","SIM-S0146","SIM-S0146-MIX","MIX","MIX-2","Agitator_Speed","297.8391","rpm","2026-09-03T22:55:00Z","2026-09-03T22:10:00Z","2026-09-03T23:00:00Z","SYNTHETIC","300","330","50","60"
"SIM-S0146-P9","SIM-S0146","SIM-S0146-FILTER","FILTER","MIX-2","Filter_DP","37.1698","kPa","2026-09-03T23:00:00Z","2026-09-03T23:00:00Z","2026-09-03T23:15:00Z","SYNTHETIC","40","80","15","20"
"SIM-S0146-P10","SIM-S0146","SIM-S0146-FILTER","FILTER","MIX-2","Filter_DP","38.34","kPa","2026-09-03T23:06:00Z","2026-09-03T23:00:00Z","2026-09-03T23:15:00Z","SYNTHETIC","40","80","15","20"
"SIM-S0146-P11","SIM-S0146","SIM-S0146-FILTER","FILTER","MIX-2","Filter_DP","38.8197","kPa","2026-09-03T23:12:00Z","2026-09-03T23:00:00Z","2026-09-03T23:15:00Z","SYNTHETIC","40","80","15","20"
"SIM-S0147-P0","SIM-S0147","SIM-S0147-MIX","MIX","MIX-3","Temperature","25.5259","C","2026-09-03T22:10:00Z","2026-09-03T22:10:00Z","2026-09-03T23:00:00Z","SYNTHETIC","25","30","50","60"
"SIM-S0147-P1","SIM-S0147","SIM-S0147-MIX","MIX","MIX-3","Temperature","25.7392","C","2026-09-03T22:18:00Z","2026-09-03T22:10:00Z","2026-09-03T23:00:00Z","SYNTHETIC","25","30","50","60"
"SIM-S0147-P2","SIM-S0147","SIM-S0147-MIX","MIX","MIX-3","Temperature","25.4598","C","2026-09-03T22:26:00Z","2026-09-03T22:10:00Z","2026-09-03T23:00:00Z","SYNTHETIC","25","30","50","60"
"SIM-S0147-P3","SIM-S0147","SIM-S0147-MIX","MIX","MIX-3","Temperature","25.6174","C","2026-09-03T22:34:00Z","2026-09-03T22:10:00Z","2026-09-03T23:00:00Z","SYNTHETIC","25","30","50","60"
"SIM-S0147-P4","SIM-S0147","SIM-S0147-MIX","MIX","MIX-3","Temperature","25.6979","C","2026-09-03T22:42:00Z","2026-09-03T22:10:00Z","2026-09-03T23:00:00Z","SYNTHETIC","25","30","50","60"
"SIM-S0147-P5","SIM-S0147","SIM-S0147-MIX","MIX","MIX-3","Temperature","25.4717","C","2026-09-03T22:50:00Z","2026-09-03T22:10:00Z","2026-09-03T23:00:00Z","SYNTHETIC","25","30","50","60"
"SIM-S0147-P6","SIM-S0147","SIM-S0147-MIX","MIX","MIX-3","Agitator_Speed","297.6874","rpm","2026-09-03T22:15:00Z","2026-09-03T22:10:00Z","2026-09-03T23:00:00Z","SYNTHETIC","300","330","50","60"
"SIM-S0147-P7","SIM-S0147","SIM-S0147-MIX","MIX","MIX-3","Agitator_Speed","296.457","rpm","2026-09-03T22:35:00Z","2026-09-03T22:10:00Z","2026-09-03T23:00:00Z","SYNTHETIC","300","330","50","60"
"SIM-S0147-P8","SIM-S0147","SIM-S0147-MIX","MIX","MIX-3","Agitator_Speed","298.4296","rpm","2026-09-03T22:55:00Z","2026-09-03T22:10:00Z","2026-09-03T23:00:00Z","SYNTHETIC","300","330","50","60"
"SIM-S0147-P9","SIM-S0147","SIM-S0147-FILTER","FILTER","MIX-3","Filter_DP","35.733","kPa","2026-09-03T23:00:00Z","2026-09-03T23:00:00Z","2026-09-03T23:15:00Z","SYNTHETIC","40","80","15","20"
"SIM-S0147-P10","SIM-S0147","SIM-S0147-FILTER","FILTER","MIX-3","Filter_DP","36.0635","kPa","2026-09-03T23:06:00Z","2026-09-03T23:00:00Z","2026-09-03T23:15:00Z","SYNTHETIC","40","80","15","20"
"SIM-S0147-P11","SIM-S0147","SIM-S0147-FILTER","FILTER","MIX-3","Filter_DP","36.8327","kPa","2026-09-03T23:12:00Z","2026-09-03T23:00:00Z","2026-09-03T23:15:00Z","SYNTHETIC","40","80","15","20"
"SIM-S0148-P0","SIM-S0148","SIM-S0148-MIX","MIX","MIX-1","Temperature","25.192","C","2026-09-03T23:40:00Z","2026-09-03T23:40:00Z","2026-09-04T00:30:00Z","SYNTHETIC","25","30","50","60"
"SIM-S0148-P1","SIM-S0148","SIM-S0148-MIX","MIX","MIX-1","Temperature","24.9965","C","2026-09-03T23:48:00Z","2026-09-03T23:40:00Z","2026-09-04T00:30:00Z","SYNTHETIC","25","30","50","60"
"SIM-S0148-P2","SIM-S0148","SIM-S0148-MIX","MIX","MIX-1","Temperature","25.1256","C","2026-09-03T23:56:00Z","2026-09-03T23:40:00Z","2026-09-04T00:30:00Z","SYNTHETIC","25","30","50","60"
"SIM-S0148-P3","SIM-S0148","SIM-S0148-MIX","MIX","MIX-1","Temperature","25.2008","C","2026-09-04T00:04:00Z","2026-09-03T23:40:00Z","2026-09-04T00:30:00Z","SYNTHETIC","25","30","50","60"
"SIM-S0148-P4","SIM-S0148","SIM-S0148-MIX","MIX","MIX-1","Temperature","25.3284","C","2026-09-04T00:12:00Z","2026-09-03T23:40:00Z","2026-09-04T00:30:00Z","SYNTHETIC","25","30","50","60"
"SIM-S0148-P5","SIM-S0148","SIM-S0148-MIX","MIX","MIX-1","Temperature","25.2206","C","2026-09-04T00:20:00Z","2026-09-03T23:40:00Z","2026-09-04T00:30:00Z","SYNTHETIC","25","30","50","60"
"SIM-S0148-P6","SIM-S0148","SIM-S0148-MIX","MIX","MIX-1","Agitator_Speed","298.3562","rpm","2026-09-03T23:45:00Z","2026-09-03T23:40:00Z","2026-09-04T00:30:00Z","SYNTHETIC","300","330","50","60"
"SIM-S0148-P7","SIM-S0148","SIM-S0148-MIX","MIX","MIX-1","Agitator_Speed","299.2563","rpm","2026-09-04T00:05:00Z","2026-09-03T23:40:00Z","2026-09-04T00:30:00Z","SYNTHETIC","300","330","50","60"
"SIM-S0148-P8","SIM-S0148","SIM-S0148-MIX","MIX","MIX-1","Agitator_Speed","302.2916","rpm","2026-09-04T00:25:00Z","2026-09-03T23:40:00Z","2026-09-04T00:30:00Z","SYNTHETIC","300","330","50","60"
"SIM-S0148-P9","SIM-S0148","SIM-S0148-FILTER","FILTER","MIX-1","Filter_DP","36.8724","kPa","2026-09-04T00:30:00Z","2026-09-04T00:30:00Z","2026-09-04T00:45:00Z","SYNTHETIC","40","80","15","20"
"SIM-S0148-P10","SIM-S0148","SIM-S0148-FILTER","FILTER","MIX-1","Filter_DP","38.7606","kPa","2026-09-04T00:36:00Z","2026-09-04T00:30:00Z","2026-09-04T00:45:00Z","SYNTHETIC","40","80","15","20"
"SIM-S0148-P11","SIM-S0148","SIM-S0148-FILTER","FILTER","MIX-1","Filter_DP","39.0671","kPa","2026-09-04T00:42:00Z","2026-09-04T00:30:00Z","2026-09-04T00:45:00Z","SYNTHETIC","40","80","15","20"
"SIM-S0149-P0","SIM-S0149","SIM-S0149-MIX","MIX","MIX-2","Temperature","24.9546","C","2026-09-03T23:40:00Z","2026-09-03T23:40:00Z","2026-09-04T00:30:00Z","SYNTHETIC","25","30","50","60"
"SIM-S0149-P1","SIM-S0149","SIM-S0149-MIX","MIX","MIX-2","Temperature","25.0561","C","2026-09-03T23:48:00Z","2026-09-03T23:40:00Z","2026-09-04T00:30:00Z","SYNTHETIC","25","30","50","60"
"SIM-S0149-P2","SIM-S0149","SIM-S0149-MIX","MIX","MIX-2","Temperature","25.3484","C","2026-09-03T23:56:00Z","2026-09-03T23:40:00Z","2026-09-04T00:30:00Z","SYNTHETIC","25","30","50","60"
"SIM-S0149-P3","SIM-S0149","SIM-S0149-MIX","MIX","MIX-2","Temperature","25.0268","C","2026-09-04T00:04:00Z","2026-09-03T23:40:00Z","2026-09-04T00:30:00Z","SYNTHETIC","25","30","50","60"
"SIM-S0149-P4","SIM-S0149","SIM-S0149-MIX","MIX","MIX-2","Temperature","25.2277","C","2026-09-04T00:12:00Z","2026-09-03T23:40:00Z","2026-09-04T00:30:00Z","SYNTHETIC","25","30","50","60"
"SIM-S0149-P5","SIM-S0149","SIM-S0149-MIX","MIX","MIX-2","Temperature","25.1369","C","2026-09-04T00:20:00Z","2026-09-03T23:40:00Z","2026-09-04T00:30:00Z","SYNTHETIC","25","30","50","60"
"SIM-S0149-P6","SIM-S0149","SIM-S0149-MIX","MIX","MIX-2","Agitator_Speed","295.9218","rpm","2026-09-03T23:45:00Z","2026-09-03T23:40:00Z","2026-09-04T00:30:00Z","SYNTHETIC","300","330","50","60"
"SIM-S0149-P7","SIM-S0149","SIM-S0149-MIX","MIX","MIX-2","Agitator_Speed","298.4704","rpm","2026-09-04T00:05:00Z","2026-09-03T23:40:00Z","2026-09-04T00:30:00Z","SYNTHETIC","300","330","50","60"
"SIM-S0149-P8","SIM-S0149","SIM-S0149-MIX","MIX","MIX-2","Agitator_Speed","294.892","rpm","2026-09-04T00:25:00Z","2026-09-03T23:40:00Z","2026-09-04T00:30:00Z","SYNTHETIC","300","330","50","60"
"SIM-S0149-P9","SIM-S0149","SIM-S0149-FILTER","FILTER","MIX-2","Filter_DP","39.381","kPa","2026-09-04T00:30:00Z","2026-09-04T00:30:00Z","2026-09-04T00:45:00Z","SYNTHETIC","40","80","15","20"
"SIM-S0149-P10","SIM-S0149","SIM-S0149-FILTER","FILTER","MIX-2","Filter_DP","40.1447","kPa","2026-09-04T00:36:00Z","2026-09-04T00:30:00Z","2026-09-04T00:45:00Z","SYNTHETIC","40","80","15","20"
"SIM-S0149-P11","SIM-S0149","SIM-S0149-FILTER","FILTER","MIX-2","Filter_DP","41.4413","kPa","2026-09-04T00:42:00Z","2026-09-04T00:30:00Z","2026-09-04T00:45:00Z","SYNTHETIC","40","80","15","20"
"SIM-S0150-P0","SIM-S0150","SIM-S0150-MIX","MIX","MIX-3","Temperature","25.4965","C","2026-09-03T23:40:00Z","2026-09-03T23:40:00Z","2026-09-04T00:30:00Z","SYNTHETIC","25","30","50","60"
"SIM-S0150-P1","SIM-S0150","SIM-S0150-MIX","MIX","MIX-3","Temperature","25.2567","C","2026-09-03T23:48:00Z","2026-09-03T23:40:00Z","2026-09-04T00:30:00Z","SYNTHETIC","25","30","50","60"
"SIM-S0150-P2","SIM-S0150","SIM-S0150-MIX","MIX","MIX-3","Temperature","25.7241","C","2026-09-03T23:56:00Z","2026-09-03T23:40:00Z","2026-09-04T00:30:00Z","SYNTHETIC","25","30","50","60"
"SIM-S0150-P3","SIM-S0150","SIM-S0150-MIX","MIX","MIX-3","Temperature","25.5135","C","2026-09-04T00:04:00Z","2026-09-03T23:40:00Z","2026-09-04T00:30:00Z","SYNTHETIC","25","30","50","60"
"SIM-S0150-P4","SIM-S0150","SIM-S0150-MIX","MIX","MIX-3","Temperature","25.2339","C","2026-09-04T00:12:00Z","2026-09-03T23:40:00Z","2026-09-04T00:30:00Z","SYNTHETIC","25","30","50","60"
"SIM-S0150-P5","SIM-S0150","SIM-S0150-MIX","MIX","MIX-3","Temperature","25.3401","C","2026-09-04T00:20:00Z","2026-09-03T23:40:00Z","2026-09-04T00:30:00Z","SYNTHETIC","25","30","50","60"
"SIM-S0150-P6","SIM-S0150","SIM-S0150-MIX","MIX","MIX-3","Agitator_Speed","299.6997","rpm","2026-09-03T23:45:00Z","2026-09-03T23:40:00Z","2026-09-04T00:30:00Z","SYNTHETIC","300","330","50","60"
"SIM-S0150-P7","SIM-S0150","SIM-S0150-MIX","MIX","MIX-3","Agitator_Speed","298.7937","rpm","2026-09-04T00:05:00Z","2026-09-03T23:40:00Z","2026-09-04T00:30:00Z","SYNTHETIC","300","330","50","60"
"SIM-S0150-P8","SIM-S0150","SIM-S0150-MIX","MIX","MIX-3","Agitator_Speed","299.1216","rpm","2026-09-04T00:25:00Z","2026-09-03T23:40:00Z","2026-09-04T00:30:00Z","SYNTHETIC","300","330","50","60"
"SIM-S0150-P9","SIM-S0150","SIM-S0150-FILTER","FILTER","MIX-3","Filter_DP","42.8983","kPa","2026-09-04T00:30:00Z","2026-09-04T00:30:00Z","2026-09-04T00:45:00Z","SYNTHETIC","40","80","15","20"
"SIM-S0150-P10","SIM-S0150","SIM-S0150-FILTER","FILTER","MIX-3","Filter_DP","43.1175","kPa","2026-09-04T00:36:00Z","2026-09-04T00:30:00Z","2026-09-04T00:45:00Z","SYNTHETIC","40","80","15","20"
"SIM-S0150-P11","SIM-S0150","SIM-S0150-FILTER","FILTER","MIX-3","Filter_DP","43.8533","kPa","2026-09-04T00:42:00Z","2026-09-04T00:30:00Z","2026-09-04T00:45:00Z","SYNTHETIC","40","80","15","20"
"SIM-S0151-P0","SIM-S0151","SIM-S0151-MIX","MIX","MIX-1","Temperature","25.6003","C","2026-09-04T01:10:00Z","2026-09-04T01:10:00Z","2026-09-04T02:00:00Z","SYNTHETIC","25","30","50","60"
"SIM-S0151-P1","SIM-S0151","SIM-S0151-MIX","MIX","MIX-1","Temperature","25.6708","C","2026-09-04T01:18:00Z","2026-09-04T01:10:00Z","2026-09-04T02:00:00Z","SYNTHETIC","25","30","50","60"
"SIM-S0151-P2","SIM-S0151","SIM-S0151-MIX","MIX","MIX-1","Temperature","25.4654","C","2026-09-04T01:26:00Z","2026-09-04T01:10:00Z","2026-09-04T02:00:00Z","SYNTHETIC","25","30","50","60"
"SIM-S0151-P3","SIM-S0151","SIM-S0151-MIX","MIX","MIX-1","Temperature","25.6325","C","2026-09-04T01:34:00Z","2026-09-04T01:10:00Z","2026-09-04T02:00:00Z","SYNTHETIC","25","30","50","60"
"SIM-S0151-P4","SIM-S0151","SIM-S0151-MIX","MIX","MIX-1","Temperature","25.5508","C","2026-09-04T01:42:00Z","2026-09-04T01:10:00Z","2026-09-04T02:00:00Z","SYNTHETIC","25","30","50","60"
"SIM-S0151-P5","SIM-S0151","SIM-S0151-MIX","MIX","MIX-1","Temperature","25.5595","C","2026-09-04T01:50:00Z","2026-09-04T01:10:00Z","2026-09-04T02:00:00Z","SYNTHETIC","25","30","50","60"
"SIM-S0151-P6","SIM-S0151","SIM-S0151-MIX","MIX","MIX-1","Agitator_Speed","299.7742","rpm","2026-09-04T01:15:00Z","2026-09-04T01:10:00Z","2026-09-04T02:00:00Z","SYNTHETIC","300","330","50","60"
"SIM-S0151-P7","SIM-S0151","SIM-S0151-MIX","MIX","MIX-1","Agitator_Speed","301.7207","rpm","2026-09-04T01:35:00Z","2026-09-04T01:10:00Z","2026-09-04T02:00:00Z","SYNTHETIC","300","330","50","60"
"SIM-S0151-P8","SIM-S0151","SIM-S0151-MIX","MIX","MIX-1","Agitator_Speed","301.4153","rpm","2026-09-04T01:55:00Z","2026-09-04T01:10:00Z","2026-09-04T02:00:00Z","SYNTHETIC","300","330","50","60"
"SIM-S0151-P9","SIM-S0151","SIM-S0151-FILTER","FILTER","MIX-1","Filter_DP","43.4382","kPa","2026-09-04T02:00:00Z","2026-09-04T02:00:00Z","2026-09-04T02:15:00Z","SYNTHETIC","40","80","15","20"
"SIM-S0151-P10","SIM-S0151","SIM-S0151-FILTER","FILTER","MIX-1","Filter_DP","43.8957","kPa","2026-09-04T02:06:00Z","2026-09-04T02:00:00Z","2026-09-04T02:15:00Z","SYNTHETIC","40","80","15","20"
"SIM-S0151-P11","SIM-S0151","SIM-S0151-FILTER","FILTER","MIX-1","Filter_DP","45.15","kPa","2026-09-04T02:12:00Z","2026-09-04T02:00:00Z","2026-09-04T02:15:00Z","SYNTHETIC","40","80","15","20"
"SIM-S0152-P0","SIM-S0152","SIM-S0152-MIX","MIX","MIX-2","Temperature","25.9882","C","2026-09-04T01:10:00Z","2026-09-04T01:10:00Z","2026-09-04T02:00:00Z","SYNTHETIC","25","30","50","60"
"SIM-S0152-P1","SIM-S0152","SIM-S0152-MIX","MIX","MIX-2","Temperature","26.184","C","2026-09-04T01:18:00Z","2026-09-04T01:10:00Z","2026-09-04T02:00:00Z","SYNTHETIC","25","30","50","60"
"SIM-S0152-P2","SIM-S0152","SIM-S0152-MIX","MIX","MIX-2","Temperature","26.1909","C","2026-09-04T01:26:00Z","2026-09-04T01:10:00Z","2026-09-04T02:00:00Z","SYNTHETIC","25","30","50","60"
"SIM-S0152-P3","SIM-S0152","SIM-S0152-MIX","MIX","MIX-2","Temperature","26.205","C","2026-09-04T01:34:00Z","2026-09-04T01:10:00Z","2026-09-04T02:00:00Z","SYNTHETIC","25","30","50","60"
"SIM-S0152-P4","SIM-S0152","SIM-S0152-MIX","MIX","MIX-2","Temperature","25.9543","C","2026-09-04T01:42:00Z","2026-09-04T01:10:00Z","2026-09-04T02:00:00Z","SYNTHETIC","25","30","50","60"
"SIM-S0152-P5","SIM-S0152","SIM-S0152-MIX","MIX","MIX-2","Temperature","25.7744","C","2026-09-04T01:50:00Z","2026-09-04T01:10:00Z","2026-09-04T02:00:00Z","SYNTHETIC","25","30","50","60"
"SIM-S0152-P6","SIM-S0152","SIM-S0152-MIX","MIX","MIX-2","Agitator_Speed","301.2777","rpm","2026-09-04T01:15:00Z","2026-09-04T01:10:00Z","2026-09-04T02:00:00Z","SYNTHETIC","300","330","50","60"
"SIM-S0152-P7","SIM-S0152","SIM-S0152-MIX","MIX","MIX-2","Agitator_Speed","300.7688","rpm","2026-09-04T01:35:00Z","2026-09-04T01:10:00Z","2026-09-04T02:00:00Z","SYNTHETIC","300","330","50","60"
"SIM-S0152-P8","SIM-S0152","SIM-S0152-MIX","MIX","MIX-2","Agitator_Speed","300.8379","rpm","2026-09-04T01:55:00Z","2026-09-04T01:10:00Z","2026-09-04T02:00:00Z","SYNTHETIC","300","330","50","60"
"SIM-S0152-P9","SIM-S0152","SIM-S0152-FILTER","FILTER","MIX-2","Filter_DP","41.7271","kPa","2026-09-04T02:00:00Z","2026-09-04T02:00:00Z","2026-09-04T02:15:00Z","SYNTHETIC","40","80","15","20"
"SIM-S0152-P10","SIM-S0152","SIM-S0152-FILTER","FILTER","MIX-2","Filter_DP","43.1833","kPa","2026-09-04T02:06:00Z","2026-09-04T02:00:00Z","2026-09-04T02:15:00Z","SYNTHETIC","40","80","15","20"
"SIM-S0152-P11","SIM-S0152","SIM-S0152-FILTER","FILTER","MIX-2","Filter_DP","43.5152","kPa","2026-09-04T02:12:00Z","2026-09-04T02:00:00Z","2026-09-04T02:15:00Z","SYNTHETIC","40","80","15","20"
"SIM-S0153-P0","SIM-S0153","SIM-S0153-MIX","MIX","MIX-3","Temperature","25.1483","C","2026-09-04T01:10:00Z","2026-09-04T01:10:00Z","2026-09-04T02:00:00Z","SYNTHETIC","25","30","50","60"
"SIM-S0153-P1","SIM-S0153","SIM-S0153-MIX","MIX","MIX-3","Temperature","25.1153","C","2026-09-04T01:18:00Z","2026-09-04T01:10:00Z","2026-09-04T02:00:00Z","SYNTHETIC","25","30","50","60"
"SIM-S0153-P2","SIM-S0153","SIM-S0153-MIX","MIX","MIX-3","Temperature","25.1246","C","2026-09-04T01:26:00Z","2026-09-04T01:10:00Z","2026-09-04T02:00:00Z","SYNTHETIC","25","30","50","60"
"SIM-S0153-P3","SIM-S0153","SIM-S0153-MIX","MIX","MIX-3","Temperature","24.8539","C","2026-09-04T01:34:00Z","2026-09-04T01:10:00Z","2026-09-04T02:00:00Z","SYNTHETIC","25","30","50","60"
"SIM-S0153-P4","SIM-S0153","SIM-S0153-MIX","MIX","MIX-3","Temperature","25.0676","C","2026-09-04T01:42:00Z","2026-09-04T01:10:00Z","2026-09-04T02:00:00Z","SYNTHETIC","25","30","50","60"
"SIM-S0153-P5","SIM-S0153","SIM-S0153-MIX","MIX","MIX-3","Temperature","24.978","C","2026-09-04T01:50:00Z","2026-09-04T01:10:00Z","2026-09-04T02:00:00Z","SYNTHETIC","25","30","50","60"
"SIM-S0153-P6","SIM-S0153","SIM-S0153-MIX","MIX","MIX-3","Agitator_Speed","298.0716","rpm","2026-09-04T01:15:00Z","2026-09-04T01:10:00Z","2026-09-04T02:00:00Z","SYNTHETIC","300","330","50","60"
"SIM-S0153-P7","SIM-S0153","SIM-S0153-MIX","MIX","MIX-3","Agitator_Speed","297.2388","rpm","2026-09-04T01:35:00Z","2026-09-04T01:10:00Z","2026-09-04T02:00:00Z","SYNTHETIC","300","330","50","60"
"SIM-S0153-P8","SIM-S0153","SIM-S0153-MIX","MIX","MIX-3","Agitator_Speed","297.4257","rpm","2026-09-04T01:55:00Z","2026-09-04T01:10:00Z","2026-09-04T02:00:00Z","SYNTHETIC","300","330","50","60"
"SIM-S0153-P9","SIM-S0153","SIM-S0153-FILTER","FILTER","MIX-3","Filter_DP","44.6463","kPa","2026-09-04T02:00:00Z","2026-09-04T02:00:00Z","2026-09-04T02:15:00Z","SYNTHETIC","40","80","15","20"
"SIM-S0153-P10","SIM-S0153","SIM-S0153-FILTER","FILTER","MIX-3","Filter_DP","44.6712","kPa","2026-09-04T02:06:00Z","2026-09-04T02:00:00Z","2026-09-04T02:15:00Z","SYNTHETIC","40","80","15","20"
"SIM-S0153-P11","SIM-S0153","SIM-S0153-FILTER","FILTER","MIX-3","Filter_DP","45.3396","kPa","2026-09-04T02:12:00Z","2026-09-04T02:00:00Z","2026-09-04T02:15:00Z","SYNTHETIC","40","80","15","20"
"SIM-S0154-P0","SIM-S0154","SIM-S0154-MIX","MIX","MIX-1","Temperature","26.0354","C","2026-09-04T02:40:00Z","2026-09-04T02:40:00Z","2026-09-04T03:30:00Z","SYNTHETIC","25","30","50","60"
"SIM-S0154-P1","SIM-S0154","SIM-S0154-MIX","MIX","MIX-1","Temperature","26.0381","C","2026-09-04T02:48:00Z","2026-09-04T02:40:00Z","2026-09-04T03:30:00Z","SYNTHETIC","25","30","50","60"
"SIM-S0154-P2","SIM-S0154","SIM-S0154-MIX","MIX","MIX-1","Temperature","25.9972","C","2026-09-04T02:56:00Z","2026-09-04T02:40:00Z","2026-09-04T03:30:00Z","SYNTHETIC","25","30","50","60"
"SIM-S0154-P3","SIM-S0154","SIM-S0154-MIX","MIX","MIX-1","Temperature","25.6917","C","2026-09-04T03:04:00Z","2026-09-04T02:40:00Z","2026-09-04T03:30:00Z","SYNTHETIC","25","30","50","60"
"SIM-S0154-P4","SIM-S0154","SIM-S0154-MIX","MIX","MIX-1","Temperature","26.0595","C","2026-09-04T03:12:00Z","2026-09-04T02:40:00Z","2026-09-04T03:30:00Z","SYNTHETIC","25","30","50","60"
"SIM-S0154-P5","SIM-S0154","SIM-S0154-MIX","MIX","MIX-1","Temperature","25.9875","C","2026-09-04T03:20:00Z","2026-09-04T02:40:00Z","2026-09-04T03:30:00Z","SYNTHETIC","25","30","50","60"
"SIM-S0154-P6","SIM-S0154","SIM-S0154-MIX","MIX","MIX-1","Agitator_Speed","296.1231","rpm","2026-09-04T02:45:00Z","2026-09-04T02:40:00Z","2026-09-04T03:30:00Z","SYNTHETIC","300","330","50","60"
"SIM-S0154-P7","SIM-S0154","SIM-S0154-MIX","MIX","MIX-1","Agitator_Speed","296.6217","rpm","2026-09-04T03:05:00Z","2026-09-04T02:40:00Z","2026-09-04T03:30:00Z","SYNTHETIC","300","330","50","60"
"SIM-S0154-P8","SIM-S0154","SIM-S0154-MIX","MIX","MIX-1","Agitator_Speed","296.3506","rpm","2026-09-04T03:25:00Z","2026-09-04T02:40:00Z","2026-09-04T03:30:00Z","SYNTHETIC","300","330","50","60"
"SIM-S0154-P9","SIM-S0154","SIM-S0154-FILTER","FILTER","MIX-1","Filter_DP","44.7517","kPa","2026-09-04T03:30:00Z","2026-09-04T03:30:00Z","2026-09-04T03:45:00Z","SYNTHETIC","40","80","15","20"
"SIM-S0154-P10","SIM-S0154","SIM-S0154-FILTER","FILTER","MIX-1","Filter_DP","46.2232","kPa","2026-09-04T03:36:00Z","2026-09-04T03:30:00Z","2026-09-04T03:45:00Z","SYNTHETIC","40","80","15","20"
"SIM-S0154-P11","SIM-S0154","SIM-S0154-FILTER","FILTER","MIX-1","Filter_DP","45.9527","kPa","2026-09-04T03:42:00Z","2026-09-04T03:30:00Z","2026-09-04T03:45:00Z","SYNTHETIC","40","80","15","20"
"SIM-S0155-P0","SIM-S0155","SIM-S0155-MIX","MIX","MIX-2","Temperature","25.4429","C","2026-09-04T02:40:00Z","2026-09-04T02:40:00Z","2026-09-04T03:30:00Z","SYNTHETIC","25","30","50","60"
"SIM-S0155-P1","SIM-S0155","SIM-S0155-MIX","MIX","MIX-2","Temperature","25.4334","C","2026-09-04T02:48:00Z","2026-09-04T02:40:00Z","2026-09-04T03:30:00Z","SYNTHETIC","25","30","50","60"
"SIM-S0155-P2","SIM-S0155","SIM-S0155-MIX","MIX","MIX-2","Temperature","25.3513","C","2026-09-04T02:56:00Z","2026-09-04T02:40:00Z","2026-09-04T03:30:00Z","SYNTHETIC","25","30","50","60"
"SIM-S0155-P3","SIM-S0155","SIM-S0155-MIX","MIX","MIX-2","Temperature","25.4442","C","2026-09-04T03:04:00Z","2026-09-04T02:40:00Z","2026-09-04T03:30:00Z","SYNTHETIC","25","30","50","60"
"SIM-S0155-P4","SIM-S0155","SIM-S0155-MIX","MIX","MIX-2","Temperature","25.5987","C","2026-09-04T03:12:00Z","2026-09-04T02:40:00Z","2026-09-04T03:30:00Z","SYNTHETIC","25","30","50","60"
"SIM-S0155-P5","SIM-S0155","SIM-S0155-MIX","MIX","MIX-2","Temperature","25.4609","C","2026-09-04T03:20:00Z","2026-09-04T02:40:00Z","2026-09-04T03:30:00Z","SYNTHETIC","25","30","50","60"
"SIM-S0155-P6","SIM-S0155","SIM-S0155-MIX","MIX","MIX-2","Agitator_Speed","298.7533","rpm","2026-09-04T02:45:00Z","2026-09-04T02:40:00Z","2026-09-04T03:30:00Z","SYNTHETIC","300","330","50","60"
"SIM-S0155-P7","SIM-S0155","SIM-S0155-MIX","MIX","MIX-2","Agitator_Speed","296.9507","rpm","2026-09-04T03:05:00Z","2026-09-04T02:40:00Z","2026-09-04T03:30:00Z","SYNTHETIC","300","330","50","60"
"SIM-S0155-P8","SIM-S0155","SIM-S0155-MIX","MIX","MIX-2","Agitator_Speed","300.3621","rpm","2026-09-04T03:25:00Z","2026-09-04T02:40:00Z","2026-09-04T03:30:00Z","SYNTHETIC","300","330","50","60"
"SIM-S0155-P9","SIM-S0155","SIM-S0155-FILTER","FILTER","MIX-2","Filter_DP","46.3487","kPa","2026-09-04T03:30:00Z","2026-09-04T03:30:00Z","2026-09-04T03:45:00Z","SYNTHETIC","40","80","15","20"
"SIM-S0155-P10","SIM-S0155","SIM-S0155-FILTER","FILTER","MIX-2","Filter_DP","47.2526","kPa","2026-09-04T03:36:00Z","2026-09-04T03:30:00Z","2026-09-04T03:45:00Z","SYNTHETIC","40","80","15","20"
"SIM-S0155-P11","SIM-S0155","SIM-S0155-FILTER","FILTER","MIX-2","Filter_DP","47.269","kPa","2026-09-04T03:42:00Z","2026-09-04T03:30:00Z","2026-09-04T03:45:00Z","SYNTHETIC","40","80","15","20"
"SIM-S0156-P0","SIM-S0156","SIM-S0156-MIX","MIX","MIX-3","Temperature","24.9377","C","2026-09-04T02:40:00Z","2026-09-04T02:40:00Z","2026-09-04T03:30:00Z","SYNTHETIC","25","30","50","60"
"SIM-S0156-P1","SIM-S0156","SIM-S0156-MIX","MIX","MIX-3","Temperature","24.727","C","2026-09-04T02:48:00Z","2026-09-04T02:40:00Z","2026-09-04T03:30:00Z","SYNTHETIC","25","30","50","60"
"SIM-S0156-P2","SIM-S0156","SIM-S0156-MIX","MIX","MIX-3","Temperature","24.6322","C","2026-09-04T02:56:00Z","2026-09-04T02:40:00Z","2026-09-04T03:30:00Z","SYNTHETIC","25","30","50","60"
"SIM-S0156-P3","SIM-S0156","SIM-S0156-MIX","MIX","MIX-3","Temperature","25.0974","C","2026-09-04T03:04:00Z","2026-09-04T02:40:00Z","2026-09-04T03:30:00Z","SYNTHETIC","25","30","50","60"
"SIM-S0156-P4","SIM-S0156","SIM-S0156-MIX","MIX","MIX-3","Temperature","24.7713","C","2026-09-04T03:12:00Z","2026-09-04T02:40:00Z","2026-09-04T03:30:00Z","SYNTHETIC","25","30","50","60"
"SIM-S0156-P5","SIM-S0156","SIM-S0156-MIX","MIX","MIX-3","Temperature","24.8999","C","2026-09-04T03:20:00Z","2026-09-04T02:40:00Z","2026-09-04T03:30:00Z","SYNTHETIC","25","30","50","60"
"SIM-S0156-P6","SIM-S0156","SIM-S0156-MIX","MIX","MIX-3","Agitator_Speed","304.0538","rpm","2026-09-04T02:45:00Z","2026-09-04T02:40:00Z","2026-09-04T03:30:00Z","SYNTHETIC","300","330","50","60"
"SIM-S0156-P7","SIM-S0156","SIM-S0156-MIX","MIX","MIX-3","Agitator_Speed","305.0218","rpm","2026-09-04T03:05:00Z","2026-09-04T02:40:00Z","2026-09-04T03:30:00Z","SYNTHETIC","300","330","50","60"
"SIM-S0156-P8","SIM-S0156","SIM-S0156-MIX","MIX","MIX-3","Agitator_Speed","303.2764","rpm","2026-09-04T03:25:00Z","2026-09-04T02:40:00Z","2026-09-04T03:30:00Z","SYNTHETIC","300","330","50","60"
"SIM-S0156-P9","SIM-S0156","SIM-S0156-FILTER","FILTER","MIX-3","Filter_DP","45.2878","kPa","2026-09-04T03:30:00Z","2026-09-04T03:30:00Z","2026-09-04T03:45:00Z","SYNTHETIC","40","80","15","20"
"SIM-S0156-P10","SIM-S0156","SIM-S0156-FILTER","FILTER","MIX-3","Filter_DP","45.6971","kPa","2026-09-04T03:36:00Z","2026-09-04T03:30:00Z","2026-09-04T03:45:00Z","SYNTHETIC","40","80","15","20"
"SIM-S0156-P11","SIM-S0156","SIM-S0156-FILTER","FILTER","MIX-3","Filter_DP","45.8224","kPa","2026-09-04T03:42:00Z","2026-09-04T03:30:00Z","2026-09-04T03:45:00Z","SYNTHETIC","40","80","15","20"
"SIM-S0157-P0","SIM-S0157","SIM-S0157-MIX","MIX","MIX-1","Temperature","25.8206","C","2026-09-04T04:10:00Z","2026-09-04T04:10:00Z","2026-09-04T05:00:00Z","SYNTHETIC","25","30","50","60"
"SIM-S0157-P1","SIM-S0157","SIM-S0157-MIX","MIX","MIX-1","Temperature","25.8738","C","2026-09-04T04:18:00Z","2026-09-04T04:10:00Z","2026-09-04T05:00:00Z","SYNTHETIC","25","30","50","60"
"SIM-S0157-P2","SIM-S0157","SIM-S0157-MIX","MIX","MIX-1","Temperature","25.43","C","2026-09-04T04:26:00Z","2026-09-04T04:10:00Z","2026-09-04T05:00:00Z","SYNTHETIC","25","30","50","60"
"SIM-S0157-P3","SIM-S0157","SIM-S0157-MIX","MIX","MIX-1","Temperature","25.5123","C","2026-09-04T04:34:00Z","2026-09-04T04:10:00Z","2026-09-04T05:00:00Z","SYNTHETIC","25","30","50","60"
"SIM-S0157-P4","SIM-S0157","SIM-S0157-MIX","MIX","MIX-1","Temperature","25.5482","C","2026-09-04T04:42:00Z","2026-09-04T04:10:00Z","2026-09-04T05:00:00Z","SYNTHETIC","25","30","50","60"
"SIM-S0157-P5","SIM-S0157","SIM-S0157-MIX","MIX","MIX-1","Temperature","25.3824","C","2026-09-04T04:50:00Z","2026-09-04T04:10:00Z","2026-09-04T05:00:00Z","SYNTHETIC","25","30","50","60"
"SIM-S0157-P6","SIM-S0157","SIM-S0157-MIX","MIX","MIX-1","Agitator_Speed","299.0396","rpm","2026-09-04T04:15:00Z","2026-09-04T04:10:00Z","2026-09-04T05:00:00Z","SYNTHETIC","300","330","50","60"
"SIM-S0157-P7","SIM-S0157","SIM-S0157-MIX","MIX","MIX-1","Agitator_Speed","301.8611","rpm","2026-09-04T04:35:00Z","2026-09-04T04:10:00Z","2026-09-04T05:00:00Z","SYNTHETIC","300","330","50","60"
"SIM-S0157-P8","SIM-S0157","SIM-S0157-MIX","MIX","MIX-1","Agitator_Speed","300.3252","rpm","2026-09-04T04:55:00Z","2026-09-04T04:10:00Z","2026-09-04T05:00:00Z","SYNTHETIC","300","330","50","60"
"SIM-S0157-P9","SIM-S0157","SIM-S0157-FILTER","FILTER","MIX-1","Filter_DP","48.2708","kPa","2026-09-04T05:00:00Z","2026-09-04T05:00:00Z","2026-09-04T05:15:00Z","SYNTHETIC","40","80","15","20"
"SIM-S0157-P10","SIM-S0157","SIM-S0157-FILTER","FILTER","MIX-1","Filter_DP","48.8128","kPa","2026-09-04T05:06:00Z","2026-09-04T05:00:00Z","2026-09-04T05:15:00Z","SYNTHETIC","40","80","15","20"
"SIM-S0157-P11","SIM-S0157","SIM-S0157-FILTER","FILTER","MIX-1","Filter_DP","49.8722","kPa","2026-09-04T05:12:00Z","2026-09-04T05:00:00Z","2026-09-04T05:15:00Z","SYNTHETIC","40","80","15","20"
"SIM-S0158-P0","SIM-S0158","SIM-S0158-MIX","MIX","MIX-2","Temperature","25.8553","C","2026-09-04T04:10:00Z","2026-09-04T04:10:00Z","2026-09-04T05:00:00Z","SYNTHETIC","25","30","50","60"
"SIM-S0158-P1","SIM-S0158","SIM-S0158-MIX","MIX","MIX-2","Temperature","25.5249","C","2026-09-04T04:18:00Z","2026-09-04T04:10:00Z","2026-09-04T05:00:00Z","SYNTHETIC","25","30","50","60"
"SIM-S0158-P2","SIM-S0158","SIM-S0158-MIX","MIX","MIX-2","Temperature","25.7827","C","2026-09-04T04:26:00Z","2026-09-04T04:10:00Z","2026-09-04T05:00:00Z","SYNTHETIC","25","30","50","60"
"SIM-S0158-P3","SIM-S0158","SIM-S0158-MIX","MIX","MIX-2","Temperature","25.3078","C","2026-09-04T04:34:00Z","2026-09-04T04:10:00Z","2026-09-04T05:00:00Z","SYNTHETIC","25","30","50","60"
"SIM-S0158-P4","SIM-S0158","SIM-S0158-MIX","MIX","MIX-2","Temperature","25.5656","C","2026-09-04T04:42:00Z","2026-09-04T04:10:00Z","2026-09-04T05:00:00Z","SYNTHETIC","25","30","50","60"
"SIM-S0158-P5","SIM-S0158","SIM-S0158-MIX","MIX","MIX-2","Temperature","25.5442","C","2026-09-04T04:50:00Z","2026-09-04T04:10:00Z","2026-09-04T05:00:00Z","SYNTHETIC","25","30","50","60"
"SIM-S0158-P6","SIM-S0158","SIM-S0158-MIX","MIX","MIX-2","Agitator_Speed","299.2534","rpm","2026-09-04T04:15:00Z","2026-09-04T04:10:00Z","2026-09-04T05:00:00Z","SYNTHETIC","300","330","50","60"
"SIM-S0158-P7","SIM-S0158","SIM-S0158-MIX","MIX","MIX-2","Agitator_Speed","299.3343","rpm","2026-09-04T04:35:00Z","2026-09-04T04:10:00Z","2026-09-04T05:00:00Z","SYNTHETIC","300","330","50","60"
"SIM-S0158-P8","SIM-S0158","SIM-S0158-MIX","MIX","MIX-2","Agitator_Speed","302.557","rpm","2026-09-04T04:55:00Z","2026-09-04T04:10:00Z","2026-09-04T05:00:00Z","SYNTHETIC","300","330","50","60"
"SIM-S0158-P9","SIM-S0158","SIM-S0158-FILTER","FILTER","MIX-2","Filter_DP","48.5022","kPa","2026-09-04T05:00:00Z","2026-09-04T05:00:00Z","2026-09-04T05:15:00Z","SYNTHETIC","40","80","15","20"
"SIM-S0158-P10","SIM-S0158","SIM-S0158-FILTER","FILTER","MIX-2","Filter_DP","49.5767","kPa","2026-09-04T05:06:00Z","2026-09-04T05:00:00Z","2026-09-04T05:15:00Z","SYNTHETIC","40","80","15","20"
"SIM-S0158-P11","SIM-S0158","SIM-S0158-FILTER","FILTER","MIX-2","Filter_DP","50.6325","kPa","2026-09-04T05:12:00Z","2026-09-04T05:00:00Z","2026-09-04T05:15:00Z","SYNTHETIC","40","80","15","20"
"SIM-S0159-P0","SIM-S0159","SIM-S0159-MIX","MIX","MIX-3","Temperature","24.9585","C","2026-09-04T04:10:00Z","2026-09-04T04:10:00Z","2026-09-04T05:00:00Z","SYNTHETIC","25","30","50","60"
"SIM-S0159-P1","SIM-S0159","SIM-S0159-MIX","MIX","MIX-3","Temperature","24.8567","C","2026-09-04T04:18:00Z","2026-09-04T04:10:00Z","2026-09-04T05:00:00Z","SYNTHETIC","25","30","50","60"
"SIM-S0159-P2","SIM-S0159","SIM-S0159-MIX","MIX","MIX-3","Temperature","24.74","C","2026-09-04T04:26:00Z","2026-09-04T04:10:00Z","2026-09-04T05:00:00Z","SYNTHETIC","25","30","50","60"
"SIM-S0159-P3","SIM-S0159","SIM-S0159-MIX","MIX","MIX-3","Temperature","24.6682","C","2026-09-04T04:34:00Z","2026-09-04T04:10:00Z","2026-09-04T05:00:00Z","SYNTHETIC","25","30","50","60"
"SIM-S0159-P4","SIM-S0159","SIM-S0159-MIX","MIX","MIX-3","Temperature","24.5061","C","2026-09-04T04:42:00Z","2026-09-04T04:10:00Z","2026-09-04T05:00:00Z","SYNTHETIC","25","30","50","60"
"SIM-S0159-P5","SIM-S0159","SIM-S0159-MIX","MIX","MIX-3","Temperature","24.4656","C","2026-09-04T04:50:00Z","2026-09-04T04:10:00Z","2026-09-04T05:00:00Z","SYNTHETIC","25","30","50","60"
"SIM-S0159-P6","SIM-S0159","SIM-S0159-MIX","MIX","MIX-3","Agitator_Speed","298.0707","rpm","2026-09-04T04:15:00Z","2026-09-04T04:10:00Z","2026-09-04T05:00:00Z","SYNTHETIC","300","330","50","60"
"SIM-S0159-P7","SIM-S0159","SIM-S0159-MIX","MIX","MIX-3","Agitator_Speed","296.3106","rpm","2026-09-04T04:35:00Z","2026-09-04T04:10:00Z","2026-09-04T05:00:00Z","SYNTHETIC","300","330","50","60"
"SIM-S0159-P8","SIM-S0159","SIM-S0159-MIX","MIX","MIX-3","Agitator_Speed","297.7828","rpm","2026-09-04T04:55:00Z","2026-09-04T04:10:00Z","2026-09-04T05:00:00Z","SYNTHETIC","300","330","50","60"
"SIM-S0159-P9","SIM-S0159","SIM-S0159-FILTER","FILTER","MIX-3","Filter_DP","47.0024","kPa","2026-09-04T05:00:00Z","2026-09-04T05:00:00Z","2026-09-04T05:15:00Z","SYNTHETIC","40","80","15","20"
"SIM-S0159-P10","SIM-S0159","SIM-S0159-FILTER","FILTER","MIX-3","Filter_DP","47.9364","kPa","2026-09-04T05:06:00Z","2026-09-04T05:00:00Z","2026-09-04T05:15:00Z","SYNTHETIC","40","80","15","20"
"SIM-S0159-P11","SIM-S0159","SIM-S0159-FILTER","FILTER","MIX-3","Filter_DP","49.3293","kPa","2026-09-04T05:12:00Z","2026-09-04T05:00:00Z","2026-09-04T05:15:00Z","SYNTHETIC","40","80","15","20"
"SIM-S0160-P0","SIM-S0160","SIM-S0160-MIX","MIX","MIX-1","Temperature","25.3059","C","2026-09-04T05:40:00Z","2026-09-04T05:40:00Z","2026-09-04T06:30:00Z","SYNTHETIC","25","30","50","60"
"SIM-S0160-P1","SIM-S0160","SIM-S0160-MIX","MIX","MIX-1","Temperature","25.2689","C","2026-09-04T05:48:00Z","2026-09-04T05:40:00Z","2026-09-04T06:30:00Z","SYNTHETIC","25","30","50","60"
"SIM-S0160-P2","SIM-S0160","SIM-S0160-MIX","MIX","MIX-1","Temperature","25.4067","C","2026-09-04T05:56:00Z","2026-09-04T05:40:00Z","2026-09-04T06:30:00Z","SYNTHETIC","25","30","50","60"
"SIM-S0160-P3","SIM-S0160","SIM-S0160-MIX","MIX","MIX-1","Temperature","25.2943","C","2026-09-04T06:04:00Z","2026-09-04T05:40:00Z","2026-09-04T06:30:00Z","SYNTHETIC","25","30","50","60"
"SIM-S0160-P4","SIM-S0160","SIM-S0160-MIX","MIX","MIX-1","Temperature","25.2549","C","2026-09-04T06:12:00Z","2026-09-04T05:40:00Z","2026-09-04T06:30:00Z","SYNTHETIC","25","30","50","60"
"SIM-S0160-P5","SIM-S0160","SIM-S0160-MIX","MIX","MIX-1","Temperature","25.3608","C","2026-09-04T06:20:00Z","2026-09-04T05:40:00Z","2026-09-04T06:30:00Z","SYNTHETIC","25","30","50","60"
"SIM-S0160-P6","SIM-S0160","SIM-S0160-MIX","MIX","MIX-1","Agitator_Speed","296.8893","rpm","2026-09-04T05:45:00Z","2026-09-04T05:40:00Z","2026-09-04T06:30:00Z","SYNTHETIC","300","330","50","60"
"SIM-S0160-P7","SIM-S0160","SIM-S0160-MIX","MIX","MIX-1","Agitator_Speed","300.9572","rpm","2026-09-04T06:05:00Z","2026-09-04T05:40:00Z","2026-09-04T06:30:00Z","SYNTHETIC","300","330","50","60"
"SIM-S0160-P8","SIM-S0160","SIM-S0160-MIX","MIX","MIX-1","Agitator_Speed","297.7311","rpm","2026-09-04T06:25:00Z","2026-09-04T05:40:00Z","2026-09-04T06:30:00Z","SYNTHETIC","300","330","50","60"
"SIM-S0160-P9","SIM-S0160","SIM-S0160-FILTER","FILTER","MIX-1","Filter_DP","48.9176","kPa","2026-09-04T06:30:00Z","2026-09-04T06:30:00Z","2026-09-04T06:45:00Z","SYNTHETIC","40","80","15","20"
"SIM-S0160-P10","SIM-S0160","SIM-S0160-FILTER","FILTER","MIX-1","Filter_DP","50.1688","kPa","2026-09-04T06:36:00Z","2026-09-04T06:30:00Z","2026-09-04T06:45:00Z","SYNTHETIC","40","80","15","20"
"SIM-S0160-P11","SIM-S0160","SIM-S0160-FILTER","FILTER","MIX-1","Filter_DP","50.888","kPa","2026-09-04T06:42:00Z","2026-09-04T06:30:00Z","2026-09-04T06:45:00Z","SYNTHETIC","40","80","15","20"
"SIM-S0161-P0","SIM-S0161","SIM-S0161-MIX","MIX","MIX-2","Temperature","25.767","C","2026-09-04T05:40:00Z","2026-09-04T05:40:00Z","2026-09-04T06:30:00Z","SYNTHETIC","25","30","50","60"
"SIM-S0161-P1","SIM-S0161","SIM-S0161-MIX","MIX","MIX-2","Temperature","25.4798","C","2026-09-04T05:48:00Z","2026-09-04T05:40:00Z","2026-09-04T06:30:00Z","SYNTHETIC","25","30","50","60"
"SIM-S0161-P2","SIM-S0161","SIM-S0161-MIX","MIX","MIX-2","Temperature","25.7143","C","2026-09-04T05:56:00Z","2026-09-04T05:40:00Z","2026-09-04T06:30:00Z","SYNTHETIC","25","30","50","60"
"SIM-S0161-P3","SIM-S0161","SIM-S0161-MIX","MIX","MIX-2","Temperature","25.5415","C","2026-09-04T06:04:00Z","2026-09-04T05:40:00Z","2026-09-04T06:30:00Z","SYNTHETIC","25","30","50","60"
"SIM-S0161-P4","SIM-S0161","SIM-S0161-MIX","MIX","MIX-2","Temperature","25.4359","C","2026-09-04T06:12:00Z","2026-09-04T05:40:00Z","2026-09-04T06:30:00Z","SYNTHETIC","25","30","50","60"
"SIM-S0161-P5","SIM-S0161","SIM-S0161-MIX","MIX","MIX-2","Temperature","25.5746","C","2026-09-04T06:20:00Z","2026-09-04T05:40:00Z","2026-09-04T06:30:00Z","SYNTHETIC","25","30","50","60"
"SIM-S0161-P6","SIM-S0161","SIM-S0161-MIX","MIX","MIX-2","Agitator_Speed","299.9374","rpm","2026-09-04T05:45:00Z","2026-09-04T05:40:00Z","2026-09-04T06:30:00Z","SYNTHETIC","300","330","50","60"
"SIM-S0161-P7","SIM-S0161","SIM-S0161-MIX","MIX","MIX-2","Agitator_Speed","302.3979","rpm","2026-09-04T06:05:00Z","2026-09-04T05:40:00Z","2026-09-04T06:30:00Z","SYNTHETIC","300","330","50","60"
"SIM-S0161-P8","SIM-S0161","SIM-S0161-MIX","MIX","MIX-2","Agitator_Speed","301.0696","rpm","2026-09-04T06:25:00Z","2026-09-04T05:40:00Z","2026-09-04T06:30:00Z","SYNTHETIC","300","330","50","60"
"SIM-S0161-P9","SIM-S0161","SIM-S0161-FILTER","FILTER","MIX-2","Filter_DP","54.0766","kPa","2026-09-04T06:30:00Z","2026-09-04T06:30:00Z","2026-09-04T06:45:00Z","SYNTHETIC","40","80","15","20"
"SIM-S0161-P10","SIM-S0161","SIM-S0161-FILTER","FILTER","MIX-2","Filter_DP","54.6912","kPa","2026-09-04T06:36:00Z","2026-09-04T06:30:00Z","2026-09-04T06:45:00Z","SYNTHETIC","40","80","15","20"
"SIM-S0161-P11","SIM-S0161","SIM-S0161-FILTER","FILTER","MIX-2","Filter_DP","55.2003","kPa","2026-09-04T06:42:00Z","2026-09-04T06:30:00Z","2026-09-04T06:45:00Z","SYNTHETIC","40","80","15","20"
"SIM-S0162-P0","SIM-S0162","SIM-S0162-MIX","MIX","MIX-3","Temperature","25.4988","C","2026-09-04T05:40:00Z","2026-09-04T05:40:00Z","2026-09-04T06:30:00Z","SYNTHETIC","25","30","50","60"
"SIM-S0162-P1","SIM-S0162","SIM-S0162-MIX","MIX","MIX-3","Temperature","25.8759","C","2026-09-04T05:48:00Z","2026-09-04T05:40:00Z","2026-09-04T06:30:00Z","SYNTHETIC","25","30","50","60"
"SIM-S0162-P2","SIM-S0162","SIM-S0162-MIX","MIX","MIX-3","Temperature","25.1262","C","2026-09-04T05:56:00Z","2026-09-04T05:40:00Z","2026-09-04T06:30:00Z","SYNTHETIC","25","30","50","60"
"SIM-S0162-P3","SIM-S0162","SIM-S0162-MIX","MIX","MIX-3","Temperature","25.3574","C","2026-09-04T06:04:00Z","2026-09-04T05:40:00Z","2026-09-04T06:30:00Z","SYNTHETIC","25","30","50","60"
"SIM-S0162-P4","SIM-S0162","SIM-S0162-MIX","MIX","MIX-3","Temperature","25.7169","C","2026-09-04T06:12:00Z","2026-09-04T05:40:00Z","2026-09-04T06:30:00Z","SYNTHETIC","25","30","50","60"
"SIM-S0162-P5","SIM-S0162","SIM-S0162-MIX","MIX","MIX-3","Temperature","25.41","C","2026-09-04T06:20:00Z","2026-09-04T05:40:00Z","2026-09-04T06:30:00Z","SYNTHETIC","25","30","50","60"
"SIM-S0162-P6","SIM-S0162","SIM-S0162-MIX","MIX","MIX-3","Agitator_Speed","294.3169","rpm","2026-09-04T05:45:00Z","2026-09-04T05:40:00Z","2026-09-04T06:30:00Z","SYNTHETIC","300","330","50","60"
"SIM-S0162-P7","SIM-S0162","SIM-S0162-MIX","MIX","MIX-3","Agitator_Speed","296.7856","rpm","2026-09-04T06:05:00Z","2026-09-04T05:40:00Z","2026-09-04T06:30:00Z","SYNTHETIC","300","330","50","60"
"SIM-S0162-P8","SIM-S0162","SIM-S0162-MIX","MIX","MIX-3","Agitator_Speed","297.3136","rpm","2026-09-04T06:25:00Z","2026-09-04T05:40:00Z","2026-09-04T06:30:00Z","SYNTHETIC","300","330","50","60"
"SIM-S0162-P9","SIM-S0162","SIM-S0162-FILTER","FILTER","MIX-3","Filter_DP","50.0218","kPa","2026-09-04T06:30:00Z","2026-09-04T06:30:00Z","2026-09-04T06:45:00Z","SYNTHETIC","40","80","15","20"
"SIM-S0162-P10","SIM-S0162","SIM-S0162-FILTER","FILTER","MIX-3","Filter_DP","50.3548","kPa","2026-09-04T06:36:00Z","2026-09-04T06:30:00Z","2026-09-04T06:45:00Z","SYNTHETIC","40","80","15","20"
"SIM-S0162-P11","SIM-S0162","SIM-S0162-FILTER","FILTER","MIX-3","Filter_DP","52.1254","kPa","2026-09-04T06:42:00Z","2026-09-04T06:30:00Z","2026-09-04T06:45:00Z","SYNTHETIC","40","80","15","20"
"SIM-S0163-P0","SIM-S0163","SIM-S0163-MIX","MIX","MIX-1","Temperature","24.7178","C","2026-09-04T07:10:00Z","2026-09-04T07:10:00Z","2026-09-04T08:00:00Z","SYNTHETIC","25","30","50","60"
"SIM-S0163-P1","SIM-S0163","SIM-S0163-MIX","MIX","MIX-1","Temperature","24.96","C","2026-09-04T07:18:00Z","2026-09-04T07:10:00Z","2026-09-04T08:00:00Z","SYNTHETIC","25","30","50","60"
"SIM-S0163-P2","SIM-S0163","SIM-S0163-MIX","MIX","MIX-1","Temperature","24.7034","C","2026-09-04T07:26:00Z","2026-09-04T07:10:00Z","2026-09-04T08:00:00Z","SYNTHETIC","25","30","50","60"
"SIM-S0163-P3","SIM-S0163","SIM-S0163-MIX","MIX","MIX-1","Temperature","25.0399","C","2026-09-04T07:34:00Z","2026-09-04T07:10:00Z","2026-09-04T08:00:00Z","SYNTHETIC","25","30","50","60"
"SIM-S0163-P4","SIM-S0163","SIM-S0163-MIX","MIX","MIX-1","Temperature","24.8994","C","2026-09-04T07:42:00Z","2026-09-04T07:10:00Z","2026-09-04T08:00:00Z","SYNTHETIC","25","30","50","60"
"SIM-S0163-P5","SIM-S0163","SIM-S0163-MIX","MIX","MIX-1","Temperature","24.9374","C","2026-09-04T07:50:00Z","2026-09-04T07:10:00Z","2026-09-04T08:00:00Z","SYNTHETIC","25","30","50","60"
"SIM-S0163-P6","SIM-S0163","SIM-S0163-MIX","MIX","MIX-1","Agitator_Speed","297.0289","rpm","2026-09-04T07:15:00Z","2026-09-04T07:10:00Z","2026-09-04T08:00:00Z","SYNTHETIC","300","330","50","60"
"SIM-S0163-P7","SIM-S0163","SIM-S0163-MIX","MIX","MIX-1","Agitator_Speed","297.6112","rpm","2026-09-04T07:35:00Z","2026-09-04T07:10:00Z","2026-09-04T08:00:00Z","SYNTHETIC","300","330","50","60"
"SIM-S0163-P8","SIM-S0163","SIM-S0163-MIX","MIX","MIX-1","Agitator_Speed","297.005","rpm","2026-09-04T07:55:00Z","2026-09-04T07:10:00Z","2026-09-04T08:00:00Z","SYNTHETIC","300","330","50","60"
"SIM-S0163-P9","SIM-S0163","SIM-S0163-FILTER","FILTER","MIX-1","Filter_DP","53.1868","kPa","2026-09-04T08:00:00Z","2026-09-04T08:00:00Z","2026-09-04T08:15:00Z","SYNTHETIC","40","80","15","20"
"SIM-S0163-P10","SIM-S0163","SIM-S0163-FILTER","FILTER","MIX-1","Filter_DP","53.1901","kPa","2026-09-04T08:06:00Z","2026-09-04T08:00:00Z","2026-09-04T08:15:00Z","SYNTHETIC","40","80","15","20"
"SIM-S0163-P11","SIM-S0163","SIM-S0163-FILTER","FILTER","MIX-1","Filter_DP","53.7882","kPa","2026-09-04T08:12:00Z","2026-09-04T08:00:00Z","2026-09-04T08:15:00Z","SYNTHETIC","40","80","15","20"
"SIM-S0164-P0","SIM-S0164","SIM-S0164-MIX","MIX","MIX-2","Temperature","25.8265","C","2026-09-04T07:10:00Z","2026-09-04T07:10:00Z","2026-09-04T08:00:00Z","SYNTHETIC","25","30","50","60"
"SIM-S0164-P1","SIM-S0164","SIM-S0164-MIX","MIX","MIX-2","Temperature","25.8692","C","2026-09-04T07:18:00Z","2026-09-04T07:10:00Z","2026-09-04T08:00:00Z","SYNTHETIC","25","30","50","60"
"SIM-S0164-P2","SIM-S0164","SIM-S0164-MIX","MIX","MIX-2","Temperature","26.1105","C","2026-09-04T07:26:00Z","2026-09-04T07:10:00Z","2026-09-04T08:00:00Z","SYNTHETIC","25","30","50","60"
"SIM-S0164-P3","SIM-S0164","SIM-S0164-MIX","MIX","MIX-2","Temperature","26.3146","C","2026-09-04T07:34:00Z","2026-09-04T07:10:00Z","2026-09-04T08:00:00Z","SYNTHETIC","25","30","50","60"
"SIM-S0164-P4","SIM-S0164","SIM-S0164-MIX","MIX","MIX-2","Temperature","26.2708","C","2026-09-04T07:42:00Z","2026-09-04T07:10:00Z","2026-09-04T08:00:00Z","SYNTHETIC","25","30","50","60"
"SIM-S0164-P5","SIM-S0164","SIM-S0164-MIX","MIX","MIX-2","Temperature","25.8292","C","2026-09-04T07:50:00Z","2026-09-04T07:10:00Z","2026-09-04T08:00:00Z","SYNTHETIC","25","30","50","60"
"SIM-S0164-P6","SIM-S0164","SIM-S0164-MIX","MIX","MIX-2","Agitator_Speed","299.5955","rpm","2026-09-04T07:15:00Z","2026-09-04T07:10:00Z","2026-09-04T08:00:00Z","SYNTHETIC","300","330","50","60"
"SIM-S0164-P7","SIM-S0164","SIM-S0164-MIX","MIX","MIX-2","Agitator_Speed","297.2397","rpm","2026-09-04T07:35:00Z","2026-09-04T07:10:00Z","2026-09-04T08:00:00Z","SYNTHETIC","300","330","50","60"
"SIM-S0164-P8","SIM-S0164","SIM-S0164-MIX","MIX","MIX-2","Agitator_Speed","300.6509","rpm","2026-09-04T07:55:00Z","2026-09-04T07:10:00Z","2026-09-04T08:00:00Z","SYNTHETIC","300","330","50","60"
"SIM-S0164-P9","SIM-S0164","SIM-S0164-FILTER","FILTER","MIX-2","Filter_DP","56.5336","kPa","2026-09-04T08:00:00Z","2026-09-04T08:00:00Z","2026-09-04T08:15:00Z","SYNTHETIC","40","80","15","20"
"SIM-S0164-P10","SIM-S0164","SIM-S0164-FILTER","FILTER","MIX-2","Filter_DP","56.7509","kPa","2026-09-04T08:06:00Z","2026-09-04T08:00:00Z","2026-09-04T08:15:00Z","SYNTHETIC","40","80","15","20"
"SIM-S0164-P11","SIM-S0164","SIM-S0164-FILTER","FILTER","MIX-2","Filter_DP","58.0732","kPa","2026-09-04T08:12:00Z","2026-09-04T08:00:00Z","2026-09-04T08:15:00Z","SYNTHETIC","40","80","15","20"
"SIM-S0165-P0","SIM-S0165","SIM-S0165-MIX","MIX","MIX-3","Temperature","25.8744","C","2026-09-04T07:10:00Z","2026-09-04T07:10:00Z","2026-09-04T08:00:00Z","SYNTHETIC","25","30","50","60"
"SIM-S0165-P1","SIM-S0165","SIM-S0165-MIX","MIX","MIX-3","Temperature","26.0071","C","2026-09-04T07:18:00Z","2026-09-04T07:10:00Z","2026-09-04T08:00:00Z","SYNTHETIC","25","30","50","60"
"SIM-S0165-P2","SIM-S0165","SIM-S0165-MIX","MIX","MIX-3","Temperature","25.7777","C","2026-09-04T07:26:00Z","2026-09-04T07:10:00Z","2026-09-04T08:00:00Z","SYNTHETIC","25","30","50","60"
"SIM-S0165-P3","SIM-S0165","SIM-S0165-MIX","MIX","MIX-3","Temperature","26.0156","C","2026-09-04T07:34:00Z","2026-09-04T07:10:00Z","2026-09-04T08:00:00Z","SYNTHETIC","25","30","50","60"
"SIM-S0165-P4","SIM-S0165","SIM-S0165-MIX","MIX","MIX-3","Temperature","25.9854","C","2026-09-04T07:42:00Z","2026-09-04T07:10:00Z","2026-09-04T08:00:00Z","SYNTHETIC","25","30","50","60"
"SIM-S0165-P5","SIM-S0165","SIM-S0165-MIX","MIX","MIX-3","Temperature","25.8213","C","2026-09-04T07:50:00Z","2026-09-04T07:10:00Z","2026-09-04T08:00:00Z","SYNTHETIC","25","30","50","60"
"SIM-S0165-P6","SIM-S0165","SIM-S0165-MIX","MIX","MIX-3","Agitator_Speed","299.2924","rpm","2026-09-04T07:15:00Z","2026-09-04T07:10:00Z","2026-09-04T08:00:00Z","SYNTHETIC","300","330","50","60"
"SIM-S0165-P7","SIM-S0165","SIM-S0165-MIX","MIX","MIX-3","Agitator_Speed","298.7438","rpm","2026-09-04T07:35:00Z","2026-09-04T07:10:00Z","2026-09-04T08:00:00Z","SYNTHETIC","300","330","50","60"
"SIM-S0165-P8","SIM-S0165","SIM-S0165-MIX","MIX","MIX-3","Agitator_Speed","295.8794","rpm","2026-09-04T07:55:00Z","2026-09-04T07:10:00Z","2026-09-04T08:00:00Z","SYNTHETIC","300","330","50","60"
"SIM-S0165-P9","SIM-S0165","SIM-S0165-FILTER","FILTER","MIX-3","Filter_DP","56.4698","kPa","2026-09-04T08:00:00Z","2026-09-04T08:00:00Z","2026-09-04T08:15:00Z","SYNTHETIC","40","80","15","20"
"SIM-S0165-P10","SIM-S0165","SIM-S0165-FILTER","FILTER","MIX-3","Filter_DP","57.5642","kPa","2026-09-04T08:06:00Z","2026-09-04T08:00:00Z","2026-09-04T08:15:00Z","SYNTHETIC","40","80","15","20"
"SIM-S0165-P11","SIM-S0165","SIM-S0165-FILTER","FILTER","MIX-3","Filter_DP","57.3159","kPa","2026-09-04T08:12:00Z","2026-09-04T08:00:00Z","2026-09-04T08:15:00Z","SYNTHETIC","40","80","15","20"
"SIM-S0166-P0","SIM-S0166","SIM-S0166-MIX","MIX","MIX-1","Temperature","25.174","C","2026-09-04T08:40:00Z","2026-09-04T08:40:00Z","2026-09-04T09:30:00Z","SYNTHETIC","25","30","50","60"
"SIM-S0166-P1","SIM-S0166","SIM-S0166-MIX","MIX","MIX-1","Temperature","25.1632","C","2026-09-04T08:48:00Z","2026-09-04T08:40:00Z","2026-09-04T09:30:00Z","SYNTHETIC","25","30","50","60"
"SIM-S0166-P2","SIM-S0166","SIM-S0166-MIX","MIX","MIX-1","Temperature","25.4807","C","2026-09-04T08:56:00Z","2026-09-04T08:40:00Z","2026-09-04T09:30:00Z","SYNTHETIC","25","30","50","60"
"SIM-S0166-P3","SIM-S0166","SIM-S0166-MIX","MIX","MIX-1","Temperature","25.3436","C","2026-09-04T09:04:00Z","2026-09-04T08:40:00Z","2026-09-04T09:30:00Z","SYNTHETIC","25","30","50","60"
"SIM-S0166-P4","SIM-S0166","SIM-S0166-MIX","MIX","MIX-1","Temperature","25.6719","C","2026-09-04T09:12:00Z","2026-09-04T08:40:00Z","2026-09-04T09:30:00Z","SYNTHETIC","25","30","50","60"
"SIM-S0166-P5","SIM-S0166","SIM-S0166-MIX","MIX","MIX-1","Temperature","25.3447","C","2026-09-04T09:20:00Z","2026-09-04T08:40:00Z","2026-09-04T09:30:00Z","SYNTHETIC","25","30","50","60"
"SIM-S0166-P6","SIM-S0166","SIM-S0166-MIX","MIX","MIX-1","Agitator_Speed","301.2815","rpm","2026-09-04T08:45:00Z","2026-09-04T08:40:00Z","2026-09-04T09:30:00Z","SYNTHETIC","300","330","50","60"
"SIM-S0166-P7","SIM-S0166","SIM-S0166-MIX","MIX","MIX-1","Agitator_Speed","301.59","rpm","2026-09-04T09:05:00Z","2026-09-04T08:40:00Z","2026-09-04T09:30:00Z","SYNTHETIC","300","330","50","60"
"SIM-S0166-P8","SIM-S0166","SIM-S0166-MIX","MIX","MIX-1","Agitator_Speed","301.7131","rpm","2026-09-04T09:25:00Z","2026-09-04T08:40:00Z","2026-09-04T09:30:00Z","SYNTHETIC","300","330","50","60"
"SIM-S0166-P9","SIM-S0166","SIM-S0166-FILTER","FILTER","MIX-1","Filter_DP","58.0701","kPa","2026-09-04T09:30:00Z","2026-09-04T09:30:00Z","2026-09-04T09:45:00Z","SYNTHETIC","40","80","15","20"
"SIM-S0166-P10","SIM-S0166","SIM-S0166-FILTER","FILTER","MIX-1","Filter_DP","58.7873","kPa","2026-09-04T09:36:00Z","2026-09-04T09:30:00Z","2026-09-04T09:45:00Z","SYNTHETIC","40","80","15","20"
"SIM-S0166-P11","SIM-S0166","SIM-S0166-FILTER","FILTER","MIX-1","Filter_DP","58.5012","kPa","2026-09-04T09:42:00Z","2026-09-04T09:30:00Z","2026-09-04T09:45:00Z","SYNTHETIC","40","80","15","20"
"SIM-S0167-P0","SIM-S0167","SIM-S0167-MIX","MIX","MIX-2","Temperature","25.3486","C","2026-09-04T08:40:00Z","2026-09-04T08:40:00Z","2026-09-04T09:30:00Z","SYNTHETIC","25","30","50","60"
"SIM-S0167-P1","SIM-S0167","SIM-S0167-MIX","MIX","MIX-2","Temperature","25.0255","C","2026-09-04T08:48:00Z","2026-09-04T08:40:00Z","2026-09-04T09:30:00Z","SYNTHETIC","25","30","50","60"
"SIM-S0167-P2","SIM-S0167","SIM-S0167-MIX","MIX","MIX-2","Temperature","25.1436","C","2026-09-04T08:56:00Z","2026-09-04T08:40:00Z","2026-09-04T09:30:00Z","SYNTHETIC","25","30","50","60"
"SIM-S0167-P3","SIM-S0167","SIM-S0167-MIX","MIX","MIX-2","Temperature","24.938","C","2026-09-04T09:04:00Z","2026-09-04T08:40:00Z","2026-09-04T09:30:00Z","SYNTHETIC","25","30","50","60"
"SIM-S0167-P4","SIM-S0167","SIM-S0167-MIX","MIX","MIX-2","Temperature","25.3483","C","2026-09-04T09:12:00Z","2026-09-04T08:40:00Z","2026-09-04T09:30:00Z","SYNTHETIC","25","30","50","60"
"SIM-S0167-P5","SIM-S0167","SIM-S0167-MIX","MIX","MIX-2","Temperature","25.0476","C","2026-09-04T09:20:00Z","2026-09-04T08:40:00Z","2026-09-04T09:30:00Z","SYNTHETIC","25","30","50","60"
"SIM-S0167-P6","SIM-S0167","SIM-S0167-MIX","MIX","MIX-2","Agitator_Speed","296.8472","rpm","2026-09-04T08:45:00Z","2026-09-04T08:40:00Z","2026-09-04T09:30:00Z","SYNTHETIC","300","330","50","60"
"SIM-S0167-P7","SIM-S0167","SIM-S0167-MIX","MIX","MIX-2","Agitator_Speed","295.6702","rpm","2026-09-04T09:05:00Z","2026-09-04T08:40:00Z","2026-09-04T09:30:00Z","SYNTHETIC","300","330","50","60"
"SIM-S0167-P8","SIM-S0167","SIM-S0167-MIX","MIX","MIX-2","Agitator_Speed","296.0626","rpm","2026-09-04T09:25:00Z","2026-09-04T08:40:00Z","2026-09-04T09:30:00Z","SYNTHETIC","300","330","50","60"
"SIM-S0167-P9","SIM-S0167","SIM-S0167-FILTER","FILTER","MIX-2","Filter_DP","56.0782","kPa","2026-09-04T09:30:00Z","2026-09-04T09:30:00Z","2026-09-04T09:45:00Z","SYNTHETIC","40","80","15","20"
"SIM-S0167-P10","SIM-S0167","SIM-S0167-FILTER","FILTER","MIX-2","Filter_DP","56.3685","kPa","2026-09-04T09:36:00Z","2026-09-04T09:30:00Z","2026-09-04T09:45:00Z","SYNTHETIC","40","80","15","20"
"SIM-S0167-P11","SIM-S0167","SIM-S0167-FILTER","FILTER","MIX-2","Filter_DP","57.7212","kPa","2026-09-04T09:42:00Z","2026-09-04T09:30:00Z","2026-09-04T09:45:00Z","SYNTHETIC","40","80","15","20"
"SIM-S0168-P0","SIM-S0168","SIM-S0168-MIX","MIX","MIX-3","Temperature","25.2429","C","2026-09-04T08:40:00Z","2026-09-04T08:40:00Z","2026-09-04T09:30:00Z","SYNTHETIC","25","30","50","60"
"SIM-S0168-P1","SIM-S0168","SIM-S0168-MIX","MIX","MIX-3","Temperature","25.4045","C","2026-09-04T08:48:00Z","2026-09-04T08:40:00Z","2026-09-04T09:30:00Z","SYNTHETIC","25","30","50","60"
"SIM-S0168-P2","SIM-S0168","SIM-S0168-MIX","MIX","MIX-3","Temperature","24.7479","C","2026-09-04T08:56:00Z","2026-09-04T08:40:00Z","2026-09-04T09:30:00Z","SYNTHETIC","25","30","50","60"
"SIM-S0168-P3","SIM-S0168","SIM-S0168-MIX","MIX","MIX-3","Temperature","25.2137","C","2026-09-04T09:04:00Z","2026-09-04T08:40:00Z","2026-09-04T09:30:00Z","SYNTHETIC","25","30","50","60"
"SIM-S0168-P4","SIM-S0168","SIM-S0168-MIX","MIX","MIX-3","Temperature","25.133","C","2026-09-04T09:12:00Z","2026-09-04T08:40:00Z","2026-09-04T09:30:00Z","SYNTHETIC","25","30","50","60"
"SIM-S0168-P5","SIM-S0168","SIM-S0168-MIX","MIX","MIX-3","Temperature","25.1297","C","2026-09-04T09:20:00Z","2026-09-04T08:40:00Z","2026-09-04T09:30:00Z","SYNTHETIC","25","30","50","60"
"SIM-S0168-P6","SIM-S0168","SIM-S0168-MIX","MIX","MIX-3","Agitator_Speed","299.0262","rpm","2026-09-04T08:45:00Z","2026-09-04T08:40:00Z","2026-09-04T09:30:00Z","SYNTHETIC","300","330","50","60"
"SIM-S0168-P7","SIM-S0168","SIM-S0168-MIX","MIX","MIX-3","Agitator_Speed","298.4325","rpm","2026-09-04T09:05:00Z","2026-09-04T08:40:00Z","2026-09-04T09:30:00Z","SYNTHETIC","300","330","50","60"
"SIM-S0168-P8","SIM-S0168","SIM-S0168-MIX","MIX","MIX-3","Agitator_Speed","299.5077","rpm","2026-09-04T09:25:00Z","2026-09-04T08:40:00Z","2026-09-04T09:30:00Z","SYNTHETIC","300","330","50","60"
"SIM-S0168-P9","SIM-S0168","SIM-S0168-FILTER","FILTER","MIX-3","Filter_DP","58.1959","kPa","2026-09-04T09:30:00Z","2026-09-04T09:30:00Z","2026-09-04T09:45:00Z","SYNTHETIC","40","80","15","20"
"SIM-S0168-P10","SIM-S0168","SIM-S0168-FILTER","FILTER","MIX-3","Filter_DP","58.8032","kPa","2026-09-04T09:36:00Z","2026-09-04T09:30:00Z","2026-09-04T09:45:00Z","SYNTHETIC","40","80","15","20"
"SIM-S0168-P11","SIM-S0168","SIM-S0168-FILTER","FILTER","MIX-3","Filter_DP","58.6135","kPa","2026-09-04T09:42:00Z","2026-09-04T09:30:00Z","2026-09-04T09:45:00Z","SYNTHETIC","40","80","15","20"
"SIM-S0169-P0","SIM-S0169","SIM-S0169-MIX","MIX","MIX-1","Temperature","25.2726","C","2026-09-04T10:10:00Z","2026-09-04T10:10:00Z","2026-09-04T11:00:00Z","SYNTHETIC","25","30","50","60"
"SIM-S0169-P1","SIM-S0169","SIM-S0169-MIX","MIX","MIX-1","Temperature","25.1572","C","2026-09-04T10:18:00Z","2026-09-04T10:10:00Z","2026-09-04T11:00:00Z","SYNTHETIC","25","30","50","60"
"SIM-S0169-P2","SIM-S0169","SIM-S0169-MIX","MIX","MIX-1","Temperature","25.4024","C","2026-09-04T10:26:00Z","2026-09-04T10:10:00Z","2026-09-04T11:00:00Z","SYNTHETIC","25","30","50","60"
"SIM-S0169-P3","SIM-S0169","SIM-S0169-MIX","MIX","MIX-1","Temperature","25.3944","C","2026-09-04T10:34:00Z","2026-09-04T10:10:00Z","2026-09-04T11:00:00Z","SYNTHETIC","25","30","50","60"
"SIM-S0169-P4","SIM-S0169","SIM-S0169-MIX","MIX","MIX-1","Temperature","25.1133","C","2026-09-04T10:42:00Z","2026-09-04T10:10:00Z","2026-09-04T11:00:00Z","SYNTHETIC","25","30","50","60"
"SIM-S0169-P5","SIM-S0169","SIM-S0169-MIX","MIX","MIX-1","Temperature","25.1876","C","2026-09-04T10:50:00Z","2026-09-04T10:10:00Z","2026-09-04T11:00:00Z","SYNTHETIC","25","30","50","60"
"SIM-S0169-P6","SIM-S0169","SIM-S0169-MIX","MIX","MIX-1","Agitator_Speed","301.0137","rpm","2026-09-04T10:15:00Z","2026-09-04T10:10:00Z","2026-09-04T11:00:00Z","SYNTHETIC","300","330","50","60"
"SIM-S0169-P7","SIM-S0169","SIM-S0169-MIX","MIX","MIX-1","Agitator_Speed","303.3324","rpm","2026-09-04T10:35:00Z","2026-09-04T10:10:00Z","2026-09-04T11:00:00Z","SYNTHETIC","300","330","50","60"
"SIM-S0169-P8","SIM-S0169","SIM-S0169-MIX","MIX","MIX-1","Agitator_Speed","301.8198","rpm","2026-09-04T10:55:00Z","2026-09-04T10:10:00Z","2026-09-04T11:00:00Z","SYNTHETIC","300","330","50","60"
"SIM-S0169-P9","SIM-S0169","SIM-S0169-FILTER","FILTER","MIX-1","Filter_DP","35.989","kPa","2026-09-04T11:00:00Z","2026-09-04T11:00:00Z","2026-09-04T11:15:00Z","SYNTHETIC","40","80","15","20"
"SIM-S0169-P10","SIM-S0169","SIM-S0169-FILTER","FILTER","MIX-1","Filter_DP","36.2802","kPa","2026-09-04T11:06:00Z","2026-09-04T11:00:00Z","2026-09-04T11:15:00Z","SYNTHETIC","40","80","15","20"
"SIM-S0169-P11","SIM-S0169","SIM-S0169-FILTER","FILTER","MIX-1","Filter_DP","37.6565","kPa","2026-09-04T11:12:00Z","2026-09-04T11:00:00Z","2026-09-04T11:15:00Z","SYNTHETIC","40","80","15","20"
"SIM-S0170-P0","SIM-S0170","SIM-S0170-MIX","MIX","MIX-2","Temperature","25.2177","C","2026-09-04T10:10:00Z","2026-09-04T10:10:00Z","2026-09-04T11:00:00Z","SYNTHETIC","25","30","50","60"
"SIM-S0170-P1","SIM-S0170","SIM-S0170-MIX","MIX","MIX-2","Temperature","25.3093","C","2026-09-04T10:18:00Z","2026-09-04T10:10:00Z","2026-09-04T11:00:00Z","SYNTHETIC","25","30","50","60"
"SIM-S0170-P2","SIM-S0170","SIM-S0170-MIX","MIX","MIX-2","Temperature","24.8375","C","2026-09-04T10:26:00Z","2026-09-04T10:10:00Z","2026-09-04T11:00:00Z","SYNTHETIC","25","30","50","60"
"SIM-S0170-P3","SIM-S0170","SIM-S0170-MIX","MIX","MIX-2","Temperature","25.3012","C","2026-09-04T10:34:00Z","2026-09-04T10:10:00Z","2026-09-04T11:00:00Z","SYNTHETIC","25","30","50","60"
"SIM-S0170-P4","SIM-S0170","SIM-S0170-MIX","MIX","MIX-2","Temperature","25.3798","C","2026-09-04T10:42:00Z","2026-09-04T10:10:00Z","2026-09-04T11:00:00Z","SYNTHETIC","25","30","50","60"
"SIM-S0170-P5","SIM-S0170","SIM-S0170-MIX","MIX","MIX-2","Temperature","25.1217","C","2026-09-04T10:50:00Z","2026-09-04T10:10:00Z","2026-09-04T11:00:00Z","SYNTHETIC","25","30","50","60"
"SIM-S0170-P6","SIM-S0170","SIM-S0170-MIX","MIX","MIX-2","Agitator_Speed","290.2885","rpm","2026-09-04T10:15:00Z","2026-09-04T10:10:00Z","2026-09-04T11:00:00Z","SYNTHETIC","300","330","50","60"
"SIM-S0170-P7","SIM-S0170","SIM-S0170-MIX","MIX","MIX-2","Agitator_Speed","293.9242","rpm","2026-09-04T10:35:00Z","2026-09-04T10:10:00Z","2026-09-04T11:00:00Z","SYNTHETIC","300","330","50","60"
"SIM-S0170-P8","SIM-S0170","SIM-S0170-MIX","MIX","MIX-2","Agitator_Speed","291.1193","rpm","2026-09-04T10:55:00Z","2026-09-04T10:10:00Z","2026-09-04T11:00:00Z","SYNTHETIC","300","330","50","60"
"SIM-S0170-P9","SIM-S0170","SIM-S0170-FILTER","FILTER","MIX-2","Filter_DP","36.6813","kPa","2026-09-04T11:00:00Z","2026-09-04T11:00:00Z","2026-09-04T11:15:00Z","SYNTHETIC","40","80","15","20"
"SIM-S0170-P10","SIM-S0170","SIM-S0170-FILTER","FILTER","MIX-2","Filter_DP","38.2683","kPa","2026-09-04T11:06:00Z","2026-09-04T11:00:00Z","2026-09-04T11:15:00Z","SYNTHETIC","40","80","15","20"
"SIM-S0170-P11","SIM-S0170","SIM-S0170-FILTER","FILTER","MIX-2","Filter_DP","38.8623","kPa","2026-09-04T11:12:00Z","2026-09-04T11:00:00Z","2026-09-04T11:15:00Z","SYNTHETIC","40","80","15","20"
"SIM-S0171-P0","SIM-S0171","SIM-S0171-MIX","MIX","MIX-3","Temperature","24.7049","C","2026-09-04T10:10:00Z","2026-09-04T10:10:00Z","2026-09-04T11:00:00Z","SYNTHETIC","25","30","50","60"
"SIM-S0171-P1","SIM-S0171","SIM-S0171-MIX","MIX","MIX-3","Temperature","24.5227","C","2026-09-04T10:18:00Z","2026-09-04T10:10:00Z","2026-09-04T11:00:00Z","SYNTHETIC","25","30","50","60"
"SIM-S0171-P2","SIM-S0171","SIM-S0171-MIX","MIX","MIX-3","Temperature","24.6058","C","2026-09-04T10:26:00Z","2026-09-04T10:10:00Z","2026-09-04T11:00:00Z","SYNTHETIC","25","30","50","60"
"SIM-S0171-P3","SIM-S0171","SIM-S0171-MIX","MIX","MIX-3","Temperature","24.3967","C","2026-09-04T10:34:00Z","2026-09-04T10:10:00Z","2026-09-04T11:00:00Z","SYNTHETIC","25","30","50","60"
"SIM-S0171-P4","SIM-S0171","SIM-S0171-MIX","MIX","MIX-3","Temperature","24.3936","C","2026-09-04T10:42:00Z","2026-09-04T10:10:00Z","2026-09-04T11:00:00Z","SYNTHETIC","25","30","50","60"
"SIM-S0171-P5","SIM-S0171","SIM-S0171-MIX","MIX","MIX-3","Temperature","24.6798","C","2026-09-04T10:50:00Z","2026-09-04T10:10:00Z","2026-09-04T11:00:00Z","SYNTHETIC","25","30","50","60"
"SIM-S0171-P6","SIM-S0171","SIM-S0171-MIX","MIX","MIX-3","Agitator_Speed","299.0387","rpm","2026-09-04T10:15:00Z","2026-09-04T10:10:00Z","2026-09-04T11:00:00Z","SYNTHETIC","300","330","50","60"
"SIM-S0171-P7","SIM-S0171","SIM-S0171-MIX","MIX","MIX-3","Agitator_Speed","298.6513","rpm","2026-09-04T10:35:00Z","2026-09-04T10:10:00Z","2026-09-04T11:00:00Z","SYNTHETIC","300","330","50","60"
"SIM-S0171-P8","SIM-S0171","SIM-S0171-MIX","MIX","MIX-3","Agitator_Speed","298.4961","rpm","2026-09-04T10:55:00Z","2026-09-04T10:10:00Z","2026-09-04T11:00:00Z","SYNTHETIC","300","330","50","60"
"SIM-S0171-P9","SIM-S0171","SIM-S0171-FILTER","FILTER","MIX-3","Filter_DP","32.0638","kPa","2026-09-04T11:00:00Z","2026-09-04T11:00:00Z","2026-09-04T11:15:00Z","SYNTHETIC","40","80","15","20"
"SIM-S0171-P10","SIM-S0171","SIM-S0171-FILTER","FILTER","MIX-3","Filter_DP","33.7269","kPa","2026-09-04T11:06:00Z","2026-09-04T11:00:00Z","2026-09-04T11:15:00Z","SYNTHETIC","40","80","15","20"
"SIM-S0171-P11","SIM-S0171","SIM-S0171-FILTER","FILTER","MIX-3","Filter_DP","33.4803","kPa","2026-09-04T11:12:00Z","2026-09-04T11:00:00Z","2026-09-04T11:15:00Z","SYNTHETIC","40","80","15","20"
"SIM-S0172-P0","SIM-S0172","SIM-S0172-MIX","MIX","MIX-1","Temperature","25.097","C","2026-09-04T11:40:00Z","2026-09-04T11:40:00Z","2026-09-04T12:30:00Z","SYNTHETIC","25","30","50","60"
"SIM-S0172-P1","SIM-S0172","SIM-S0172-MIX","MIX","MIX-1","Temperature","25.2272","C","2026-09-04T11:48:00Z","2026-09-04T11:40:00Z","2026-09-04T12:30:00Z","SYNTHETIC","25","30","50","60"
"SIM-S0172-P2","SIM-S0172","SIM-S0172-MIX","MIX","MIX-1","Temperature","25.26","C","2026-09-04T11:56:00Z","2026-09-04T11:40:00Z","2026-09-04T12:30:00Z","SYNTHETIC","25","30","50","60"
"SIM-S0172-P3","SIM-S0172","SIM-S0172-MIX","MIX","MIX-1","Temperature","25.0819","C","2026-09-04T12:04:00Z","2026-09-04T11:40:00Z","2026-09-04T12:30:00Z","SYNTHETIC","25","30","50","60"
"SIM-S0172-P4","SIM-S0172","SIM-S0172-MIX","MIX","MIX-1","Temperature","25.1778","C","2026-09-04T12:12:00Z","2026-09-04T11:40:00Z","2026-09-04T12:30:00Z","SYNTHETIC","25","30","50","60"
"SIM-S0172-P5","SIM-S0172","SIM-S0172-MIX","MIX","MIX-1","Temperature","24.9788","C","2026-09-04T12:20:00Z","2026-09-04T11:40:00Z","2026-09-04T12:30:00Z","SYNTHETIC","25","30","50","60"
"SIM-S0172-P6","SIM-S0172","SIM-S0172-MIX","MIX","MIX-1","Agitator_Speed","296.0291","rpm","2026-09-04T11:45:00Z","2026-09-04T11:40:00Z","2026-09-04T12:30:00Z","SYNTHETIC","300","330","50","60"
"SIM-S0172-P7","SIM-S0172","SIM-S0172-MIX","MIX","MIX-1","Agitator_Speed","295.5588","rpm","2026-09-04T12:05:00Z","2026-09-04T11:40:00Z","2026-09-04T12:30:00Z","SYNTHETIC","300","330","50","60"
"SIM-S0172-P8","SIM-S0172","SIM-S0172-MIX","MIX","MIX-1","Agitator_Speed","292.9112","rpm","2026-09-04T12:25:00Z","2026-09-04T11:40:00Z","2026-09-04T12:30:00Z","SYNTHETIC","300","330","50","60"
"SIM-S0172-P9","SIM-S0172","SIM-S0172-FILTER","FILTER","MIX-1","Filter_DP","39.5689","kPa","2026-09-04T12:30:00Z","2026-09-04T12:30:00Z","2026-09-04T12:45:00Z","SYNTHETIC","40","80","15","20"
"SIM-S0172-P10","SIM-S0172","SIM-S0172-FILTER","FILTER","MIX-1","Filter_DP","41.3391","kPa","2026-09-04T12:36:00Z","2026-09-04T12:30:00Z","2026-09-04T12:45:00Z","SYNTHETIC","40","80","15","20"
"SIM-S0172-P11","SIM-S0172","SIM-S0172-FILTER","FILTER","MIX-1","Filter_DP","41.8165","kPa","2026-09-04T12:42:00Z","2026-09-04T12:30:00Z","2026-09-04T12:45:00Z","SYNTHETIC","40","80","15","20"
"SIM-S0173-P0","SIM-S0173","SIM-S0173-MIX","MIX","MIX-2","Temperature","24.8451","C","2026-09-04T11:40:00Z","2026-09-04T11:40:00Z","2026-09-04T12:30:00Z","SYNTHETIC","25","30","50","60"
"SIM-S0173-P1","SIM-S0173","SIM-S0173-MIX","MIX","MIX-2","Temperature","24.918","C","2026-09-04T11:48:00Z","2026-09-04T11:40:00Z","2026-09-04T12:30:00Z","SYNTHETIC","25","30","50","60"
"SIM-S0173-P2","SIM-S0173","SIM-S0173-MIX","MIX","MIX-2","Temperature","24.9805","C","2026-09-04T11:56:00Z","2026-09-04T11:40:00Z","2026-09-04T12:30:00Z","SYNTHETIC","25","30","50","60"
"SIM-S0173-P3","SIM-S0173","SIM-S0173-MIX","MIX","MIX-2","Temperature","25.0252","C","2026-09-04T12:04:00Z","2026-09-04T11:40:00Z","2026-09-04T12:30:00Z","SYNTHETIC","25","30","50","60"
"SIM-S0173-P4","SIM-S0173","SIM-S0173-MIX","MIX","MIX-2","Temperature","25.0171","C","2026-09-04T12:12:00Z","2026-09-04T11:40:00Z","2026-09-04T12:30:00Z","SYNTHETIC","25","30","50","60"
"SIM-S0173-P5","SIM-S0173","SIM-S0173-MIX","MIX","MIX-2","Temperature","25.1027","C","2026-09-04T12:20:00Z","2026-09-04T11:40:00Z","2026-09-04T12:30:00Z","SYNTHETIC","25","30","50","60"
"SIM-S0173-P6","SIM-S0173","SIM-S0173-MIX","MIX","MIX-2","Agitator_Speed","299.7465","rpm","2026-09-04T11:45:00Z","2026-09-04T11:40:00Z","2026-09-04T12:30:00Z","SYNTHETIC","300","330","50","60"
"SIM-S0173-P7","SIM-S0173","SIM-S0173-MIX","MIX","MIX-2","Agitator_Speed","300.3853","rpm","2026-09-04T12:05:00Z","2026-09-04T11:40:00Z","2026-09-04T12:30:00Z","SYNTHETIC","300","330","50","60"
"SIM-S0173-P8","SIM-S0173","SIM-S0173-MIX","MIX","MIX-2","Agitator_Speed","301.7515","rpm","2026-09-04T12:25:00Z","2026-09-04T11:40:00Z","2026-09-04T12:30:00Z","SYNTHETIC","300","330","50","60"
"SIM-S0173-P9","SIM-S0173","SIM-S0173-FILTER","FILTER","MIX-2","Filter_DP","38.7089","kPa","2026-09-04T12:30:00Z","2026-09-04T12:30:00Z","2026-09-04T12:45:00Z","SYNTHETIC","40","80","15","20"
"SIM-S0173-P10","SIM-S0173","SIM-S0173-FILTER","FILTER","MIX-2","Filter_DP","39.482","kPa","2026-09-04T12:36:00Z","2026-09-04T12:30:00Z","2026-09-04T12:45:00Z","SYNTHETIC","40","80","15","20"
"SIM-S0173-P11","SIM-S0173","SIM-S0173-FILTER","FILTER","MIX-2","Filter_DP","40.6524","kPa","2026-09-04T12:42:00Z","2026-09-04T12:30:00Z","2026-09-04T12:45:00Z","SYNTHETIC","40","80","15","20"
"SIM-S0174-P0","SIM-S0174","SIM-S0174-MIX","MIX","MIX-3","Temperature","25.6542","C","2026-09-04T11:40:00Z","2026-09-04T11:40:00Z","2026-09-04T12:30:00Z","SYNTHETIC","25","30","50","60"
"SIM-S0174-P1","SIM-S0174","SIM-S0174-MIX","MIX","MIX-3","Temperature","25.7709","C","2026-09-04T11:48:00Z","2026-09-04T11:40:00Z","2026-09-04T12:30:00Z","SYNTHETIC","25","30","50","60"
"SIM-S0174-P2","SIM-S0174","SIM-S0174-MIX","MIX","MIX-3","Temperature","25.884","C","2026-09-04T11:56:00Z","2026-09-04T11:40:00Z","2026-09-04T12:30:00Z","SYNTHETIC","25","30","50","60"
"SIM-S0174-P3","SIM-S0174","SIM-S0174-MIX","MIX","MIX-3","Temperature","25.5673","C","2026-09-04T12:04:00Z","2026-09-04T11:40:00Z","2026-09-04T12:30:00Z","SYNTHETIC","25","30","50","60"
"SIM-S0174-P4","SIM-S0174","SIM-S0174-MIX","MIX","MIX-3","Temperature","25.7619","C","2026-09-04T12:12:00Z","2026-09-04T11:40:00Z","2026-09-04T12:30:00Z","SYNTHETIC","25","30","50","60"
"SIM-S0174-P5","SIM-S0174","SIM-S0174-MIX","MIX","MIX-3","Temperature","25.7432","C","2026-09-04T12:20:00Z","2026-09-04T11:40:00Z","2026-09-04T12:30:00Z","SYNTHETIC","25","30","50","60"
"SIM-S0174-P6","SIM-S0174","SIM-S0174-MIX","MIX","MIX-3","Agitator_Speed","300.0514","rpm","2026-09-04T11:45:00Z","2026-09-04T11:40:00Z","2026-09-04T12:30:00Z","SYNTHETIC","300","330","50","60"
"SIM-S0174-P7","SIM-S0174","SIM-S0174-MIX","MIX","MIX-3","Agitator_Speed","300.4635","rpm","2026-09-04T12:05:00Z","2026-09-04T11:40:00Z","2026-09-04T12:30:00Z","SYNTHETIC","300","330","50","60"
"SIM-S0174-P8","SIM-S0174","SIM-S0174-MIX","MIX","MIX-3","Agitator_Speed","299.8329","rpm","2026-09-04T12:25:00Z","2026-09-04T11:40:00Z","2026-09-04T12:30:00Z","SYNTHETIC","300","330","50","60"
"SIM-S0174-P9","SIM-S0174","SIM-S0174-FILTER","FILTER","MIX-3","Filter_DP","37.1285","kPa","2026-09-04T12:30:00Z","2026-09-04T12:30:00Z","2026-09-04T12:45:00Z","SYNTHETIC","40","80","15","20"
"SIM-S0174-P10","SIM-S0174","SIM-S0174-FILTER","FILTER","MIX-3","Filter_DP","38.7329","kPa","2026-09-04T12:36:00Z","2026-09-04T12:30:00Z","2026-09-04T12:45:00Z","SYNTHETIC","40","80","15","20"
"SIM-S0174-P11","SIM-S0174","SIM-S0174-FILTER","FILTER","MIX-3","Filter_DP","38.1371","kPa","2026-09-04T12:42:00Z","2026-09-04T12:30:00Z","2026-09-04T12:45:00Z","SYNTHETIC","40","80","15","20"
"SIM-S0175-P0","SIM-S0175","SIM-S0175-MIX","MIX","MIX-1","Temperature","25.3573","C","2026-09-04T13:10:00Z","2026-09-04T13:10:00Z","2026-09-04T14:00:00Z","SYNTHETIC","25","30","50","60"
"SIM-S0175-P1","SIM-S0175","SIM-S0175-MIX","MIX","MIX-1","Temperature","25.4088","C","2026-09-04T13:18:00Z","2026-09-04T13:10:00Z","2026-09-04T14:00:00Z","SYNTHETIC","25","30","50","60"
"SIM-S0175-P2","SIM-S0175","SIM-S0175-MIX","MIX","MIX-1","Temperature","25.3725","C","2026-09-04T13:26:00Z","2026-09-04T13:10:00Z","2026-09-04T14:00:00Z","SYNTHETIC","25","30","50","60"
"SIM-S0175-P3","SIM-S0175","SIM-S0175-MIX","MIX","MIX-1","Temperature","25.3014","C","2026-09-04T13:34:00Z","2026-09-04T13:10:00Z","2026-09-04T14:00:00Z","SYNTHETIC","25","30","50","60"
"SIM-S0175-P4","SIM-S0175","SIM-S0175-MIX","MIX","MIX-1","Temperature","25.3628","C","2026-09-04T13:42:00Z","2026-09-04T13:10:00Z","2026-09-04T14:00:00Z","SYNTHETIC","25","30","50","60"
"SIM-S0175-P5","SIM-S0175","SIM-S0175-MIX","MIX","MIX-1","Temperature","25.5167","C","2026-09-04T13:50:00Z","2026-09-04T13:10:00Z","2026-09-04T14:00:00Z","SYNTHETIC","25","30","50","60"
"SIM-S0175-P6","SIM-S0175","SIM-S0175-MIX","MIX","MIX-1","Agitator_Speed","295.8414","rpm","2026-09-04T13:15:00Z","2026-09-04T13:10:00Z","2026-09-04T14:00:00Z","SYNTHETIC","300","330","50","60"
"SIM-S0175-P7","SIM-S0175","SIM-S0175-MIX","MIX","MIX-1","Agitator_Speed","297.1394","rpm","2026-09-04T13:35:00Z","2026-09-04T13:10:00Z","2026-09-04T14:00:00Z","SYNTHETIC","300","330","50","60"
"SIM-S0175-P8","SIM-S0175","SIM-S0175-MIX","MIX","MIX-1","Agitator_Speed","296.5868","rpm","2026-09-04T13:55:00Z","2026-09-04T13:10:00Z","2026-09-04T14:00:00Z","SYNTHETIC","300","330","50","60"
"SIM-S0175-P9","SIM-S0175","SIM-S0175-FILTER","FILTER","MIX-1","Filter_DP","42.9843","kPa","2026-09-04T14:00:00Z","2026-09-04T14:00:00Z","2026-09-04T14:15:00Z","SYNTHETIC","40","80","15","20"
"SIM-S0175-P10","SIM-S0175","SIM-S0175-FILTER","FILTER","MIX-1","Filter_DP","44.377","kPa","2026-09-04T14:06:00Z","2026-09-04T14:00:00Z","2026-09-04T14:15:00Z","SYNTHETIC","40","80","15","20"
"SIM-S0175-P11","SIM-S0175","SIM-S0175-FILTER","FILTER","MIX-1","Filter_DP","45.3228","kPa","2026-09-04T14:12:00Z","2026-09-04T14:00:00Z","2026-09-04T14:15:00Z","SYNTHETIC","40","80","15","20"
"SIM-S0176-P0","SIM-S0176","SIM-S0176-MIX","MIX","MIX-2","Temperature","26.0079","C","2026-09-04T13:10:00Z","2026-09-04T13:10:00Z","2026-09-04T14:00:00Z","SYNTHETIC","25","30","50","60"
"SIM-S0176-P1","SIM-S0176","SIM-S0176-MIX","MIX","MIX-2","Temperature","26.3495","C","2026-09-04T13:18:00Z","2026-09-04T13:10:00Z","2026-09-04T14:00:00Z","SYNTHETIC","25","30","50","60"
"SIM-S0176-P2","SIM-S0176","SIM-S0176-MIX","MIX","MIX-2","Temperature","26.3533","C","2026-09-04T13:26:00Z","2026-09-04T13:10:00Z","2026-09-04T14:00:00Z","SYNTHETIC","25","30","50","60"
"SIM-S0176-P3","SIM-S0176","SIM-S0176-MIX","MIX","MIX-2","Temperature","26.1018","C","2026-09-04T13:34:00Z","2026-09-04T13:10:00Z","2026-09-04T14:00:00Z","SYNTHETIC","25","30","50","60"
"SIM-S0176-P4","SIM-S0176","SIM-S0176-MIX","MIX","MIX-2","Temperature","26.5372","C","2026-09-04T13:42:00Z","2026-09-04T13:10:00Z","2026-09-04T14:00:00Z","SYNTHETIC","25","30","50","60"
"SIM-S0176-P5","SIM-S0176","SIM-S0176-MIX","MIX","MIX-2","Temperature","26.3351","C","2026-09-04T13:50:00Z","2026-09-04T13:10:00Z","2026-09-04T14:00:00Z","SYNTHETIC","25","30","50","60"
"SIM-S0176-P6","SIM-S0176","SIM-S0176-MIX","MIX","MIX-2","Agitator_Speed","300.2001","rpm","2026-09-04T13:15:00Z","2026-09-04T13:10:00Z","2026-09-04T14:00:00Z","SYNTHETIC","300","330","50","60"
"SIM-S0176-P7","SIM-S0176","SIM-S0176-MIX","MIX","MIX-2","Agitator_Speed","298.277","rpm","2026-09-04T13:35:00Z","2026-09-04T13:10:00Z","2026-09-04T14:00:00Z","SYNTHETIC","300","330","50","60"
"SIM-S0176-P8","SIM-S0176","SIM-S0176-MIX","MIX","MIX-2","Agitator_Speed","300.8542","rpm","2026-09-04T13:55:00Z","2026-09-04T13:10:00Z","2026-09-04T14:00:00Z","SYNTHETIC","300","330","50","60"
"SIM-S0176-P9","SIM-S0176","SIM-S0176-FILTER","FILTER","MIX-2","Filter_DP","41.9737","kPa","2026-09-04T14:00:00Z","2026-09-04T14:00:00Z","2026-09-04T14:15:00Z","SYNTHETIC","40","80","15","20"
"SIM-S0176-P10","SIM-S0176","SIM-S0176-FILTER","FILTER","MIX-2","Filter_DP","43.3042","kPa","2026-09-04T14:06:00Z","2026-09-04T14:00:00Z","2026-09-04T14:15:00Z","SYNTHETIC","40","80","15","20"
"SIM-S0176-P11","SIM-S0176","SIM-S0176-FILTER","FILTER","MIX-2","Filter_DP","43.8259","kPa","2026-09-04T14:12:00Z","2026-09-04T14:00:00Z","2026-09-04T14:15:00Z","SYNTHETIC","40","80","15","20"
"SIM-S0177-P0","SIM-S0177","SIM-S0177-MIX","MIX","MIX-3","Temperature","25.8553","C","2026-09-04T13:10:00Z","2026-09-04T13:10:00Z","2026-09-04T14:00:00Z","SYNTHETIC","25","30","50","60"
"SIM-S0177-P1","SIM-S0177","SIM-S0177-MIX","MIX","MIX-3","Temperature","25.6802","C","2026-09-04T13:18:00Z","2026-09-04T13:10:00Z","2026-09-04T14:00:00Z","SYNTHETIC","25","30","50","60"
"SIM-S0177-P2","SIM-S0177","SIM-S0177-MIX","MIX","MIX-3","Temperature","25.7829","C","2026-09-04T13:26:00Z","2026-09-04T13:10:00Z","2026-09-04T14:00:00Z","SYNTHETIC","25","30","50","60"
"SIM-S0177-P3","SIM-S0177","SIM-S0177-MIX","MIX","MIX-3","Temperature","25.7742","C","2026-09-04T13:34:00Z","2026-09-04T13:10:00Z","2026-09-04T14:00:00Z","SYNTHETIC","25","30","50","60"
"SIM-S0177-P4","SIM-S0177","SIM-S0177-MIX","MIX","MIX-3","Temperature","25.5933","C","2026-09-04T13:42:00Z","2026-09-04T13:10:00Z","2026-09-04T14:00:00Z","SYNTHETIC","25","30","50","60"
"SIM-S0177-P5","SIM-S0177","SIM-S0177-MIX","MIX","MIX-3","Temperature","25.7661","C","2026-09-04T13:50:00Z","2026-09-04T13:10:00Z","2026-09-04T14:00:00Z","SYNTHETIC","25","30","50","60"
"SIM-S0177-P6","SIM-S0177","SIM-S0177-MIX","MIX","MIX-3","Agitator_Speed","298.3816","rpm","2026-09-04T13:15:00Z","2026-09-04T13:10:00Z","2026-09-04T14:00:00Z","SYNTHETIC","300","330","50","60"
"SIM-S0177-P7","SIM-S0177","SIM-S0177-MIX","MIX","MIX-3","Agitator_Speed","302.6909","rpm","2026-09-04T13:35:00Z","2026-09-04T13:10:00Z","2026-09-04T14:00:00Z","SYNTHETIC","300","330","50","60"
"SIM-S0177-P8","SIM-S0177","SIM-S0177-MIX","MIX","MIX-3","Agitator_Speed","302.9167","rpm","2026-09-04T13:55:00Z","2026-09-04T13:10:00Z","2026-09-04T14:00:00Z","SYNTHETIC","300","330","50","60"
"SIM-S0177-P9","SIM-S0177","SIM-S0177-FILTER","FILTER","MIX-3","Filter_DP","44.5142","kPa","2026-09-04T14:00:00Z","2026-09-04T14:00:00Z","2026-09-04T14:15:00Z","SYNTHETIC","40","80","15","20"
"SIM-S0177-P10","SIM-S0177","SIM-S0177-FILTER","FILTER","MIX-3","Filter_DP","45.006","kPa","2026-09-04T14:06:00Z","2026-09-04T14:00:00Z","2026-09-04T14:15:00Z","SYNTHETIC","40","80","15","20"
"SIM-S0177-P11","SIM-S0177","SIM-S0177-FILTER","FILTER","MIX-3","Filter_DP","45.4607","kPa","2026-09-04T14:12:00Z","2026-09-04T14:00:00Z","2026-09-04T14:15:00Z","SYNTHETIC","40","80","15","20"
"SIM-S0178-P0","SIM-S0178","SIM-S0178-MIX","MIX","MIX-1","Temperature","25.5976","C","2026-09-04T14:40:00Z","2026-09-04T14:40:00Z","2026-09-04T15:30:00Z","SYNTHETIC","25","30","50","60"
"SIM-S0178-P1","SIM-S0178","SIM-S0178-MIX","MIX","MIX-1","Temperature","25.8529","C","2026-09-04T14:48:00Z","2026-09-04T14:40:00Z","2026-09-04T15:30:00Z","SYNTHETIC","25","30","50","60"
"SIM-S0178-P2","SIM-S0178","SIM-S0178-MIX","MIX","MIX-1","Temperature","26.1763","C","2026-09-04T14:56:00Z","2026-09-04T14:40:00Z","2026-09-04T15:30:00Z","SYNTHETIC","25","30","50","60"
"SIM-S0178-P3","SIM-S0178","SIM-S0178-MIX","MIX","MIX-1","Temperature","25.7879","C","2026-09-04T15:04:00Z","2026-09-04T14:40:00Z","2026-09-04T15:30:00Z","SYNTHETIC","25","30","50","60"
"SIM-S0178-P4","SIM-S0178","SIM-S0178-MIX","MIX","MIX-1","Temperature","25.5589","C","2026-09-04T15:12:00Z","2026-09-04T14:40:00Z","2026-09-04T15:30:00Z","SYNTHETIC","25","30","50","60"
"SIM-S0178-P5","SIM-S0178","SIM-S0178-MIX","MIX","MIX-1","Temperature","25.6487","C","2026-09-04T15:20:00Z","2026-09-04T14:40:00Z","2026-09-04T15:30:00Z","SYNTHETIC","25","30","50","60"
"SIM-S0178-P6","SIM-S0178","SIM-S0178-MIX","MIX","MIX-1","Agitator_Speed","302.3033","rpm","2026-09-04T14:45:00Z","2026-09-04T14:40:00Z","2026-09-04T15:30:00Z","SYNTHETIC","300","330","50","60"
"SIM-S0178-P7","SIM-S0178","SIM-S0178-MIX","MIX","MIX-1","Agitator_Speed","301.0693","rpm","2026-09-04T15:05:00Z","2026-09-04T14:40:00Z","2026-09-04T15:30:00Z","SYNTHETIC","300","330","50","60"
"SIM-S0178-P8","SIM-S0178","SIM-S0178-MIX","MIX","MIX-1","Agitator_Speed","302.2879","rpm","2026-09-04T15:25:00Z","2026-09-04T14:40:00Z","2026-09-04T15:30:00Z","SYNTHETIC","300","330","50","60"
"SIM-S0178-P9","SIM-S0178","SIM-S0178-FILTER","FILTER","MIX-1","Filter_DP","42.0511","kPa","2026-09-04T15:30:00Z","2026-09-04T15:30:00Z","2026-09-04T15:45:00Z","SYNTHETIC","40","80","15","20"
"SIM-S0178-P10","SIM-S0178","SIM-S0178-FILTER","FILTER","MIX-1","Filter_DP","43.0365","kPa","2026-09-04T15:36:00Z","2026-09-04T15:30:00Z","2026-09-04T15:45:00Z","SYNTHETIC","40","80","15","20"
"SIM-S0178-P11","SIM-S0178","SIM-S0178-FILTER","FILTER","MIX-1","Filter_DP","43.6883","kPa","2026-09-04T15:42:00Z","2026-09-04T15:30:00Z","2026-09-04T15:45:00Z","SYNTHETIC","40","80","15","20"
"SIM-S0179-P0","SIM-S0179","SIM-S0179-MIX","MIX","MIX-2","Temperature","25.1345","C","2026-09-04T14:40:00Z","2026-09-04T14:40:00Z","2026-09-04T15:30:00Z","SYNTHETIC","25","30","50","60"
"SIM-S0179-P1","SIM-S0179","SIM-S0179-MIX","MIX","MIX-2","Temperature","25.1693","C","2026-09-04T14:48:00Z","2026-09-04T14:40:00Z","2026-09-04T15:30:00Z","SYNTHETIC","25","30","50","60"
"SIM-S0179-P2","SIM-S0179","SIM-S0179-MIX","MIX","MIX-2","Temperature","25.3419","C","2026-09-04T14:56:00Z","2026-09-04T14:40:00Z","2026-09-04T15:30:00Z","SYNTHETIC","25","30","50","60"
"SIM-S0179-P3","SIM-S0179","SIM-S0179-MIX","MIX","MIX-2","Temperature","25.1686","C","2026-09-04T15:04:00Z","2026-09-04T14:40:00Z","2026-09-04T15:30:00Z","SYNTHETIC","25","30","50","60"
"SIM-S0179-P4","SIM-S0179","SIM-S0179-MIX","MIX","MIX-2","Temperature","25.1791","C","2026-09-04T15:12:00Z","2026-09-04T14:40:00Z","2026-09-04T15:30:00Z","SYNTHETIC","25","30","50","60"
"SIM-S0179-P5","SIM-S0179","SIM-S0179-MIX","MIX","MIX-2","Temperature","25.438","C","2026-09-04T15:20:00Z","2026-09-04T14:40:00Z","2026-09-04T15:30:00Z","SYNTHETIC","25","30","50","60"
"SIM-S0179-P6","SIM-S0179","SIM-S0179-MIX","MIX","MIX-2","Agitator_Speed","295.7792","rpm","2026-09-04T14:45:00Z","2026-09-04T14:40:00Z","2026-09-04T15:30:00Z","SYNTHETIC","300","330","50","60"
"SIM-S0179-P7","SIM-S0179","SIM-S0179-MIX","MIX","MIX-2","Agitator_Speed","297.6926","rpm","2026-09-04T15:05:00Z","2026-09-04T14:40:00Z","2026-09-04T15:30:00Z","SYNTHETIC","300","330","50","60"
"SIM-S0179-P8","SIM-S0179","SIM-S0179-MIX","MIX","MIX-2","Agitator_Speed","296.755","rpm","2026-09-04T15:25:00Z","2026-09-04T14:40:00Z","2026-09-04T15:30:00Z","SYNTHETIC","300","330","50","60"
"SIM-S0179-P9","SIM-S0179","SIM-S0179-FILTER","FILTER","MIX-2","Filter_DP","45.9339","kPa","2026-09-04T15:30:00Z","2026-09-04T15:30:00Z","2026-09-04T15:45:00Z","SYNTHETIC","40","80","15","20"
"SIM-S0179-P10","SIM-S0179","SIM-S0179-FILTER","FILTER","MIX-2","Filter_DP","47.2796","kPa","2026-09-04T15:36:00Z","2026-09-04T15:30:00Z","2026-09-04T15:45:00Z","SYNTHETIC","40","80","15","20"
"SIM-S0179-P11","SIM-S0179","SIM-S0179-FILTER","FILTER","MIX-2","Filter_DP","48.0978","kPa","2026-09-04T15:42:00Z","2026-09-04T15:30:00Z","2026-09-04T15:45:00Z","SYNTHETIC","40","80","15","20"
"SIM-S0180-P0","SIM-S0180","SIM-S0180-MIX","MIX","MIX-3","Temperature","25.0219","C","2026-09-04T14:40:00Z","2026-09-04T14:40:00Z","2026-09-04T15:30:00Z","SYNTHETIC","25","30","50","60"
"SIM-S0180-P1","SIM-S0180","SIM-S0180-MIX","MIX","MIX-3","Temperature","24.9866","C","2026-09-04T14:48:00Z","2026-09-04T14:40:00Z","2026-09-04T15:30:00Z","SYNTHETIC","25","30","50","60"
"SIM-S0180-P2","SIM-S0180","SIM-S0180-MIX","MIX","MIX-3","Temperature","25.0614","C","2026-09-04T14:56:00Z","2026-09-04T14:40:00Z","2026-09-04T15:30:00Z","SYNTHETIC","25","30","50","60"
"SIM-S0180-P3","SIM-S0180","SIM-S0180-MIX","MIX","MIX-3","Temperature","24.9467","C","2026-09-04T15:04:00Z","2026-09-04T14:40:00Z","2026-09-04T15:30:00Z","SYNTHETIC","25","30","50","60"
"SIM-S0180-P4","SIM-S0180","SIM-S0180-MIX","MIX","MIX-3","Temperature","25.2657","C","2026-09-04T15:12:00Z","2026-09-04T14:40:00Z","2026-09-04T15:30:00Z","SYNTHETIC","25","30","50","60"
"SIM-S0180-P5","SIM-S0180","SIM-S0180-MIX","MIX","MIX-3","Temperature","25.1924","C","2026-09-04T15:20:00Z","2026-09-04T14:40:00Z","2026-09-04T15:30:00Z","SYNTHETIC","25","30","50","60"
"SIM-S0180-P6","SIM-S0180","SIM-S0180-MIX","MIX","MIX-3","Agitator_Speed","299.9516","rpm","2026-09-04T14:45:00Z","2026-09-04T14:40:00Z","2026-09-04T15:30:00Z","SYNTHETIC","300","330","50","60"
"SIM-S0180-P7","SIM-S0180","SIM-S0180-MIX","MIX","MIX-3","Agitator_Speed","297.2616","rpm","2026-09-04T15:05:00Z","2026-09-04T14:40:00Z","2026-09-04T15:30:00Z","SYNTHETIC","300","330","50","60"
"SIM-S0180-P8","SIM-S0180","SIM-S0180-MIX","MIX","MIX-3","Agitator_Speed","296.7132","rpm","2026-09-04T15:25:00Z","2026-09-04T14:40:00Z","2026-09-04T15:30:00Z","SYNTHETIC","300","330","50","60"
"SIM-S0180-P9","SIM-S0180","SIM-S0180-FILTER","FILTER","MIX-3","Filter_DP","45.5664","kPa","2026-09-04T15:30:00Z","2026-09-04T15:30:00Z","2026-09-04T15:45:00Z","SYNTHETIC","40","80","15","20"
"SIM-S0180-P10","SIM-S0180","SIM-S0180-FILTER","FILTER","MIX-3","Filter_DP","45.1933","kPa","2026-09-04T15:36:00Z","2026-09-04T15:30:00Z","2026-09-04T15:45:00Z","SYNTHETIC","40","80","15","20"
"SIM-S0180-P11","SIM-S0180","SIM-S0180-FILTER","FILTER","MIX-3","Filter_DP","47.2306","kPa","2026-09-04T15:42:00Z","2026-09-04T15:30:00Z","2026-09-04T15:45:00Z","SYNTHETIC","40","80","15","20"
"SIM-S0181-P0","SIM-S0181","SIM-S0181-MIX","MIX","MIX-1","Temperature","25.5487","C","2026-09-04T16:10:00Z","2026-09-04T16:10:00Z","2026-09-04T17:00:00Z","SYNTHETIC","25","30","50","60"
"SIM-S0181-P1","SIM-S0181","SIM-S0181-MIX","MIX","MIX-1","Temperature","25.7087","C","2026-09-04T16:18:00Z","2026-09-04T16:10:00Z","2026-09-04T17:00:00Z","SYNTHETIC","25","30","50","60"
"SIM-S0181-P2","SIM-S0181","SIM-S0181-MIX","MIX","MIX-1","Temperature","25.7294","C","2026-09-04T16:26:00Z","2026-09-04T16:10:00Z","2026-09-04T17:00:00Z","SYNTHETIC","25","30","50","60"
"SIM-S0181-P3","SIM-S0181","SIM-S0181-MIX","MIX","MIX-1","Temperature","25.7506","C","2026-09-04T16:34:00Z","2026-09-04T16:10:00Z","2026-09-04T17:00:00Z","SYNTHETIC","25","30","50","60"
"SIM-S0181-P4","SIM-S0181","SIM-S0181-MIX","MIX","MIX-1","Temperature","25.2956","C","2026-09-04T16:42:00Z","2026-09-04T16:10:00Z","2026-09-04T17:00:00Z","SYNTHETIC","25","30","50","60"
"SIM-S0181-P5","SIM-S0181","SIM-S0181-MIX","MIX","MIX-1","Temperature","25.4537","C","2026-09-04T16:50:00Z","2026-09-04T16:10:00Z","2026-09-04T17:00:00Z","SYNTHETIC","25","30","50","60"
"SIM-S0181-P6","SIM-S0181","SIM-S0181-MIX","MIX","MIX-1","Agitator_Speed","298.6061","rpm","2026-09-04T16:15:00Z","2026-09-04T16:10:00Z","2026-09-04T17:00:00Z","SYNTHETIC","300","330","50","60"
"SIM-S0181-P7","SIM-S0181","SIM-S0181-MIX","MIX","MIX-1","Agitator_Speed","296.4649","rpm","2026-09-04T16:35:00Z","2026-09-04T16:10:00Z","2026-09-04T17:00:00Z","SYNTHETIC","300","330","50","60"
"SIM-S0181-P8","SIM-S0181","SIM-S0181-MIX","MIX","MIX-1","Agitator_Speed","298.4837","rpm","2026-09-04T16:55:00Z","2026-09-04T16:10:00Z","2026-09-04T17:00:00Z","SYNTHETIC","300","330","50","60"
"SIM-S0181-P9","SIM-S0181","SIM-S0181-FILTER","FILTER","MIX-1","Filter_DP","46.8109","kPa","2026-09-04T17:00:00Z","2026-09-04T17:00:00Z","2026-09-04T17:15:00Z","SYNTHETIC","40","80","15","20"
"SIM-S0181-P10","SIM-S0181","SIM-S0181-FILTER","FILTER","MIX-1","Filter_DP","47.8565","kPa","2026-09-04T17:06:00Z","2026-09-04T17:00:00Z","2026-09-04T17:15:00Z","SYNTHETIC","40","80","15","20"
"SIM-S0181-P11","SIM-S0181","SIM-S0181-FILTER","FILTER","MIX-1","Filter_DP","48.7601","kPa","2026-09-04T17:12:00Z","2026-09-04T17:00:00Z","2026-09-04T17:15:00Z","SYNTHETIC","40","80","15","20"
"SIM-S0182-P0","SIM-S0182","SIM-S0182-MIX","MIX","MIX-2","Temperature","25.8022","C","2026-09-04T16:10:00Z","2026-09-04T16:10:00Z","2026-09-04T17:00:00Z","SYNTHETIC","25","30","50","60"
"SIM-S0182-P1","SIM-S0182","SIM-S0182-MIX","MIX","MIX-2","Temperature","25.622","C","2026-09-04T16:18:00Z","2026-09-04T16:10:00Z","2026-09-04T17:00:00Z","SYNTHETIC","25","30","50","60"
"SIM-S0182-P2","SIM-S0182","SIM-S0182-MIX","MIX","MIX-2","Temperature","25.4052","C","2026-09-04T16:26:00Z","2026-09-04T16:10:00Z","2026-09-04T17:00:00Z","SYNTHETIC","25","30","50","60"
"SIM-S0182-P3","SIM-S0182","SIM-S0182-MIX","MIX","MIX-2","Temperature","25.9036","C","2026-09-04T16:34:00Z","2026-09-04T16:10:00Z","2026-09-04T17:00:00Z","SYNTHETIC","25","30","50","60"
"SIM-S0182-P4","SIM-S0182","SIM-S0182-MIX","MIX","MIX-2","Temperature","25.6222","C","2026-09-04T16:42:00Z","2026-09-04T16:10:00Z","2026-09-04T17:00:00Z","SYNTHETIC","25","30","50","60"
"SIM-S0182-P5","SIM-S0182","SIM-S0182-MIX","MIX","MIX-2","Temperature","25.4788","C","2026-09-04T16:50:00Z","2026-09-04T16:10:00Z","2026-09-04T17:00:00Z","SYNTHETIC","25","30","50","60"
"SIM-S0182-P6","SIM-S0182","SIM-S0182-MIX","MIX","MIX-2","Agitator_Speed","302.5156","rpm","2026-09-04T16:15:00Z","2026-09-04T16:10:00Z","2026-09-04T17:00:00Z","SYNTHETIC","300","330","50","60"
"SIM-S0182-P7","SIM-S0182","SIM-S0182-MIX","MIX","MIX-2","Agitator_Speed","302.5998","rpm","2026-09-04T16:35:00Z","2026-09-04T16:10:00Z","2026-09-04T17:00:00Z","SYNTHETIC","300","330","50","60"
"SIM-S0182-P8","SIM-S0182","SIM-S0182-MIX","MIX","MIX-2","Agitator_Speed","303.9448","rpm","2026-09-04T16:55:00Z","2026-09-04T16:10:00Z","2026-09-04T17:00:00Z","SYNTHETIC","300","330","50","60"
"SIM-S0182-P9","SIM-S0182","SIM-S0182-FILTER","FILTER","MIX-2","Filter_DP","44.0159","kPa","2026-09-04T17:00:00Z","2026-09-04T17:00:00Z","2026-09-04T17:15:00Z","SYNTHETIC","40","80","15","20"
"SIM-S0182-P10","SIM-S0182","SIM-S0182-FILTER","FILTER","MIX-2","Filter_DP","44.8464","kPa","2026-09-04T17:06:00Z","2026-09-04T17:00:00Z","2026-09-04T17:15:00Z","SYNTHETIC","40","80","15","20"
"SIM-S0182-P11","SIM-S0182","SIM-S0182-FILTER","FILTER","MIX-2","Filter_DP","45.1814","kPa","2026-09-04T17:12:00Z","2026-09-04T17:00:00Z","2026-09-04T17:15:00Z","SYNTHETIC","40","80","15","20"
"SIM-S0183-P0","SIM-S0183","SIM-S0183-MIX","MIX","MIX-3","Temperature","25.2045","C","2026-09-04T16:10:00Z","2026-09-04T16:10:00Z","2026-09-04T17:00:00Z","SYNTHETIC","25","30","50","60"
"SIM-S0183-P1","SIM-S0183","SIM-S0183-MIX","MIX","MIX-3","Temperature","25.1474","C","2026-09-04T16:18:00Z","2026-09-04T16:10:00Z","2026-09-04T17:00:00Z","SYNTHETIC","25","30","50","60"
"SIM-S0183-P2","SIM-S0183","SIM-S0183-MIX","MIX","MIX-3","Temperature","25.2373","C","2026-09-04T16:26:00Z","2026-09-04T16:10:00Z","2026-09-04T17:00:00Z","SYNTHETIC","25","30","50","60"
"SIM-S0183-P3","SIM-S0183","SIM-S0183-MIX","MIX","MIX-3","Temperature","25.3138","C","2026-09-04T16:34:00Z","2026-09-04T16:10:00Z","2026-09-04T17:00:00Z","SYNTHETIC","25","30","50","60"
"SIM-S0183-P4","SIM-S0183","SIM-S0183-MIX","MIX","MIX-3","Temperature","25.4013","C","2026-09-04T16:42:00Z","2026-09-04T16:10:00Z","2026-09-04T17:00:00Z","SYNTHETIC","25","30","50","60"
"SIM-S0183-P5","SIM-S0183","SIM-S0183-MIX","MIX","MIX-3","Temperature","25.39","C","2026-09-04T16:50:00Z","2026-09-04T16:10:00Z","2026-09-04T17:00:00Z","SYNTHETIC","25","30","50","60"
"SIM-S0183-P6","SIM-S0183","SIM-S0183-MIX","MIX","MIX-3","Agitator_Speed","302.3286","rpm","2026-09-04T16:15:00Z","2026-09-04T16:10:00Z","2026-09-04T17:00:00Z","SYNTHETIC","300","330","50","60"
"SIM-S0183-P7","SIM-S0183","SIM-S0183-MIX","MIX","MIX-3","Agitator_Speed","302.9757","rpm","2026-09-04T16:35:00Z","2026-09-04T16:10:00Z","2026-09-04T17:00:00Z","SYNTHETIC","300","330","50","60"
"SIM-S0183-P8","SIM-S0183","SIM-S0183-MIX","MIX","MIX-3","Agitator_Speed","302.2251","rpm","2026-09-04T16:55:00Z","2026-09-04T16:10:00Z","2026-09-04T17:00:00Z","SYNTHETIC","300","330","50","60"
"SIM-S0183-P9","SIM-S0183","SIM-S0183-FILTER","FILTER","MIX-3","Filter_DP","46.5302","kPa","2026-09-04T17:00:00Z","2026-09-04T17:00:00Z","2026-09-04T17:15:00Z","SYNTHETIC","40","80","15","20"
"SIM-S0183-P10","SIM-S0183","SIM-S0183-FILTER","FILTER","MIX-3","Filter_DP","47.2656","kPa","2026-09-04T17:06:00Z","2026-09-04T17:00:00Z","2026-09-04T17:15:00Z","SYNTHETIC","40","80","15","20"
"SIM-S0183-P11","SIM-S0183","SIM-S0183-FILTER","FILTER","MIX-3","Filter_DP","47.6146","kPa","2026-09-04T17:12:00Z","2026-09-04T17:00:00Z","2026-09-04T17:15:00Z","SYNTHETIC","40","80","15","20"
"SIM-S0184-P0","SIM-S0184","SIM-S0184-MIX","MIX","MIX-1","Temperature","25.6087","C","2026-09-04T17:40:00Z","2026-09-04T17:40:00Z","2026-09-04T18:30:00Z","SYNTHETIC","25","30","50","60"
"SIM-S0184-P1","SIM-S0184","SIM-S0184-MIX","MIX","MIX-1","Temperature","25.3158","C","2026-09-04T17:48:00Z","2026-09-04T17:40:00Z","2026-09-04T18:30:00Z","SYNTHETIC","25","30","50","60"
"SIM-S0184-P2","SIM-S0184","SIM-S0184-MIX","MIX","MIX-1","Temperature","25.3096","C","2026-09-04T17:56:00Z","2026-09-04T17:40:00Z","2026-09-04T18:30:00Z","SYNTHETIC","25","30","50","60"
"SIM-S0184-P3","SIM-S0184","SIM-S0184-MIX","MIX","MIX-1","Temperature","25.3593","C","2026-09-04T18:04:00Z","2026-09-04T17:40:00Z","2026-09-04T18:30:00Z","SYNTHETIC","25","30","50","60"
"SIM-S0184-P4","SIM-S0184","SIM-S0184-MIX","MIX","MIX-1","Temperature","25.1766","C","2026-09-04T18:12:00Z","2026-09-04T17:40:00Z","2026-09-04T18:30:00Z","SYNTHETIC","25","30","50","60"
"SIM-S0184-P5","SIM-S0184","SIM-S0184-MIX","MIX","MIX-1","Temperature","25.2751","C","2026-09-04T18:20:00Z","2026-09-04T17:40:00Z","2026-09-04T18:30:00Z","SYNTHETIC","25","30","50","60"
"SIM-S0184-P6","SIM-S0184","SIM-S0184-MIX","MIX","MIX-1","Agitator_Speed","300.0747","rpm","2026-09-04T17:45:00Z","2026-09-04T17:40:00Z","2026-09-04T18:30:00Z","SYNTHETIC","300","330","50","60"
"SIM-S0184-P7","SIM-S0184","SIM-S0184-MIX","MIX","MIX-1","Agitator_Speed","299.3944","rpm","2026-09-04T18:05:00Z","2026-09-04T17:40:00Z","2026-09-04T18:30:00Z","SYNTHETIC","300","330","50","60"
"SIM-S0184-P8","SIM-S0184","SIM-S0184-MIX","MIX","MIX-1","Agitator_Speed","299.4951","rpm","2026-09-04T18:25:00Z","2026-09-04T17:40:00Z","2026-09-04T18:30:00Z","SYNTHETIC","300","330","50","60"
"SIM-S0184-P9","SIM-S0184","SIM-S0184-FILTER","FILTER","MIX-1","Filter_DP","53.127","kPa","2026-09-04T18:30:00Z","2026-09-04T18:30:00Z","2026-09-04T18:45:00Z","SYNTHETIC","40","80","15","20"
"SIM-S0184-P10","SIM-S0184","SIM-S0184-FILTER","FILTER","MIX-1","Filter_DP","53.6441","kPa","2026-09-04T18:36:00Z","2026-09-04T18:30:00Z","2026-09-04T18:45:00Z","SYNTHETIC","40","80","15","20"
"SIM-S0184-P11","SIM-S0184","SIM-S0184-FILTER","FILTER","MIX-1","Filter_DP","54.6073","kPa","2026-09-04T18:42:00Z","2026-09-04T18:30:00Z","2026-09-04T18:45:00Z","SYNTHETIC","40","80","15","20"
"SIM-S0185-P0","SIM-S0185","SIM-S0185-MIX","MIX","MIX-2","Temperature","25.7062","C","2026-09-04T17:40:00Z","2026-09-04T17:40:00Z","2026-09-04T18:30:00Z","SYNTHETIC","25","30","50","60"
"SIM-S0185-P1","SIM-S0185","SIM-S0185-MIX","MIX","MIX-2","Temperature","25.9775","C","2026-09-04T17:48:00Z","2026-09-04T17:40:00Z","2026-09-04T18:30:00Z","SYNTHETIC","25","30","50","60"
"SIM-S0185-P2","SIM-S0185","SIM-S0185-MIX","MIX","MIX-2","Temperature","25.6582","C","2026-09-04T17:56:00Z","2026-09-04T17:40:00Z","2026-09-04T18:30:00Z","SYNTHETIC","25","30","50","60"
"SIM-S0185-P3","SIM-S0185","SIM-S0185-MIX","MIX","MIX-2","Temperature","25.7983","C","2026-09-04T18:04:00Z","2026-09-04T17:40:00Z","2026-09-04T18:30:00Z","SYNTHETIC","25","30","50","60"
"SIM-S0185-P4","SIM-S0185","SIM-S0185-MIX","MIX","MIX-2","Temperature","25.6613","C","2026-09-04T18:12:00Z","2026-09-04T17:40:00Z","2026-09-04T18:30:00Z","SYNTHETIC","25","30","50","60"
"SIM-S0185-P5","SIM-S0185","SIM-S0185-MIX","MIX","MIX-2","Temperature","25.6404","C","2026-09-04T18:20:00Z","2026-09-04T17:40:00Z","2026-09-04T18:30:00Z","SYNTHETIC","25","30","50","60"
"SIM-S0185-P6","SIM-S0185","SIM-S0185-MIX","MIX","MIX-2","Agitator_Speed","298.2976","rpm","2026-09-04T17:45:00Z","2026-09-04T17:40:00Z","2026-09-04T18:30:00Z","SYNTHETIC","300","330","50","60"
"SIM-S0185-P7","SIM-S0185","SIM-S0185-MIX","MIX","MIX-2","Agitator_Speed","295.7935","rpm","2026-09-04T18:05:00Z","2026-09-04T17:40:00Z","2026-09-04T18:30:00Z","SYNTHETIC","300","330","50","60"
"SIM-S0185-P8","SIM-S0185","SIM-S0185-MIX","MIX","MIX-2","Agitator_Speed","297.0036","rpm","2026-09-04T18:25:00Z","2026-09-04T17:40:00Z","2026-09-04T18:30:00Z","SYNTHETIC","300","330","50","60"
"SIM-S0185-P9","SIM-S0185","SIM-S0185-FILTER","FILTER","MIX-2","Filter_DP","48.0817","kPa","2026-09-04T18:30:00Z","2026-09-04T18:30:00Z","2026-09-04T18:45:00Z","SYNTHETIC","40","80","15","20"
"SIM-S0185-P10","SIM-S0185","SIM-S0185-FILTER","FILTER","MIX-2","Filter_DP","48.8721","kPa","2026-09-04T18:36:00Z","2026-09-04T18:30:00Z","2026-09-04T18:45:00Z","SYNTHETIC","40","80","15","20"
"SIM-S0185-P11","SIM-S0185","SIM-S0185-FILTER","FILTER","MIX-2","Filter_DP","50.2424","kPa","2026-09-04T18:42:00Z","2026-09-04T18:30:00Z","2026-09-04T18:45:00Z","SYNTHETIC","40","80","15","20"
"SIM-S0186-P0","SIM-S0186","SIM-S0186-MIX","MIX","MIX-3","Temperature","24.7411","C","2026-09-04T17:40:00Z","2026-09-04T17:40:00Z","2026-09-04T18:30:00Z","SYNTHETIC","25","30","50","60"
"SIM-S0186-P1","SIM-S0186","SIM-S0186-MIX","MIX","MIX-3","Temperature","24.9703","C","2026-09-04T17:48:00Z","2026-09-04T17:40:00Z","2026-09-04T18:30:00Z","SYNTHETIC","25","30","50","60"
"SIM-S0186-P2","SIM-S0186","SIM-S0186-MIX","MIX","MIX-3","Temperature","24.6299","C","2026-09-04T17:56:00Z","2026-09-04T17:40:00Z","2026-09-04T18:30:00Z","SYNTHETIC","25","30","50","60"
"SIM-S0186-P3","SIM-S0186","SIM-S0186-MIX","MIX","MIX-3","Temperature","24.8174","C","2026-09-04T18:04:00Z","2026-09-04T17:40:00Z","2026-09-04T18:30:00Z","SYNTHETIC","25","30","50","60"
"SIM-S0186-P4","SIM-S0186","SIM-S0186-MIX","MIX","MIX-3","Temperature","25.1104","C","2026-09-04T18:12:00Z","2026-09-04T17:40:00Z","2026-09-04T18:30:00Z","SYNTHETIC","25","30","50","60"
"SIM-S0186-P5","SIM-S0186","SIM-S0186-MIX","MIX","MIX-3","Temperature","24.9968","C","2026-09-04T18:20:00Z","2026-09-04T17:40:00Z","2026-09-04T18:30:00Z","SYNTHETIC","25","30","50","60"
"SIM-S0186-P6","SIM-S0186","SIM-S0186-MIX","MIX","MIX-3","Agitator_Speed","299.4342","rpm","2026-09-04T17:45:00Z","2026-09-04T17:40:00Z","2026-09-04T18:30:00Z","SYNTHETIC","300","330","50","60"
"SIM-S0186-P7","SIM-S0186","SIM-S0186-MIX","MIX","MIX-3","Agitator_Speed","298.9444","rpm","2026-09-04T18:05:00Z","2026-09-04T17:40:00Z","2026-09-04T18:30:00Z","SYNTHETIC","300","330","50","60"
"SIM-S0186-P8","SIM-S0186","SIM-S0186-MIX","MIX","MIX-3","Agitator_Speed","298.4736","rpm","2026-09-04T18:25:00Z","2026-09-04T17:40:00Z","2026-09-04T18:30:00Z","SYNTHETIC","300","330","50","60"
"SIM-S0186-P9","SIM-S0186","SIM-S0186-FILTER","FILTER","MIX-3","Filter_DP","48.2773","kPa","2026-09-04T18:30:00Z","2026-09-04T18:30:00Z","2026-09-04T18:45:00Z","SYNTHETIC","40","80","15","20"
"SIM-S0186-P10","SIM-S0186","SIM-S0186-FILTER","FILTER","MIX-3","Filter_DP","49.8471","kPa","2026-09-04T18:36:00Z","2026-09-04T18:30:00Z","2026-09-04T18:45:00Z","SYNTHETIC","40","80","15","20"
"SIM-S0186-P11","SIM-S0186","SIM-S0186-FILTER","FILTER","MIX-3","Filter_DP","50.9569","kPa","2026-09-04T18:42:00Z","2026-09-04T18:30:00Z","2026-09-04T18:45:00Z","SYNTHETIC","40","80","15","20"
"SIM-S0187-P0","SIM-S0187","SIM-S0187-MIX","MIX","MIX-1","Temperature","24.8017","C","2026-09-04T19:10:00Z","2026-09-04T19:10:00Z","2026-09-04T20:00:00Z","SYNTHETIC","25","30","50","60"
"SIM-S0187-P1","SIM-S0187","SIM-S0187-MIX","MIX","MIX-1","Temperature","25.1785","C","2026-09-04T19:18:00Z","2026-09-04T19:10:00Z","2026-09-04T20:00:00Z","SYNTHETIC","25","30","50","60"
"SIM-S0187-P2","SIM-S0187","SIM-S0187-MIX","MIX","MIX-1","Temperature","25.3212","C","2026-09-04T19:26:00Z","2026-09-04T19:10:00Z","2026-09-04T20:00:00Z","SYNTHETIC","25","30","50","60"
"SIM-S0187-P3","SIM-S0187","SIM-S0187-MIX","MIX","MIX-1","Temperature","25.3558","C","2026-09-04T19:34:00Z","2026-09-04T19:10:00Z","2026-09-04T20:00:00Z","SYNTHETIC","25","30","50","60"
"SIM-S0187-P4","SIM-S0187","SIM-S0187-MIX","MIX","MIX-1","Temperature","25.1546","C","2026-09-04T19:42:00Z","2026-09-04T19:10:00Z","2026-09-04T20:00:00Z","SYNTHETIC","25","30","50","60"
"SIM-S0187-P5","SIM-S0187","SIM-S0187-MIX","MIX","MIX-1","Temperature","24.9074","C","2026-09-04T19:50:00Z","2026-09-04T19:10:00Z","2026-09-04T20:00:00Z","SYNTHETIC","25","30","50","60"
"SIM-S0187-P6","SIM-S0187","SIM-S0187-MIX","MIX","MIX-1","Agitator_Speed","299.932","rpm","2026-09-04T19:15:00Z","2026-09-04T19:10:00Z","2026-09-04T20:00:00Z","SYNTHETIC","300","330","50","60"
"SIM-S0187-P7","SIM-S0187","SIM-S0187-MIX","MIX","MIX-1","Agitator_Speed","299.4372","rpm","2026-09-04T19:35:00Z","2026-09-04T19:10:00Z","2026-09-04T20:00:00Z","SYNTHETIC","300","330","50","60"
"SIM-S0187-P8","SIM-S0187","SIM-S0187-MIX","MIX","MIX-1","Agitator_Speed","301.2293","rpm","2026-09-04T19:55:00Z","2026-09-04T19:10:00Z","2026-09-04T20:00:00Z","SYNTHETIC","300","330","50","60"
"SIM-S0187-P9","SIM-S0187","SIM-S0187-FILTER","FILTER","MIX-1","Filter_DP","53.8967","kPa","2026-09-04T20:00:00Z","2026-09-04T20:00:00Z","2026-09-04T20:15:00Z","SYNTHETIC","40","80","15","20"
"SIM-S0187-P10","SIM-S0187","SIM-S0187-FILTER","FILTER","MIX-1","Filter_DP","55.9947","kPa","2026-09-04T20:06:00Z","2026-09-04T20:00:00Z","2026-09-04T20:15:00Z","SYNTHETIC","40","80","15","20"
"SIM-S0187-P11","SIM-S0187","SIM-S0187-FILTER","FILTER","MIX-1","Filter_DP","56.9095","kPa","2026-09-04T20:12:00Z","2026-09-04T20:00:00Z","2026-09-04T20:15:00Z","SYNTHETIC","40","80","15","20"
"SIM-S0188-P0","SIM-S0188","SIM-S0188-MIX","MIX","MIX-2","Temperature","25.3676","C","2026-09-04T19:10:00Z","2026-09-04T19:10:00Z","2026-09-04T20:00:00Z","SYNTHETIC","25","30","50","60"
"SIM-S0188-P1","SIM-S0188","SIM-S0188-MIX","MIX","MIX-2","Temperature","25.3401","C","2026-09-04T19:18:00Z","2026-09-04T19:10:00Z","2026-09-04T20:00:00Z","SYNTHETIC","25","30","50","60"
"SIM-S0188-P2","SIM-S0188","SIM-S0188-MIX","MIX","MIX-2","Temperature","25.3389","C","2026-09-04T19:26:00Z","2026-09-04T19:10:00Z","2026-09-04T20:00:00Z","SYNTHETIC","25","30","50","60"
"SIM-S0188-P3","SIM-S0188","SIM-S0188-MIX","MIX","MIX-2","Temperature","25.519","C","2026-09-04T19:34:00Z","2026-09-04T19:10:00Z","2026-09-04T20:00:00Z","SYNTHETIC","25","30","50","60"
"SIM-S0188-P4","SIM-S0188","SIM-S0188-MIX","MIX","MIX-2","Temperature","25.283","C","2026-09-04T19:42:00Z","2026-09-04T19:10:00Z","2026-09-04T20:00:00Z","SYNTHETIC","25","30","50","60"
"SIM-S0188-P5","SIM-S0188","SIM-S0188-MIX","MIX","MIX-2","Temperature","25.6035","C","2026-09-04T19:50:00Z","2026-09-04T19:10:00Z","2026-09-04T20:00:00Z","SYNTHETIC","25","30","50","60"
"SIM-S0188-P6","SIM-S0188","SIM-S0188-MIX","MIX","MIX-2","Agitator_Speed","299.5494","rpm","2026-09-04T19:15:00Z","2026-09-04T19:10:00Z","2026-09-04T20:00:00Z","SYNTHETIC","300","330","50","60"
"SIM-S0188-P7","SIM-S0188","SIM-S0188-MIX","MIX","MIX-2","Agitator_Speed","297.1362","rpm","2026-09-04T19:35:00Z","2026-09-04T19:10:00Z","2026-09-04T20:00:00Z","SYNTHETIC","300","330","50","60"
"SIM-S0188-P8","SIM-S0188","SIM-S0188-MIX","MIX","MIX-2","Agitator_Speed","299.5371","rpm","2026-09-04T19:55:00Z","2026-09-04T19:10:00Z","2026-09-04T20:00:00Z","SYNTHETIC","300","330","50","60"
"SIM-S0188-P9","SIM-S0188","SIM-S0188-FILTER","FILTER","MIX-2","Filter_DP","56.1706","kPa","2026-09-04T20:00:00Z","2026-09-04T20:00:00Z","2026-09-04T20:15:00Z","SYNTHETIC","40","80","15","20"
"SIM-S0188-P10","SIM-S0188","SIM-S0188-FILTER","FILTER","MIX-2","Filter_DP","57.1198","kPa","2026-09-04T20:06:00Z","2026-09-04T20:00:00Z","2026-09-04T20:15:00Z","SYNTHETIC","40","80","15","20"
"SIM-S0188-P11","SIM-S0188","SIM-S0188-FILTER","FILTER","MIX-2","Filter_DP","58.4801","kPa","2026-09-04T20:12:00Z","2026-09-04T20:00:00Z","2026-09-04T20:15:00Z","SYNTHETIC","40","80","15","20"
"SIM-S0189-P0","SIM-S0189","SIM-S0189-MIX","MIX","MIX-3","Temperature","25.482","C","2026-09-04T19:10:00Z","2026-09-04T19:10:00Z","2026-09-04T20:00:00Z","SYNTHETIC","25","30","50","60"
"SIM-S0189-P1","SIM-S0189","SIM-S0189-MIX","MIX","MIX-3","Temperature","25.7279","C","2026-09-04T19:18:00Z","2026-09-04T19:10:00Z","2026-09-04T20:00:00Z","SYNTHETIC","25","30","50","60"
"SIM-S0189-P2","SIM-S0189","SIM-S0189-MIX","MIX","MIX-3","Temperature","25.5823","C","2026-09-04T19:26:00Z","2026-09-04T19:10:00Z","2026-09-04T20:00:00Z","SYNTHETIC","25","30","50","60"
"SIM-S0189-P3","SIM-S0189","SIM-S0189-MIX","MIX","MIX-3","Temperature","25.4419","C","2026-09-04T19:34:00Z","2026-09-04T19:10:00Z","2026-09-04T20:00:00Z","SYNTHETIC","25","30","50","60"
"SIM-S0189-P4","SIM-S0189","SIM-S0189-MIX","MIX","MIX-3","Temperature","25.7006","C","2026-09-04T19:42:00Z","2026-09-04T19:10:00Z","2026-09-04T20:00:00Z","SYNTHETIC","25","30","50","60"
"SIM-S0189-P5","SIM-S0189","SIM-S0189-MIX","MIX","MIX-3","Temperature","25.338","C","2026-09-04T19:50:00Z","2026-09-04T19:10:00Z","2026-09-04T20:00:00Z","SYNTHETIC","25","30","50","60"
"SIM-S0189-P6","SIM-S0189","SIM-S0189-MIX","MIX","MIX-3","Agitator_Speed","300.8466","rpm","2026-09-04T19:15:00Z","2026-09-04T19:10:00Z","2026-09-04T20:00:00Z","SYNTHETIC","300","330","50","60"
"SIM-S0189-P7","SIM-S0189","SIM-S0189-MIX","MIX","MIX-3","Agitator_Speed","303.9835","rpm","2026-09-04T19:35:00Z","2026-09-04T19:10:00Z","2026-09-04T20:00:00Z","SYNTHETIC","300","330","50","60"
"SIM-S0189-P8","SIM-S0189","SIM-S0189-MIX","MIX","MIX-3","Agitator_Speed","301.6931","rpm","2026-09-04T19:55:00Z","2026-09-04T19:10:00Z","2026-09-04T20:00:00Z","SYNTHETIC","300","330","50","60"
"SIM-S0189-P9","SIM-S0189","SIM-S0189-FILTER","FILTER","MIX-3","Filter_DP","52.2617","kPa","2026-09-04T20:00:00Z","2026-09-04T20:00:00Z","2026-09-04T20:15:00Z","SYNTHETIC","40","80","15","20"
"SIM-S0189-P10","SIM-S0189","SIM-S0189-FILTER","FILTER","MIX-3","Filter_DP","53.3244","kPa","2026-09-04T20:06:00Z","2026-09-04T20:00:00Z","2026-09-04T20:15:00Z","SYNTHETIC","40","80","15","20"
"SIM-S0189-P11","SIM-S0189","SIM-S0189-FILTER","FILTER","MIX-3","Filter_DP","54.5411","kPa","2026-09-04T20:12:00Z","2026-09-04T20:00:00Z","2026-09-04T20:15:00Z","SYNTHETIC","40","80","15","20"
"SIM-S0190-P0","SIM-S0190","SIM-S0190-MIX","MIX","MIX-1","Temperature","25.0337","C","2026-09-04T20:40:00Z","2026-09-04T20:40:00Z","2026-09-04T21:30:00Z","SYNTHETIC","25","30","50","60"
"SIM-S0190-P1","SIM-S0190","SIM-S0190-MIX","MIX","MIX-1","Temperature","25.3393","C","2026-09-04T20:48:00Z","2026-09-04T20:40:00Z","2026-09-04T21:30:00Z","SYNTHETIC","25","30","50","60"
"SIM-S0190-P2","SIM-S0190","SIM-S0190-MIX","MIX","MIX-1","Temperature","25.3192","C","2026-09-04T20:56:00Z","2026-09-04T20:40:00Z","2026-09-04T21:30:00Z","SYNTHETIC","25","30","50","60"
"SIM-S0190-P3","SIM-S0190","SIM-S0190-MIX","MIX","MIX-1","Temperature","25.1176","C","2026-09-04T21:04:00Z","2026-09-04T20:40:00Z","2026-09-04T21:30:00Z","SYNTHETIC","25","30","50","60"
"SIM-S0190-P4","SIM-S0190","SIM-S0190-MIX","MIX","MIX-1","Temperature","25.2357","C","2026-09-04T21:12:00Z","2026-09-04T20:40:00Z","2026-09-04T21:30:00Z","SYNTHETIC","25","30","50","60"
"SIM-S0190-P5","SIM-S0190","SIM-S0190-MIX","MIX","MIX-1","Temperature","25.365","C","2026-09-04T21:20:00Z","2026-09-04T20:40:00Z","2026-09-04T21:30:00Z","SYNTHETIC","25","30","50","60"
"SIM-S0190-P6","SIM-S0190","SIM-S0190-MIX","MIX","MIX-1","Agitator_Speed","298.9627","rpm","2026-09-04T20:45:00Z","2026-09-04T20:40:00Z","2026-09-04T21:30:00Z","SYNTHETIC","300","330","50","60"
"SIM-S0190-P7","SIM-S0190","SIM-S0190-MIX","MIX","MIX-1","Agitator_Speed","298.9754","rpm","2026-09-04T21:05:00Z","2026-09-04T20:40:00Z","2026-09-04T21:30:00Z","SYNTHETIC","300","330","50","60"
"SIM-S0190-P8","SIM-S0190","SIM-S0190-MIX","MIX","MIX-1","Agitator_Speed","298.7595","rpm","2026-09-04T21:25:00Z","2026-09-04T20:40:00Z","2026-09-04T21:30:00Z","SYNTHETIC","300","330","50","60"
"SIM-S0190-P9","SIM-S0190","SIM-S0190-FILTER","FILTER","MIX-1","Filter_DP","58.8466","kPa","2026-09-04T21:30:00Z","2026-09-04T21:30:00Z","2026-09-04T21:45:00Z","SYNTHETIC","40","80","15","20"
"SIM-S0190-P10","SIM-S0190","SIM-S0190-FILTER","FILTER","MIX-1","Filter_DP","58.8899","kPa","2026-09-04T21:36:00Z","2026-09-04T21:30:00Z","2026-09-04T21:45:00Z","SYNTHETIC","40","80","15","20"
"SIM-S0190-P11","SIM-S0190","SIM-S0190-FILTER","FILTER","MIX-1","Filter_DP","60.1676","kPa","2026-09-04T21:42:00Z","2026-09-04T21:30:00Z","2026-09-04T21:45:00Z","SYNTHETIC","40","80","15","20"
"SIM-S0191-P0","SIM-S0191","SIM-S0191-MIX","MIX","MIX-2","Temperature","25.47","C","2026-09-04T20:40:00Z","2026-09-04T20:40:00Z","2026-09-04T21:30:00Z","SYNTHETIC","25","30","50","60"
"SIM-S0191-P1","SIM-S0191","SIM-S0191-MIX","MIX","MIX-2","Temperature","25.6214","C","2026-09-04T20:48:00Z","2026-09-04T20:40:00Z","2026-09-04T21:30:00Z","SYNTHETIC","25","30","50","60"
"SIM-S0191-P2","SIM-S0191","SIM-S0191-MIX","MIX","MIX-2","Temperature","25.7106","C","2026-09-04T20:56:00Z","2026-09-04T20:40:00Z","2026-09-04T21:30:00Z","SYNTHETIC","25","30","50","60"
"SIM-S0191-P3","SIM-S0191","SIM-S0191-MIX","MIX","MIX-2","Temperature","25.6094","C","2026-09-04T21:04:00Z","2026-09-04T20:40:00Z","2026-09-04T21:30:00Z","SYNTHETIC","25","30","50","60"
"SIM-S0191-P4","SIM-S0191","SIM-S0191-MIX","MIX","MIX-2","Temperature","25.3846","C","2026-09-04T21:12:00Z","2026-09-04T20:40:00Z","2026-09-04T21:30:00Z","SYNTHETIC","25","30","50","60"
"SIM-S0191-P5","SIM-S0191","SIM-S0191-MIX","MIX","MIX-2","Temperature","25.7903","C","2026-09-04T21:20:00Z","2026-09-04T20:40:00Z","2026-09-04T21:30:00Z","SYNTHETIC","25","30","50","60"
"SIM-S0191-P6","SIM-S0191","SIM-S0191-MIX","MIX","MIX-2","Agitator_Speed","300.791","rpm","2026-09-04T20:45:00Z","2026-09-04T20:40:00Z","2026-09-04T21:30:00Z","SYNTHETIC","300","330","50","60"
"SIM-S0191-P7","SIM-S0191","SIM-S0191-MIX","MIX","MIX-2","Agitator_Speed","300.3585","rpm","2026-09-04T21:05:00Z","2026-09-04T20:40:00Z","2026-09-04T21:30:00Z","SYNTHETIC","300","330","50","60"
"SIM-S0191-P8","SIM-S0191","SIM-S0191-MIX","MIX","MIX-2","Agitator_Speed","300.0618","rpm","2026-09-04T21:25:00Z","2026-09-04T20:40:00Z","2026-09-04T21:30:00Z","SYNTHETIC","300","330","50","60"
"SIM-S0191-P9","SIM-S0191","SIM-S0191-FILTER","FILTER","MIX-2","Filter_DP","53.2257","kPa","2026-09-04T21:30:00Z","2026-09-04T21:30:00Z","2026-09-04T21:45:00Z","SYNTHETIC","40","80","15","20"
"SIM-S0191-P10","SIM-S0191","SIM-S0191-FILTER","FILTER","MIX-2","Filter_DP","54.5839","kPa","2026-09-04T21:36:00Z","2026-09-04T21:30:00Z","2026-09-04T21:45:00Z","SYNTHETIC","40","80","15","20"
"SIM-S0191-P11","SIM-S0191","SIM-S0191-FILTER","FILTER","MIX-2","Filter_DP","56.5368","kPa","2026-09-04T21:42:00Z","2026-09-04T21:30:00Z","2026-09-04T21:45:00Z","SYNTHETIC","40","80","15","20"
"SIM-S0192-P0","SIM-S0192","SIM-S0192-MIX","MIX","MIX-3","Temperature","25.5628","C","2026-09-04T20:40:00Z","2026-09-04T20:40:00Z","2026-09-04T21:30:00Z","SYNTHETIC","25","30","50","60"
"SIM-S0192-P1","SIM-S0192","SIM-S0192-MIX","MIX","MIX-3","Temperature","25.5088","C","2026-09-04T20:48:00Z","2026-09-04T20:40:00Z","2026-09-04T21:30:00Z","SYNTHETIC","25","30","50","60"
"SIM-S0192-P2","SIM-S0192","SIM-S0192-MIX","MIX","MIX-3","Temperature","25.5911","C","2026-09-04T20:56:00Z","2026-09-04T20:40:00Z","2026-09-04T21:30:00Z","SYNTHETIC","25","30","50","60"
"SIM-S0192-P3","SIM-S0192","SIM-S0192-MIX","MIX","MIX-3","Temperature","25.0301","C","2026-09-04T21:04:00Z","2026-09-04T20:40:00Z","2026-09-04T21:30:00Z","SYNTHETIC","25","30","50","60"
"SIM-S0192-P4","SIM-S0192","SIM-S0192-MIX","MIX","MIX-3","Temperature","25.2202","C","2026-09-04T21:12:00Z","2026-09-04T20:40:00Z","2026-09-04T21:30:00Z","SYNTHETIC","25","30","50","60"
"SIM-S0192-P5","SIM-S0192","SIM-S0192-MIX","MIX","MIX-3","Temperature","25.4717","C","2026-09-04T21:20:00Z","2026-09-04T20:40:00Z","2026-09-04T21:30:00Z","SYNTHETIC","25","30","50","60"
"SIM-S0192-P6","SIM-S0192","SIM-S0192-MIX","MIX","MIX-3","Agitator_Speed","298.9582","rpm","2026-09-04T20:45:00Z","2026-09-04T20:40:00Z","2026-09-04T21:30:00Z","SYNTHETIC","300","330","50","60"
"SIM-S0192-P7","SIM-S0192","SIM-S0192-MIX","MIX","MIX-3","Agitator_Speed","298.2993","rpm","2026-09-04T21:05:00Z","2026-09-04T20:40:00Z","2026-09-04T21:30:00Z","SYNTHETIC","300","330","50","60"
"SIM-S0192-P8","SIM-S0192","SIM-S0192-MIX","MIX","MIX-3","Agitator_Speed","299.0451","rpm","2026-09-04T21:25:00Z","2026-09-04T20:40:00Z","2026-09-04T21:30:00Z","SYNTHETIC","300","330","50","60"
"SIM-S0192-P9","SIM-S0192","SIM-S0192-FILTER","FILTER","MIX-3","Filter_DP","57.0098","kPa","2026-09-04T21:30:00Z","2026-09-04T21:30:00Z","2026-09-04T21:45:00Z","SYNTHETIC","40","80","15","20"
"SIM-S0192-P10","SIM-S0192","SIM-S0192-FILTER","FILTER","MIX-3","Filter_DP","58.5307","kPa","2026-09-04T21:36:00Z","2026-09-04T21:30:00Z","2026-09-04T21:45:00Z","SYNTHETIC","40","80","15","20"
"SIM-S0192-P11","SIM-S0192","SIM-S0192-FILTER","FILTER","MIX-3","Filter_DP","59.1947","kPa","2026-09-04T21:42:00Z","2026-09-04T21:30:00Z","2026-09-04T21:45:00Z","SYNTHETIC","40","80","15","20"
"SIM-S0193-P0","SIM-S0193","SIM-S0193-MIX","MIX","MIX-1","Temperature","25.6934","C","2026-09-04T22:10:00Z","2026-09-04T22:10:00Z","2026-09-04T23:00:00Z","SYNTHETIC","25","30","50","60"
"SIM-S0193-P1","SIM-S0193","SIM-S0193-MIX","MIX","MIX-1","Temperature","25.6459","C","2026-09-04T22:18:00Z","2026-09-04T22:10:00Z","2026-09-04T23:00:00Z","SYNTHETIC","25","30","50","60"
"SIM-S0193-P2","SIM-S0193","SIM-S0193-MIX","MIX","MIX-1","Temperature","25.7109","C","2026-09-04T22:26:00Z","2026-09-04T22:10:00Z","2026-09-04T23:00:00Z","SYNTHETIC","25","30","50","60"
"SIM-S0193-P3","SIM-S0193","SIM-S0193-MIX","MIX","MIX-1","Temperature","25.6567","C","2026-09-04T22:34:00Z","2026-09-04T22:10:00Z","2026-09-04T23:00:00Z","SYNTHETIC","25","30","50","60"
"SIM-S0193-P4","SIM-S0193","SIM-S0193-MIX","MIX","MIX-1","Temperature","25.4258","C","2026-09-04T22:42:00Z","2026-09-04T22:10:00Z","2026-09-04T23:00:00Z","SYNTHETIC","25","30","50","60"
"SIM-S0193-P5","SIM-S0193","SIM-S0193-MIX","MIX","MIX-1","Temperature","25.4221","C","2026-09-04T22:50:00Z","2026-09-04T22:10:00Z","2026-09-04T23:00:00Z","SYNTHETIC","25","30","50","60"
"SIM-S0193-P6","SIM-S0193","SIM-S0193-MIX","MIX","MIX-1","Agitator_Speed","301.9347","rpm","2026-09-04T22:15:00Z","2026-09-04T22:10:00Z","2026-09-04T23:00:00Z","SYNTHETIC","300","330","50","60"
"SIM-S0193-P7","SIM-S0193","SIM-S0193-MIX","MIX","MIX-1","Agitator_Speed","302.9361","rpm","2026-09-04T22:35:00Z","2026-09-04T22:10:00Z","2026-09-04T23:00:00Z","SYNTHETIC","300","330","50","60"
"SIM-S0193-P8","SIM-S0193","SIM-S0193-MIX","MIX","MIX-1","Agitator_Speed","302.857","rpm","2026-09-04T22:55:00Z","2026-09-04T22:10:00Z","2026-09-04T23:00:00Z","SYNTHETIC","300","330","50","60"
"SIM-S0193-P9","SIM-S0193","SIM-S0193-FILTER","FILTER","MIX-1","Filter_DP","35.6338","kPa","2026-09-04T23:00:00Z","2026-09-04T23:00:00Z","2026-09-04T23:15:00Z","SYNTHETIC","40","80","15","20"
"SIM-S0193-P10","SIM-S0193","SIM-S0193-FILTER","FILTER","MIX-1","Filter_DP","36.5192","kPa","2026-09-04T23:06:00Z","2026-09-04T23:00:00Z","2026-09-04T23:15:00Z","SYNTHETIC","40","80","15","20"
"SIM-S0193-P11","SIM-S0193","SIM-S0193-FILTER","FILTER","MIX-1","Filter_DP","36.7942","kPa","2026-09-04T23:12:00Z","2026-09-04T23:00:00Z","2026-09-04T23:15:00Z","SYNTHETIC","40","80","15","20"
"SIM-S0194-P0","SIM-S0194","SIM-S0194-MIX","MIX","MIX-2","Temperature","25.9228","C","2026-09-04T22:10:00Z","2026-09-04T22:10:00Z","2026-09-04T23:00:00Z","SYNTHETIC","25","30","50","60"
"SIM-S0194-P1","SIM-S0194","SIM-S0194-MIX","MIX","MIX-2","Temperature","25.8189","C","2026-09-04T22:18:00Z","2026-09-04T22:10:00Z","2026-09-04T23:00:00Z","SYNTHETIC","25","30","50","60"
"SIM-S0194-P2","SIM-S0194","SIM-S0194-MIX","MIX","MIX-2","Temperature","25.617","C","2026-09-04T22:26:00Z","2026-09-04T22:10:00Z","2026-09-04T23:00:00Z","SYNTHETIC","25","30","50","60"
"SIM-S0194-P3","SIM-S0194","SIM-S0194-MIX","MIX","MIX-2","Temperature","25.5834","C","2026-09-04T22:34:00Z","2026-09-04T22:10:00Z","2026-09-04T23:00:00Z","SYNTHETIC","25","30","50","60"
"SIM-S0194-P4","SIM-S0194","SIM-S0194-MIX","MIX","MIX-2","Temperature","25.7247","C","2026-09-04T22:42:00Z","2026-09-04T22:10:00Z","2026-09-04T23:00:00Z","SYNTHETIC","25","30","50","60"
"SIM-S0194-P5","SIM-S0194","SIM-S0194-MIX","MIX","MIX-2","Temperature","25.832","C","2026-09-04T22:50:00Z","2026-09-04T22:10:00Z","2026-09-04T23:00:00Z","SYNTHETIC","25","30","50","60"
"SIM-S0194-P6","SIM-S0194","SIM-S0194-MIX","MIX","MIX-2","Agitator_Speed","298.8513","rpm","2026-09-04T22:15:00Z","2026-09-04T22:10:00Z","2026-09-04T23:00:00Z","SYNTHETIC","300","330","50","60"
"SIM-S0194-P7","SIM-S0194","SIM-S0194-MIX","MIX","MIX-2","Agitator_Speed","296.599","rpm","2026-09-04T22:35:00Z","2026-09-04T22:10:00Z","2026-09-04T23:00:00Z","SYNTHETIC","300","330","50","60"
"SIM-S0194-P8","SIM-S0194","SIM-S0194-MIX","MIX","MIX-2","Agitator_Speed","297.7411","rpm","2026-09-04T22:55:00Z","2026-09-04T22:10:00Z","2026-09-04T23:00:00Z","SYNTHETIC","300","330","50","60"
"SIM-S0194-P9","SIM-S0194","SIM-S0194-FILTER","FILTER","MIX-2","Filter_DP","60.1597","kPa","2026-09-04T23:00:00Z","2026-09-04T23:00:00Z","2026-09-04T23:15:00Z","SYNTHETIC","40","80","15","20"
"SIM-S0194-P10","SIM-S0194","SIM-S0194-FILTER","FILTER","MIX-2","Filter_DP","60.4581","kPa","2026-09-04T23:06:00Z","2026-09-04T23:00:00Z","2026-09-04T23:15:00Z","SYNTHETIC","40","80","15","20"
"SIM-S0194-P11","SIM-S0194","SIM-S0194-FILTER","FILTER","MIX-2","Filter_DP","61.6009","kPa","2026-09-04T23:12:00Z","2026-09-04T23:00:00Z","2026-09-04T23:15:00Z","SYNTHETIC","40","80","15","20"
"SIM-S0195-P0","SIM-S0195","SIM-S0195-MIX","MIX","MIX-3","Temperature","25.2457","C","2026-09-04T22:10:00Z","2026-09-04T22:10:00Z","2026-09-04T23:00:00Z","SYNTHETIC","25","30","50","60"
"SIM-S0195-P1","SIM-S0195","SIM-S0195-MIX","MIX","MIX-3","Temperature","25.2052","C","2026-09-04T22:18:00Z","2026-09-04T22:10:00Z","2026-09-04T23:00:00Z","SYNTHETIC","25","30","50","60"
"SIM-S0195-P2","SIM-S0195","SIM-S0195-MIX","MIX","MIX-3","Temperature","25.3699","C","2026-09-04T22:26:00Z","2026-09-04T22:10:00Z","2026-09-04T23:00:00Z","SYNTHETIC","25","30","50","60"
"SIM-S0195-P3","SIM-S0195","SIM-S0195-MIX","MIX","MIX-3","Temperature","25.3122","C","2026-09-04T22:34:00Z","2026-09-04T22:10:00Z","2026-09-04T23:00:00Z","SYNTHETIC","25","30","50","60"
"SIM-S0195-P4","SIM-S0195","SIM-S0195-MIX","MIX","MIX-3","Temperature","25.2472","C","2026-09-04T22:42:00Z","2026-09-04T22:10:00Z","2026-09-04T23:00:00Z","SYNTHETIC","25","30","50","60"
"SIM-S0195-P5","SIM-S0195","SIM-S0195-MIX","MIX","MIX-3","Temperature","25.0451","C","2026-09-04T22:50:00Z","2026-09-04T22:10:00Z","2026-09-04T23:00:00Z","SYNTHETIC","25","30","50","60"
"SIM-S0195-P6","SIM-S0195","SIM-S0195-MIX","MIX","MIX-3","Agitator_Speed","299.7484","rpm","2026-09-04T22:15:00Z","2026-09-04T22:10:00Z","2026-09-04T23:00:00Z","SYNTHETIC","300","330","50","60"
"SIM-S0195-P7","SIM-S0195","SIM-S0195-MIX","MIX","MIX-3","Agitator_Speed","300.7688","rpm","2026-09-04T22:35:00Z","2026-09-04T22:10:00Z","2026-09-04T23:00:00Z","SYNTHETIC","300","330","50","60"
"SIM-S0195-P8","SIM-S0195","SIM-S0195-MIX","MIX","MIX-3","Agitator_Speed","296.8817","rpm","2026-09-04T22:55:00Z","2026-09-04T22:10:00Z","2026-09-04T23:00:00Z","SYNTHETIC","300","330","50","60"
"SIM-S0195-P9","SIM-S0195","SIM-S0195-FILTER","FILTER","MIX-3","Filter_DP","38.5838","kPa","2026-09-04T23:00:00Z","2026-09-04T23:00:00Z","2026-09-04T23:15:00Z","SYNTHETIC","40","80","15","20"
"SIM-S0195-P10","SIM-S0195","SIM-S0195-FILTER","FILTER","MIX-3","Filter_DP","39.3981","kPa","2026-09-04T23:06:00Z","2026-09-04T23:00:00Z","2026-09-04T23:15:00Z","SYNTHETIC","40","80","15","20"
"SIM-S0195-P11","SIM-S0195","SIM-S0195-FILTER","FILTER","MIX-3","Filter_DP","40.362","kPa","2026-09-04T23:12:00Z","2026-09-04T23:00:00Z","2026-09-04T23:15:00Z","SYNTHETIC","40","80","15","20"
"SIM-S0196-P0","SIM-S0196","SIM-S0196-MIX","MIX","MIX-1","Temperature","26.4215","C","2026-09-04T23:40:00Z","2026-09-04T23:40:00Z","2026-09-05T00:30:00Z","SYNTHETIC","25","30","50","60"
"SIM-S0196-P1","SIM-S0196","SIM-S0196-MIX","MIX","MIX-1","Temperature","26.3893","C","2026-09-04T23:48:00Z","2026-09-04T23:40:00Z","2026-09-05T00:30:00Z","SYNTHETIC","25","30","50","60"
"SIM-S0196-P2","SIM-S0196","SIM-S0196-MIX","MIX","MIX-1","Temperature","26.1861","C","2026-09-04T23:56:00Z","2026-09-04T23:40:00Z","2026-09-05T00:30:00Z","SYNTHETIC","25","30","50","60"
"SIM-S0196-P3","SIM-S0196","SIM-S0196-MIX","MIX","MIX-1","Temperature","26.4658","C","2026-09-05T00:04:00Z","2026-09-04T23:40:00Z","2026-09-05T00:30:00Z","SYNTHETIC","25","30","50","60"
"SIM-S0196-P4","SIM-S0196","SIM-S0196-MIX","MIX","MIX-1","Temperature","26.4326","C","2026-09-05T00:12:00Z","2026-09-04T23:40:00Z","2026-09-05T00:30:00Z","SYNTHETIC","25","30","50","60"
"SIM-S0196-P5","SIM-S0196","SIM-S0196-MIX","MIX","MIX-1","Temperature","26.5764","C","2026-09-05T00:20:00Z","2026-09-04T23:40:00Z","2026-09-05T00:30:00Z","SYNTHETIC","25","30","50","60"
"SIM-S0196-P6","SIM-S0196","SIM-S0196-MIX","MIX","MIX-1","Agitator_Speed","297.5624","rpm","2026-09-04T23:45:00Z","2026-09-04T23:40:00Z","2026-09-05T00:30:00Z","SYNTHETIC","300","330","50","60"
"SIM-S0196-P7","SIM-S0196","SIM-S0196-MIX","MIX","MIX-1","Agitator_Speed","298.7995","rpm","2026-09-05T00:05:00Z","2026-09-04T23:40:00Z","2026-09-05T00:30:00Z","SYNTHETIC","300","330","50","60"
"SIM-S0196-P8","SIM-S0196","SIM-S0196-MIX","MIX","MIX-1","Agitator_Speed","297.9377","rpm","2026-09-05T00:25:00Z","2026-09-04T23:40:00Z","2026-09-05T00:30:00Z","SYNTHETIC","300","330","50","60"
"SIM-S0196-P9","SIM-S0196","SIM-S0196-FILTER","FILTER","MIX-1","Filter_DP","37.3825","kPa","2026-09-05T00:30:00Z","2026-09-05T00:30:00Z","2026-09-05T00:45:00Z","SYNTHETIC","40","80","15","20"
"SIM-S0196-P10","SIM-S0196","SIM-S0196-FILTER","FILTER","MIX-1","Filter_DP","38.2059","kPa","2026-09-05T00:36:00Z","2026-09-05T00:30:00Z","2026-09-05T00:45:00Z","SYNTHETIC","40","80","15","20"
"SIM-S0196-P11","SIM-S0196","SIM-S0196-FILTER","FILTER","MIX-1","Filter_DP","38.7436","kPa","2026-09-05T00:42:00Z","2026-09-05T00:30:00Z","2026-09-05T00:45:00Z","SYNTHETIC","40","80","15","20"
"SIM-S0197-P0","SIM-S0197","SIM-S0197-MIX","MIX","MIX-2","Temperature","25.1765","C","2026-09-04T23:40:00Z","2026-09-04T23:40:00Z","2026-09-05T00:30:00Z","SYNTHETIC","25","30","50","60"
"SIM-S0197-P1","SIM-S0197","SIM-S0197-MIX","MIX","MIX-2","Temperature","25.2626","C","2026-09-04T23:48:00Z","2026-09-04T23:40:00Z","2026-09-05T00:30:00Z","SYNTHETIC","25","30","50","60"
"SIM-S0197-P2","SIM-S0197","SIM-S0197-MIX","MIX","MIX-2","Temperature","25.5527","C","2026-09-04T23:56:00Z","2026-09-04T23:40:00Z","2026-09-05T00:30:00Z","SYNTHETIC","25","30","50","60"
"SIM-S0197-P3","SIM-S0197","SIM-S0197-MIX","MIX","MIX-2","Temperature","25.482","C","2026-09-05T00:04:00Z","2026-09-04T23:40:00Z","2026-09-05T00:30:00Z","SYNTHETIC","25","30","50","60"
"SIM-S0197-P4","SIM-S0197","SIM-S0197-MIX","MIX","MIX-2","Temperature","25.457","C","2026-09-05T00:12:00Z","2026-09-04T23:40:00Z","2026-09-05T00:30:00Z","SYNTHETIC","25","30","50","60"
"SIM-S0197-P5","SIM-S0197","SIM-S0197-MIX","MIX","MIX-2","Temperature","25.2565","C","2026-09-05T00:20:00Z","2026-09-04T23:40:00Z","2026-09-05T00:30:00Z","SYNTHETIC","25","30","50","60"
"SIM-S0197-P6","SIM-S0197","SIM-S0197-MIX","MIX","MIX-2","Agitator_Speed","301.1575","rpm","2026-09-04T23:45:00Z","2026-09-04T23:40:00Z","2026-09-05T00:30:00Z","SYNTHETIC","300","330","50","60"
"SIM-S0197-P7","SIM-S0197","SIM-S0197-MIX","MIX","MIX-2","Agitator_Speed","302.4814","rpm","2026-09-05T00:05:00Z","2026-09-04T23:40:00Z","2026-09-05T00:30:00Z","SYNTHETIC","300","330","50","60"
"SIM-S0197-P8","SIM-S0197","SIM-S0197-MIX","MIX","MIX-2","Agitator_Speed","300.5662","rpm","2026-09-05T00:25:00Z","2026-09-04T23:40:00Z","2026-09-05T00:30:00Z","SYNTHETIC","300","330","50","60"
"SIM-S0197-P9","SIM-S0197","SIM-S0197-FILTER","FILTER","MIX-2","Filter_DP","65.5642","kPa","2026-09-05T00:30:00Z","2026-09-05T00:30:00Z","2026-09-05T00:45:00Z","SYNTHETIC","40","80","15","20"
"SIM-S0197-P10","SIM-S0197","SIM-S0197-FILTER","FILTER","MIX-2","Filter_DP","65.8151","kPa","2026-09-05T00:36:00Z","2026-09-05T00:30:00Z","2026-09-05T00:45:00Z","SYNTHETIC","40","80","15","20"
"SIM-S0197-P11","SIM-S0197","SIM-S0197-FILTER","FILTER","MIX-2","Filter_DP","66.3645","kPa","2026-09-05T00:42:00Z","2026-09-05T00:30:00Z","2026-09-05T00:45:00Z","SYNTHETIC","40","80","15","20"
"SIM-S0198-P0","SIM-S0198","SIM-S0198-MIX","MIX","MIX-3","Temperature","25.59","C","2026-09-04T23:40:00Z","2026-09-04T23:40:00Z","2026-09-05T00:30:00Z","SYNTHETIC","25","30","50","60"
"SIM-S0198-P1","SIM-S0198","SIM-S0198-MIX","MIX","MIX-3","Temperature","25.1099","C","2026-09-04T23:48:00Z","2026-09-04T23:40:00Z","2026-09-05T00:30:00Z","SYNTHETIC","25","30","50","60"
"SIM-S0198-P2","SIM-S0198","SIM-S0198-MIX","MIX","MIX-3","Temperature","25.5817","C","2026-09-04T23:56:00Z","2026-09-04T23:40:00Z","2026-09-05T00:30:00Z","SYNTHETIC","25","30","50","60"
"SIM-S0198-P3","SIM-S0198","SIM-S0198-MIX","MIX","MIX-3","Temperature","25.3559","C","2026-09-05T00:04:00Z","2026-09-04T23:40:00Z","2026-09-05T00:30:00Z","SYNTHETIC","25","30","50","60"
"SIM-S0198-P4","SIM-S0198","SIM-S0198-MIX","MIX","MIX-3","Temperature","25.3101","C","2026-09-05T00:12:00Z","2026-09-04T23:40:00Z","2026-09-05T00:30:00Z","SYNTHETIC","25","30","50","60"
"SIM-S0198-P5","SIM-S0198","SIM-S0198-MIX","MIX","MIX-3","Temperature","25.2489","C","2026-09-05T00:20:00Z","2026-09-04T23:40:00Z","2026-09-05T00:30:00Z","SYNTHETIC","25","30","50","60"
"SIM-S0198-P6","SIM-S0198","SIM-S0198-MIX","MIX","MIX-3","Agitator_Speed","294.9894","rpm","2026-09-04T23:45:00Z","2026-09-04T23:40:00Z","2026-09-05T00:30:00Z","SYNTHETIC","300","330","50","60"
"SIM-S0198-P7","SIM-S0198","SIM-S0198-MIX","MIX","MIX-3","Agitator_Speed","297.6459","rpm","2026-09-05T00:05:00Z","2026-09-04T23:40:00Z","2026-09-05T00:30:00Z","SYNTHETIC","300","330","50","60"
"SIM-S0198-P8","SIM-S0198","SIM-S0198-MIX","MIX","MIX-3","Agitator_Speed","297.393","rpm","2026-09-05T00:25:00Z","2026-09-04T23:40:00Z","2026-09-05T00:30:00Z","SYNTHETIC","300","330","50","60"
"SIM-S0198-P9","SIM-S0198","SIM-S0198-FILTER","FILTER","MIX-3","Filter_DP","40.5575","kPa","2026-09-05T00:30:00Z","2026-09-05T00:30:00Z","2026-09-05T00:45:00Z","SYNTHETIC","40","80","15","20"
"SIM-S0198-P10","SIM-S0198","SIM-S0198-FILTER","FILTER","MIX-3","Filter_DP","41.5158","kPa","2026-09-05T00:36:00Z","2026-09-05T00:30:00Z","2026-09-05T00:45:00Z","SYNTHETIC","40","80","15","20"
"SIM-S0198-P11","SIM-S0198","SIM-S0198-FILTER","FILTER","MIX-3","Filter_DP","42.1884","kPa","2026-09-05T00:42:00Z","2026-09-05T00:30:00Z","2026-09-05T00:45:00Z","SYNTHETIC","40","80","15","20"
"SIM-S0199-P0","SIM-S0199","SIM-S0199-MIX","MIX","MIX-1","Temperature","26.0793","C","2026-09-05T01:10:00Z","2026-09-05T01:10:00Z","2026-09-05T02:00:00Z","SYNTHETIC","25","30","50","60"
"SIM-S0199-P1","SIM-S0199","SIM-S0199-MIX","MIX","MIX-1","Temperature","25.7425","C","2026-09-05T01:18:00Z","2026-09-05T01:10:00Z","2026-09-05T02:00:00Z","SYNTHETIC","25","30","50","60"
"SIM-S0199-P2","SIM-S0199","SIM-S0199-MIX","MIX","MIX-1","Temperature","26.0777","C","2026-09-05T01:26:00Z","2026-09-05T01:10:00Z","2026-09-05T02:00:00Z","SYNTHETIC","25","30","50","60"
"SIM-S0199-P3","SIM-S0199","SIM-S0199-MIX","MIX","MIX-1","Temperature","25.8569","C","2026-09-05T01:34:00Z","2026-09-05T01:10:00Z","2026-09-05T02:00:00Z","SYNTHETIC","25","30","50","60"
"SIM-S0199-P4","SIM-S0199","SIM-S0199-MIX","MIX","MIX-1","Temperature","26.0582","C","2026-09-05T01:42:00Z","2026-09-05T01:10:00Z","2026-09-05T02:00:00Z","SYNTHETIC","25","30","50","60"
"SIM-S0199-P5","SIM-S0199","SIM-S0199-MIX","MIX","MIX-1","Temperature","25.9746","C","2026-09-05T01:50:00Z","2026-09-05T01:10:00Z","2026-09-05T02:00:00Z","SYNTHETIC","25","30","50","60"
"SIM-S0199-P6","SIM-S0199","SIM-S0199-MIX","MIX","MIX-1","Agitator_Speed","303.6865","rpm","2026-09-05T01:15:00Z","2026-09-05T01:10:00Z","2026-09-05T02:00:00Z","SYNTHETIC","300","330","50","60"
"SIM-S0199-P7","SIM-S0199","SIM-S0199-MIX","MIX","MIX-1","Agitator_Speed","300.8377","rpm","2026-09-05T01:35:00Z","2026-09-05T01:10:00Z","2026-09-05T02:00:00Z","SYNTHETIC","300","330","50","60"
"SIM-S0199-P8","SIM-S0199","SIM-S0199-MIX","MIX","MIX-1","Agitator_Speed","303.5998","rpm","2026-09-05T01:55:00Z","2026-09-05T01:10:00Z","2026-09-05T02:00:00Z","SYNTHETIC","300","330","50","60"
"SIM-S0199-P9","SIM-S0199","SIM-S0199-FILTER","FILTER","MIX-1","Filter_DP","43.146","kPa","2026-09-05T02:00:00Z","2026-09-05T02:00:00Z","2026-09-05T02:15:00Z","SYNTHETIC","40","80","15","20"
"SIM-S0199-P10","SIM-S0199","SIM-S0199-FILTER","FILTER","MIX-1","Filter_DP","43.6746","kPa","2026-09-05T02:06:00Z","2026-09-05T02:00:00Z","2026-09-05T02:15:00Z","SYNTHETIC","40","80","15","20"
"SIM-S0199-P11","SIM-S0199","SIM-S0199-FILTER","FILTER","MIX-1","Filter_DP","44.4406","kPa","2026-09-05T02:12:00Z","2026-09-05T02:00:00Z","2026-09-05T02:15:00Z","SYNTHETIC","40","80","15","20"
"SIM-S0200-P0","SIM-S0200","SIM-S0200-MIX","MIX","MIX-2","Temperature","25.7851","C","2026-09-05T01:10:00Z","2026-09-05T01:10:00Z","2026-09-05T02:00:00Z","SYNTHETIC","25","30","50","60"
"SIM-S0200-P1","SIM-S0200","SIM-S0200-MIX","MIX","MIX-2","Temperature","25.7947","C","2026-09-05T01:18:00Z","2026-09-05T01:10:00Z","2026-09-05T02:00:00Z","SYNTHETIC","25","30","50","60"
"SIM-S0200-P2","SIM-S0200","SIM-S0200-MIX","MIX","MIX-2","Temperature","25.5953","C","2026-09-05T01:26:00Z","2026-09-05T01:10:00Z","2026-09-05T02:00:00Z","SYNTHETIC","25","30","50","60"
"SIM-S0200-P3","SIM-S0200","SIM-S0200-MIX","MIX","MIX-2","Temperature","25.7068","C","2026-09-05T01:34:00Z","2026-09-05T01:10:00Z","2026-09-05T02:00:00Z","SYNTHETIC","25","30","50","60"
"SIM-S0200-P4","SIM-S0200","SIM-S0200-MIX","MIX","MIX-2","Temperature","25.6814","C","2026-09-05T01:42:00Z","2026-09-05T01:10:00Z","2026-09-05T02:00:00Z","SYNTHETIC","25","30","50","60"
"SIM-S0200-P5","SIM-S0200","SIM-S0200-MIX","MIX","MIX-2","Temperature","25.5112","C","2026-09-05T01:50:00Z","2026-09-05T01:10:00Z","2026-09-05T02:00:00Z","SYNTHETIC","25","30","50","60"
"SIM-S0200-P6","SIM-S0200","SIM-S0200-MIX","MIX","MIX-2","Agitator_Speed","296.903","rpm","2026-09-05T01:15:00Z","2026-09-05T01:10:00Z","2026-09-05T02:00:00Z","SYNTHETIC","300","330","50","60"
"SIM-S0200-P7","SIM-S0200","SIM-S0200-MIX","MIX","MIX-2","Agitator_Speed","297.5323","rpm","2026-09-05T01:35:00Z","2026-09-05T01:10:00Z","2026-09-05T02:00:00Z","SYNTHETIC","300","330","50","60"
"SIM-S0200-P8","SIM-S0200","SIM-S0200-MIX","MIX","MIX-2","Agitator_Speed","296.4987","rpm","2026-09-05T01:55:00Z","2026-09-05T01:10:00Z","2026-09-05T02:00:00Z","SYNTHETIC","300","330","50","60"
"SIM-S0200-P9","SIM-S0200","SIM-S0200-FILTER","FILTER","MIX-2","Filter_DP","63.0399","kPa","2026-09-05T02:00:00Z","2026-09-05T02:00:00Z","2026-09-05T02:15:00Z","SYNTHETIC","40","80","15","20"
"SIM-S0200-P10","SIM-S0200","SIM-S0200-FILTER","FILTER","MIX-2","Filter_DP","64.2174","kPa","2026-09-05T02:06:00Z","2026-09-05T02:00:00Z","2026-09-05T02:15:00Z","SYNTHETIC","40","80","15","20"
"SIM-S0200-P11","SIM-S0200","SIM-S0200-FILTER","FILTER","MIX-2","Filter_DP","65.0435","kPa","2026-09-05T02:12:00Z","2026-09-05T02:00:00Z","2026-09-05T02:15:00Z","SYNTHETIC","40","80","15","20"
"SIM-S0201-P0","SIM-S0201","SIM-S0201-MIX","MIX","MIX-3","Temperature","25.4163","C","2026-09-05T01:10:00Z","2026-09-05T01:10:00Z","2026-09-05T02:00:00Z","SYNTHETIC","25","30","50","60"
"SIM-S0201-P1","SIM-S0201","SIM-S0201-MIX","MIX","MIX-3","Temperature","25.7309","C","2026-09-05T01:18:00Z","2026-09-05T01:10:00Z","2026-09-05T02:00:00Z","SYNTHETIC","25","30","50","60"
"SIM-S0201-P2","SIM-S0201","SIM-S0201-MIX","MIX","MIX-3","Temperature","25.6334","C","2026-09-05T01:26:00Z","2026-09-05T01:10:00Z","2026-09-05T02:00:00Z","SYNTHETIC","25","30","50","60"
"SIM-S0201-P3","SIM-S0201","SIM-S0201-MIX","MIX","MIX-3","Temperature","25.6729","C","2026-09-05T01:34:00Z","2026-09-05T01:10:00Z","2026-09-05T02:00:00Z","SYNTHETIC","25","30","50","60"
"SIM-S0201-P4","SIM-S0201","SIM-S0201-MIX","MIX","MIX-3","Temperature","25.2328","C","2026-09-05T01:42:00Z","2026-09-05T01:10:00Z","2026-09-05T02:00:00Z","SYNTHETIC","25","30","50","60"
"SIM-S0201-P5","SIM-S0201","SIM-S0201-MIX","MIX","MIX-3","Temperature","25.4882","C","2026-09-05T01:50:00Z","2026-09-05T01:10:00Z","2026-09-05T02:00:00Z","SYNTHETIC","25","30","50","60"
"SIM-S0201-P6","SIM-S0201","SIM-S0201-MIX","MIX","MIX-3","Agitator_Speed","298.8453","rpm","2026-09-05T01:15:00Z","2026-09-05T01:10:00Z","2026-09-05T02:00:00Z","SYNTHETIC","300","330","50","60"
"SIM-S0201-P7","SIM-S0201","SIM-S0201-MIX","MIX","MIX-3","Agitator_Speed","300.6266","rpm","2026-09-05T01:35:00Z","2026-09-05T01:10:00Z","2026-09-05T02:00:00Z","SYNTHETIC","300","330","50","60"
"SIM-S0201-P8","SIM-S0201","SIM-S0201-MIX","MIX","MIX-3","Agitator_Speed","298.9209","rpm","2026-09-05T01:55:00Z","2026-09-05T01:10:00Z","2026-09-05T02:00:00Z","SYNTHETIC","300","330","50","60"
"SIM-S0201-P9","SIM-S0201","SIM-S0201-FILTER","FILTER","MIX-3","Filter_DP","39.6702","kPa","2026-09-05T02:00:00Z","2026-09-05T02:00:00Z","2026-09-05T02:15:00Z","SYNTHETIC","40","80","15","20"
"SIM-S0201-P10","SIM-S0201","SIM-S0201-FILTER","FILTER","MIX-3","Filter_DP","40.0725","kPa","2026-09-05T02:06:00Z","2026-09-05T02:00:00Z","2026-09-05T02:15:00Z","SYNTHETIC","40","80","15","20"
"SIM-S0201-P11","SIM-S0201","SIM-S0201-FILTER","FILTER","MIX-3","Filter_DP","41.2958","kPa","2026-09-05T02:12:00Z","2026-09-05T02:00:00Z","2026-09-05T02:15:00Z","SYNTHETIC","40","80","15","20"
"SIM-S0202-P0","SIM-S0202","SIM-S0202-MIX","MIX","MIX-1","Temperature","25.5631","C","2026-09-05T02:40:00Z","2026-09-05T02:40:00Z","2026-09-05T03:30:00Z","SYNTHETIC","25","30","50","60"
"SIM-S0202-P1","SIM-S0202","SIM-S0202-MIX","MIX","MIX-1","Temperature","25.558","C","2026-09-05T02:48:00Z","2026-09-05T02:40:00Z","2026-09-05T03:30:00Z","SYNTHETIC","25","30","50","60"
"SIM-S0202-P2","SIM-S0202","SIM-S0202-MIX","MIX","MIX-1","Temperature","25.5187","C","2026-09-05T02:56:00Z","2026-09-05T02:40:00Z","2026-09-05T03:30:00Z","SYNTHETIC","25","30","50","60"
"SIM-S0202-P3","SIM-S0202","SIM-S0202-MIX","MIX","MIX-1","Temperature","25.5338","C","2026-09-05T03:04:00Z","2026-09-05T02:40:00Z","2026-09-05T03:30:00Z","SYNTHETIC","25","30","50","60"
"SIM-S0202-P4","SIM-S0202","SIM-S0202-MIX","MIX","MIX-1","Temperature","25.2339","C","2026-09-05T03:12:00Z","2026-09-05T02:40:00Z","2026-09-05T03:30:00Z","SYNTHETIC","25","30","50","60"
"SIM-S0202-P5","SIM-S0202","SIM-S0202-MIX","MIX","MIX-1","Temperature","25.6209","C","2026-09-05T03:20:00Z","2026-09-05T02:40:00Z","2026-09-05T03:30:00Z","SYNTHETIC","25","30","50","60"
"SIM-S0202-P6","SIM-S0202","SIM-S0202-MIX","MIX","MIX-1","Agitator_Speed","295.8523","rpm","2026-09-05T02:45:00Z","2026-09-05T02:40:00Z","2026-09-05T03:30:00Z","SYNTHETIC","300","330","50","60"
"SIM-S0202-P7","SIM-S0202","SIM-S0202-MIX","MIX","MIX-1","Agitator_Speed","295.2885","rpm","2026-09-05T03:05:00Z","2026-09-05T02:40:00Z","2026-09-05T03:30:00Z","SYNTHETIC","300","330","50","60"
"SIM-S0202-P8","SIM-S0202","SIM-S0202-MIX","MIX","MIX-1","Agitator_Speed","295.2879","rpm","2026-09-05T03:25:00Z","2026-09-05T02:40:00Z","2026-09-05T03:30:00Z","SYNTHETIC","300","330","50","60"
"SIM-S0202-P9","SIM-S0202","SIM-S0202-FILTER","FILTER","MIX-1","Filter_DP","44.6975","kPa","2026-09-05T03:30:00Z","2026-09-05T03:30:00Z","2026-09-05T03:45:00Z","SYNTHETIC","40","80","15","20"
"SIM-S0202-P10","SIM-S0202","SIM-S0202-FILTER","FILTER","MIX-1","Filter_DP","45.7436","kPa","2026-09-05T03:36:00Z","2026-09-05T03:30:00Z","2026-09-05T03:45:00Z","SYNTHETIC","40","80","15","20"
"SIM-S0202-P11","SIM-S0202","SIM-S0202-FILTER","FILTER","MIX-1","Filter_DP","47.3421","kPa","2026-09-05T03:42:00Z","2026-09-05T03:30:00Z","2026-09-05T03:45:00Z","SYNTHETIC","40","80","15","20"
"SIM-S0203-P0","SIM-S0203","SIM-S0203-MIX","MIX","MIX-2","Temperature","24.8747","C","2026-09-05T02:40:00Z","2026-09-05T02:40:00Z","2026-09-05T03:30:00Z","SYNTHETIC","25","30","50","60"
"SIM-S0203-P1","SIM-S0203","SIM-S0203-MIX","MIX","MIX-2","Temperature","24.7918","C","2026-09-05T02:48:00Z","2026-09-05T02:40:00Z","2026-09-05T03:30:00Z","SYNTHETIC","25","30","50","60"
"SIM-S0203-P2","SIM-S0203","SIM-S0203-MIX","MIX","MIX-2","Temperature","24.7344","C","2026-09-05T02:56:00Z","2026-09-05T02:40:00Z","2026-09-05T03:30:00Z","SYNTHETIC","25","30","50","60"
"SIM-S0203-P3","SIM-S0203","SIM-S0203-MIX","MIX","MIX-2","Temperature","24.8078","C","2026-09-05T03:04:00Z","2026-09-05T02:40:00Z","2026-09-05T03:30:00Z","SYNTHETIC","25","30","50","60"
"SIM-S0203-P4","SIM-S0203","SIM-S0203-MIX","MIX","MIX-2","Temperature","24.7392","C","2026-09-05T03:12:00Z","2026-09-05T02:40:00Z","2026-09-05T03:30:00Z","SYNTHETIC","25","30","50","60"
"SIM-S0203-P5","SIM-S0203","SIM-S0203-MIX","MIX","MIX-2","Temperature","24.9857","C","2026-09-05T03:20:00Z","2026-09-05T02:40:00Z","2026-09-05T03:30:00Z","SYNTHETIC","25","30","50","60"
"SIM-S0203-P6","SIM-S0203","SIM-S0203-MIX","MIX","MIX-2","Agitator_Speed","302.2113","rpm","2026-09-05T02:45:00Z","2026-09-05T02:40:00Z","2026-09-05T03:30:00Z","SYNTHETIC","300","330","50","60"
"SIM-S0203-P7","SIM-S0203","SIM-S0203-MIX","MIX","MIX-2","Agitator_Speed","303.2462","rpm","2026-09-05T03:05:00Z","2026-09-05T02:40:00Z","2026-09-05T03:30:00Z","SYNTHETIC","300","330","50","60"
"SIM-S0203-P8","SIM-S0203","SIM-S0203-MIX","MIX","MIX-2","Agitator_Speed","303.1671","rpm","2026-09-05T03:25:00Z","2026-09-05T02:40:00Z","2026-09-05T03:30:00Z","SYNTHETIC","300","330","50","60"
"SIM-S0203-P9","SIM-S0203","SIM-S0203-FILTER","FILTER","MIX-2","Filter_DP","70.2002","kPa","2026-09-05T03:30:00Z","2026-09-05T03:30:00Z","2026-09-05T03:45:00Z","SYNTHETIC","40","80","15","20"
"SIM-S0203-P10","SIM-S0203","SIM-S0203-FILTER","FILTER","MIX-2","Filter_DP","70.5349","kPa","2026-09-05T03:36:00Z","2026-09-05T03:30:00Z","2026-09-05T03:45:00Z","SYNTHETIC","40","80","15","20"
"SIM-S0203-P11","SIM-S0203","SIM-S0203-FILTER","FILTER","MIX-2","Filter_DP","72.4979","kPa","2026-09-05T03:42:00Z","2026-09-05T03:30:00Z","2026-09-05T03:45:00Z","SYNTHETIC","40","80","15","20"
"SIM-S0204-P0","SIM-S0204","SIM-S0204-MIX","MIX","MIX-3","Temperature","25.5958","C","2026-09-05T02:40:00Z","2026-09-05T02:40:00Z","2026-09-05T03:30:00Z","SYNTHETIC","25","30","50","60"
"SIM-S0204-P1","SIM-S0204","SIM-S0204-MIX","MIX","MIX-3","Temperature","25.3645","C","2026-09-05T02:48:00Z","2026-09-05T02:40:00Z","2026-09-05T03:30:00Z","SYNTHETIC","25","30","50","60"
"SIM-S0204-P2","SIM-S0204","SIM-S0204-MIX","MIX","MIX-3","Temperature","25.5245","C","2026-09-05T02:56:00Z","2026-09-05T02:40:00Z","2026-09-05T03:30:00Z","SYNTHETIC","25","30","50","60"
"SIM-S0204-P3","SIM-S0204","SIM-S0204-MIX","MIX","MIX-3","Temperature","25.3468","C","2026-09-05T03:04:00Z","2026-09-05T02:40:00Z","2026-09-05T03:30:00Z","SYNTHETIC","25","30","50","60"
"SIM-S0204-P4","SIM-S0204","SIM-S0204-MIX","MIX","MIX-3","Temperature","25.7748","C","2026-09-05T03:12:00Z","2026-09-05T02:40:00Z","2026-09-05T03:30:00Z","SYNTHETIC","25","30","50","60"
"SIM-S0204-P5","SIM-S0204","SIM-S0204-MIX","MIX","MIX-3","Temperature","25.5623","C","2026-09-05T03:20:00Z","2026-09-05T02:40:00Z","2026-09-05T03:30:00Z","SYNTHETIC","25","30","50","60"
"SIM-S0204-P6","SIM-S0204","SIM-S0204-MIX","MIX","MIX-3","Agitator_Speed","298.2091","rpm","2026-09-05T02:45:00Z","2026-09-05T02:40:00Z","2026-09-05T03:30:00Z","SYNTHETIC","300","330","50","60"
"SIM-S0204-P7","SIM-S0204","SIM-S0204-MIX","MIX","MIX-3","Agitator_Speed","299.0764","rpm","2026-09-05T03:05:00Z","2026-09-05T02:40:00Z","2026-09-05T03:30:00Z","SYNTHETIC","300","330","50","60"
"SIM-S0204-P8","SIM-S0204","SIM-S0204-MIX","MIX","MIX-3","Agitator_Speed","298.2431","rpm","2026-09-05T03:25:00Z","2026-09-05T02:40:00Z","2026-09-05T03:30:00Z","SYNTHETIC","300","330","50","60"
"SIM-S0204-P9","SIM-S0204","SIM-S0204-FILTER","FILTER","MIX-3","Filter_DP","45.6624","kPa","2026-09-05T03:30:00Z","2026-09-05T03:30:00Z","2026-09-05T03:45:00Z","SYNTHETIC","40","80","15","20"
"SIM-S0204-P10","SIM-S0204","SIM-S0204-FILTER","FILTER","MIX-3","Filter_DP","45.9825","kPa","2026-09-05T03:36:00Z","2026-09-05T03:30:00Z","2026-09-05T03:45:00Z","SYNTHETIC","40","80","15","20"
"SIM-S0204-P11","SIM-S0204","SIM-S0204-FILTER","FILTER","MIX-3","Filter_DP","46.4937","kPa","2026-09-05T03:42:00Z","2026-09-05T03:30:00Z","2026-09-05T03:45:00Z","SYNTHETIC","40","80","15","20"
"SIM-S0205-P0","SIM-S0205","SIM-S0205-MIX","MIX","MIX-1","Temperature","25.2164","C","2026-09-05T04:10:00Z","2026-09-05T04:10:00Z","2026-09-05T05:00:00Z","SYNTHETIC","25","30","50","60"
"SIM-S0205-P1","SIM-S0205","SIM-S0205-MIX","MIX","MIX-1","Temperature","25.1167","C","2026-09-05T04:18:00Z","2026-09-05T04:10:00Z","2026-09-05T05:00:00Z","SYNTHETIC","25","30","50","60"
"SIM-S0205-P2","SIM-S0205","SIM-S0205-MIX","MIX","MIX-1","Temperature","25.2804","C","2026-09-05T04:26:00Z","2026-09-05T04:10:00Z","2026-09-05T05:00:00Z","SYNTHETIC","25","30","50","60"
"SIM-S0205-P3","SIM-S0205","SIM-S0205-MIX","MIX","MIX-1","Temperature","25.2919","C","2026-09-05T04:34:00Z","2026-09-05T04:10:00Z","2026-09-05T05:00:00Z","SYNTHETIC","25","30","50","60"
"SIM-S0205-P4","SIM-S0205","SIM-S0205-MIX","MIX","MIX-1","Temperature","25.2502","C","2026-09-05T04:42:00Z","2026-09-05T04:10:00Z","2026-09-05T05:00:00Z","SYNTHETIC","25","30","50","60"
"SIM-S0205-P5","SIM-S0205","SIM-S0205-MIX","MIX","MIX-1","Temperature","25.066","C","2026-09-05T04:50:00Z","2026-09-05T04:10:00Z","2026-09-05T05:00:00Z","SYNTHETIC","25","30","50","60"
"SIM-S0205-P6","SIM-S0205","SIM-S0205-MIX","MIX","MIX-1","Agitator_Speed","299.8034","rpm","2026-09-05T04:15:00Z","2026-09-05T04:10:00Z","2026-09-05T05:00:00Z","SYNTHETIC","300","330","50","60"
"SIM-S0205-P7","SIM-S0205","SIM-S0205-MIX","MIX","MIX-1","Agitator_Speed","297.9272","rpm","2026-09-05T04:35:00Z","2026-09-05T04:10:00Z","2026-09-05T05:00:00Z","SYNTHETIC","300","330","50","60"
"SIM-S0205-P8","SIM-S0205","SIM-S0205-MIX","MIX","MIX-1","Agitator_Speed","296.4016","rpm","2026-09-05T04:55:00Z","2026-09-05T04:10:00Z","2026-09-05T05:00:00Z","SYNTHETIC","300","330","50","60"
"SIM-S0205-P9","SIM-S0205","SIM-S0205-FILTER","FILTER","MIX-1","Filter_DP","47.491","kPa","2026-09-05T05:00:00Z","2026-09-05T05:00:00Z","2026-09-05T05:15:00Z","SYNTHETIC","40","80","15","20"
"SIM-S0205-P10","SIM-S0205","SIM-S0205-FILTER","FILTER","MIX-1","Filter_DP","48.5165","kPa","2026-09-05T05:06:00Z","2026-09-05T05:00:00Z","2026-09-05T05:15:00Z","SYNTHETIC","40","80","15","20"
"SIM-S0205-P11","SIM-S0205","SIM-S0205-FILTER","FILTER","MIX-1","Filter_DP","49.3182","kPa","2026-09-05T05:12:00Z","2026-09-05T05:00:00Z","2026-09-05T05:15:00Z","SYNTHETIC","40","80","15","20"
"SIM-S0206-P0","SIM-S0206","SIM-S0206-MIX","MIX","MIX-2","Temperature","25.4539","C","2026-09-05T04:10:00Z","2026-09-05T04:10:00Z","2026-09-05T05:00:00Z","SYNTHETIC","25","30","50","60"
"SIM-S0206-P1","SIM-S0206","SIM-S0206-MIX","MIX","MIX-2","Temperature","24.743","C","2026-09-05T04:18:00Z","2026-09-05T04:10:00Z","2026-09-05T05:00:00Z","SYNTHETIC","25","30","50","60"
"SIM-S0206-P2","SIM-S0206","SIM-S0206-MIX","MIX","MIX-2","Temperature","25.3284","C","2026-09-05T04:26:00Z","2026-09-05T04:10:00Z","2026-09-05T05:00:00Z","SYNTHETIC","25","30","50","60"
"SIM-S0206-P3","SIM-S0206","SIM-S0206-MIX","MIX","MIX-2","Temperature","25.449","C","2026-09-05T04:34:00Z","2026-09-05T04:10:00Z","2026-09-05T05:00:00Z","SYNTHETIC","25","30","50","60"
"SIM-S0206-P4","SIM-S0206","SIM-S0206-MIX","MIX","MIX-2","Temperature","24.9803","C","2026-09-05T04:42:00Z","2026-09-05T04:10:00Z","2026-09-05T05:00:00Z","SYNTHETIC","25","30","50","60"
"SIM-S0206-P5","SIM-S0206","SIM-S0206-MIX","MIX","MIX-2","Temperature","25.1603","C","2026-09-05T04:50:00Z","2026-09-05T04:10:00Z","2026-09-05T05:00:00Z","SYNTHETIC","25","30","50","60"
"SIM-S0206-P6","SIM-S0206","SIM-S0206-MIX","MIX","MIX-2","Agitator_Speed","299.8512","rpm","2026-09-05T04:15:00Z","2026-09-05T04:10:00Z","2026-09-05T05:00:00Z","SYNTHETIC","300","330","50","60"
"SIM-S0206-P7","SIM-S0206","SIM-S0206-MIX","MIX","MIX-2","Agitator_Speed","299.3197","rpm","2026-09-05T04:35:00Z","2026-09-05T04:10:00Z","2026-09-05T05:00:00Z","SYNTHETIC","300","330","50","60"
"SIM-S0206-P8","SIM-S0206","SIM-S0206-MIX","MIX","MIX-2","Agitator_Speed","301.3459","rpm","2026-09-05T04:55:00Z","2026-09-05T04:10:00Z","2026-09-05T05:00:00Z","SYNTHETIC","300","330","50","60"
"SIM-S0206-P9","SIM-S0206","SIM-S0206-FILTER","FILTER","MIX-2","Filter_DP","72.8633","kPa","2026-09-05T05:00:00Z","2026-09-05T05:00:00Z","2026-09-05T05:15:00Z","SYNTHETIC","40","80","15","20"
"SIM-S0206-P10","SIM-S0206","SIM-S0206-FILTER","FILTER","MIX-2","Filter_DP","73.5936","kPa","2026-09-05T05:06:00Z","2026-09-05T05:00:00Z","2026-09-05T05:15:00Z","SYNTHETIC","40","80","15","20"
"SIM-S0206-P11","SIM-S0206","SIM-S0206-FILTER","FILTER","MIX-2","Filter_DP","75.0671","kPa","2026-09-05T05:12:00Z","2026-09-05T05:00:00Z","2026-09-05T05:15:00Z","SYNTHETIC","40","80","15","20"
"SIM-S0207-P0","SIM-S0207","SIM-S0207-MIX","MIX","MIX-3","Temperature","25.7318","C","2026-09-05T04:10:00Z","2026-09-05T04:10:00Z","2026-09-05T05:00:00Z","SYNTHETIC","25","30","50","60"
"SIM-S0207-P1","SIM-S0207","SIM-S0207-MIX","MIX","MIX-3","Temperature","25.4161","C","2026-09-05T04:18:00Z","2026-09-05T04:10:00Z","2026-09-05T05:00:00Z","SYNTHETIC","25","30","50","60"
"SIM-S0207-P2","SIM-S0207","SIM-S0207-MIX","MIX","MIX-3","Temperature","25.5531","C","2026-09-05T04:26:00Z","2026-09-05T04:10:00Z","2026-09-05T05:00:00Z","SYNTHETIC","25","30","50","60"
"SIM-S0207-P3","SIM-S0207","SIM-S0207-MIX","MIX","MIX-3","Temperature","25.5239","C","2026-09-05T04:34:00Z","2026-09-05T04:10:00Z","2026-09-05T05:00:00Z","SYNTHETIC","25","30","50","60"
"SIM-S0207-P4","SIM-S0207","SIM-S0207-MIX","MIX","MIX-3","Temperature","25.4872","C","2026-09-05T04:42:00Z","2026-09-05T04:10:00Z","2026-09-05T05:00:00Z","SYNTHETIC","25","30","50","60"
"SIM-S0207-P5","SIM-S0207","SIM-S0207-MIX","MIX","MIX-3","Temperature","25.6769","C","2026-09-05T04:50:00Z","2026-09-05T04:10:00Z","2026-09-05T05:00:00Z","SYNTHETIC","25","30","50","60"
"SIM-S0207-P6","SIM-S0207","SIM-S0207-MIX","MIX","MIX-3","Agitator_Speed","299.1554","rpm","2026-09-05T04:15:00Z","2026-09-05T04:10:00Z","2026-09-05T05:00:00Z","SYNTHETIC","300","330","50","60"
"SIM-S0207-P7","SIM-S0207","SIM-S0207-MIX","MIX","MIX-3","Agitator_Speed","299.6886","rpm","2026-09-05T04:35:00Z","2026-09-05T04:10:00Z","2026-09-05T05:00:00Z","SYNTHETIC","300","330","50","60"
"SIM-S0207-P8","SIM-S0207","SIM-S0207-MIX","MIX","MIX-3","Agitator_Speed","302.9375","rpm","2026-09-05T04:55:00Z","2026-09-05T04:10:00Z","2026-09-05T05:00:00Z","SYNTHETIC","300","330","50","60"
"SIM-S0207-P9","SIM-S0207","SIM-S0207-FILTER","FILTER","MIX-3","Filter_DP","47.3777","kPa","2026-09-05T05:00:00Z","2026-09-05T05:00:00Z","2026-09-05T05:15:00Z","SYNTHETIC","40","80","15","20"
"SIM-S0207-P10","SIM-S0207","SIM-S0207-FILTER","FILTER","MIX-3","Filter_DP","48.6143","kPa","2026-09-05T05:06:00Z","2026-09-05T05:00:00Z","2026-09-05T05:15:00Z","SYNTHETIC","40","80","15","20"
"SIM-S0207-P11","SIM-S0207","SIM-S0207-FILTER","FILTER","MIX-3","Filter_DP","48.7707","kPa","2026-09-05T05:12:00Z","2026-09-05T05:00:00Z","2026-09-05T05:15:00Z","SYNTHETIC","40","80","15","20"
"SIM-S0208-P0","SIM-S0208","SIM-S0208-MIX","MIX","MIX-1","Temperature","25.2655","C","2026-09-05T05:40:00Z","2026-09-05T05:40:00Z","2026-09-05T06:30:00Z","SYNTHETIC","25","30","50","60"
"SIM-S0208-P1","SIM-S0208","SIM-S0208-MIX","MIX","MIX-1","Temperature","25.564","C","2026-09-05T05:48:00Z","2026-09-05T05:40:00Z","2026-09-05T06:30:00Z","SYNTHETIC","25","30","50","60"
"SIM-S0208-P2","SIM-S0208","SIM-S0208-MIX","MIX","MIX-1","Temperature","25.5491","C","2026-09-05T05:56:00Z","2026-09-05T05:40:00Z","2026-09-05T06:30:00Z","SYNTHETIC","25","30","50","60"
"SIM-S0208-P3","SIM-S0208","SIM-S0208-MIX","MIX","MIX-1","Temperature","25.1294","C","2026-09-05T06:04:00Z","2026-09-05T05:40:00Z","2026-09-05T06:30:00Z","SYNTHETIC","25","30","50","60"
"SIM-S0208-P4","SIM-S0208","SIM-S0208-MIX","MIX","MIX-1","Temperature","25.4875","C","2026-09-05T06:12:00Z","2026-09-05T05:40:00Z","2026-09-05T06:30:00Z","SYNTHETIC","25","30","50","60"
"SIM-S0208-P5","SIM-S0208","SIM-S0208-MIX","MIX","MIX-1","Temperature","25.227","C","2026-09-05T06:20:00Z","2026-09-05T05:40:00Z","2026-09-05T06:30:00Z","SYNTHETIC","25","30","50","60"
"SIM-S0208-P6","SIM-S0208","SIM-S0208-MIX","MIX","MIX-1","Agitator_Speed","294.7428","rpm","2026-09-05T05:45:00Z","2026-09-05T05:40:00Z","2026-09-05T06:30:00Z","SYNTHETIC","300","330","50","60"
"SIM-S0208-P7","SIM-S0208","SIM-S0208-MIX","MIX","MIX-1","Agitator_Speed","293.9972","rpm","2026-09-05T06:05:00Z","2026-09-05T05:40:00Z","2026-09-05T06:30:00Z","SYNTHETIC","300","330","50","60"
"SIM-S0208-P8","SIM-S0208","SIM-S0208-MIX","MIX","MIX-1","Agitator_Speed","294.4522","rpm","2026-09-05T06:25:00Z","2026-09-05T05:40:00Z","2026-09-05T06:30:00Z","SYNTHETIC","300","330","50","60"
"SIM-S0208-P9","SIM-S0208","SIM-S0208-FILTER","FILTER","MIX-1","Filter_DP","48.785","kPa","2026-09-05T06:30:00Z","2026-09-05T06:30:00Z","2026-09-05T06:45:00Z","SYNTHETIC","40","80","15","20"
"SIM-S0208-P10","SIM-S0208","SIM-S0208-FILTER","FILTER","MIX-1","Filter_DP","49.5614","kPa","2026-09-05T06:36:00Z","2026-09-05T06:30:00Z","2026-09-05T06:45:00Z","SYNTHETIC","40","80","15","20"
"SIM-S0208-P11","SIM-S0208","SIM-S0208-FILTER","FILTER","MIX-1","Filter_DP","49.9367","kPa","2026-09-05T06:42:00Z","2026-09-05T06:30:00Z","2026-09-05T06:45:00Z","SYNTHETIC","40","80","15","20"
"SIM-S0209-P0","SIM-S0209","SIM-S0209-MIX","MIX","MIX-2","Temperature","25.1499","C","2026-09-05T05:40:00Z","2026-09-05T05:40:00Z","2026-09-05T06:30:00Z","SYNTHETIC","25","30","50","60"
"SIM-S0209-P1","SIM-S0209","SIM-S0209-MIX","MIX","MIX-2","Temperature","25.1497","C","2026-09-05T05:48:00Z","2026-09-05T05:40:00Z","2026-09-05T06:30:00Z","SYNTHETIC","25","30","50","60"
"SIM-S0209-P2","SIM-S0209","SIM-S0209-MIX","MIX","MIX-2","Temperature","25.1664","C","2026-09-05T05:56:00Z","2026-09-05T05:40:00Z","2026-09-05T06:30:00Z","SYNTHETIC","25","30","50","60"
"SIM-S0209-P3","SIM-S0209","SIM-S0209-MIX","MIX","MIX-2","Temperature","25.084","C","2026-09-05T06:04:00Z","2026-09-05T05:40:00Z","2026-09-05T06:30:00Z","SYNTHETIC","25","30","50","60"
"SIM-S0209-P4","SIM-S0209","SIM-S0209-MIX","MIX","MIX-2","Temperature","25.2745","C","2026-09-05T06:12:00Z","2026-09-05T05:40:00Z","2026-09-05T06:30:00Z","SYNTHETIC","25","30","50","60"
"SIM-S0209-P5","SIM-S0209","SIM-S0209-MIX","MIX","MIX-2","Temperature","25.1818","C","2026-09-05T06:20:00Z","2026-09-05T05:40:00Z","2026-09-05T06:30:00Z","SYNTHETIC","25","30","50","60"
"SIM-S0209-P6","SIM-S0209","SIM-S0209-MIX","MIX","MIX-2","Agitator_Speed","304.2066","rpm","2026-09-05T05:45:00Z","2026-09-05T05:40:00Z","2026-09-05T06:30:00Z","SYNTHETIC","300","330","50","60"
"SIM-S0209-P7","SIM-S0209","SIM-S0209-MIX","MIX","MIX-2","Agitator_Speed","305.5894","rpm","2026-09-05T06:05:00Z","2026-09-05T05:40:00Z","2026-09-05T06:30:00Z","SYNTHETIC","300","330","50","60"
"SIM-S0209-P8","SIM-S0209","SIM-S0209-MIX","MIX","MIX-2","Agitator_Speed","304.4006","rpm","2026-09-05T06:25:00Z","2026-09-05T05:40:00Z","2026-09-05T06:30:00Z","SYNTHETIC","300","330","50","60"
"SIM-S0209-P9","SIM-S0209","SIM-S0209-FILTER","FILTER","MIX-2","Filter_DP","76.6869","kPa","2026-09-05T06:30:00Z","2026-09-05T06:30:00Z","2026-09-05T06:45:00Z","SYNTHETIC","40","80","15","20"
"SIM-S0209-P10","SIM-S0209","SIM-S0209-FILTER","FILTER","MIX-2","Filter_DP","77.2019","kPa","2026-09-05T06:36:00Z","2026-09-05T06:30:00Z","2026-09-05T06:45:00Z","SYNTHETIC","40","80","15","20"
"SIM-S0209-P11","SIM-S0209","SIM-S0209-FILTER","FILTER","MIX-2","Filter_DP","77.7457","kPa","2026-09-05T06:42:00Z","2026-09-05T06:30:00Z","2026-09-05T06:45:00Z","SYNTHETIC","40","80","15","20"
"SIM-S0210-P0","SIM-S0210","SIM-S0210-MIX","MIX","MIX-3","Temperature","25.0909","C","2026-09-05T05:40:00Z","2026-09-05T05:40:00Z","2026-09-05T06:30:00Z","SYNTHETIC","25","30","50","60"
"SIM-S0210-P1","SIM-S0210","SIM-S0210-MIX","MIX","MIX-3","Temperature","25.0513","C","2026-09-05T05:48:00Z","2026-09-05T05:40:00Z","2026-09-05T06:30:00Z","SYNTHETIC","25","30","50","60"
"SIM-S0210-P2","SIM-S0210","SIM-S0210-MIX","MIX","MIX-3","Temperature","24.7499","C","2026-09-05T05:56:00Z","2026-09-05T05:40:00Z","2026-09-05T06:30:00Z","SYNTHETIC","25","30","50","60"
"SIM-S0210-P3","SIM-S0210","SIM-S0210-MIX","MIX","MIX-3","Temperature","25.0455","C","2026-09-05T06:04:00Z","2026-09-05T05:40:00Z","2026-09-05T06:30:00Z","SYNTHETIC","25","30","50","60"
"SIM-S0210-P4","SIM-S0210","SIM-S0210-MIX","MIX","MIX-3","Temperature","24.8832","C","2026-09-05T06:12:00Z","2026-09-05T05:40:00Z","2026-09-05T06:30:00Z","SYNTHETIC","25","30","50","60"
"SIM-S0210-P5","SIM-S0210","SIM-S0210-MIX","MIX","MIX-3","Temperature","24.8923","C","2026-09-05T06:20:00Z","2026-09-05T05:40:00Z","2026-09-05T06:30:00Z","SYNTHETIC","25","30","50","60"
"SIM-S0210-P6","SIM-S0210","SIM-S0210-MIX","MIX","MIX-3","Agitator_Speed","300.6605","rpm","2026-09-05T05:45:00Z","2026-09-05T05:40:00Z","2026-09-05T06:30:00Z","SYNTHETIC","300","330","50","60"
"SIM-S0210-P7","SIM-S0210","SIM-S0210-MIX","MIX","MIX-3","Agitator_Speed","301.7006","rpm","2026-09-05T06:05:00Z","2026-09-05T05:40:00Z","2026-09-05T06:30:00Z","SYNTHETIC","300","330","50","60"
"SIM-S0210-P8","SIM-S0210","SIM-S0210-MIX","MIX","MIX-3","Agitator_Speed","303.7368","rpm","2026-09-05T06:25:00Z","2026-09-05T05:40:00Z","2026-09-05T06:30:00Z","SYNTHETIC","300","330","50","60"
"SIM-S0210-P9","SIM-S0210","SIM-S0210-FILTER","FILTER","MIX-3","Filter_DP","47.9577","kPa","2026-09-05T06:30:00Z","2026-09-05T06:30:00Z","2026-09-05T06:45:00Z","SYNTHETIC","40","80","15","20"
"SIM-S0210-P10","SIM-S0210","SIM-S0210-FILTER","FILTER","MIX-3","Filter_DP","47.9858","kPa","2026-09-05T06:36:00Z","2026-09-05T06:30:00Z","2026-09-05T06:45:00Z","SYNTHETIC","40","80","15","20"
"SIM-S0210-P11","SIM-S0210","SIM-S0210-FILTER","FILTER","MIX-3","Filter_DP","49.053","kPa","2026-09-05T06:42:00Z","2026-09-05T06:30:00Z","2026-09-05T06:45:00Z","SYNTHETIC","40","80","15","20"
"SIM-S0211-P0","SIM-S0211","SIM-S0211-MIX","MIX","MIX-1","Temperature","25.7308","C","2026-09-05T07:10:00Z","2026-09-05T07:10:00Z","2026-09-05T08:00:00Z","SYNTHETIC","25","30","50","60"
"SIM-S0211-P1","SIM-S0211","SIM-S0211-MIX","MIX","MIX-1","Temperature","26.0709","C","2026-09-05T07:18:00Z","2026-09-05T07:10:00Z","2026-09-05T08:00:00Z","SYNTHETIC","25","30","50","60"
"SIM-S0211-P2","SIM-S0211","SIM-S0211-MIX","MIX","MIX-1","Temperature","25.6198","C","2026-09-05T07:26:00Z","2026-09-05T07:10:00Z","2026-09-05T08:00:00Z","SYNTHETIC","25","30","50","60"
"SIM-S0211-P3","SIM-S0211","SIM-S0211-MIX","MIX","MIX-1","Temperature","26.047","C","2026-09-05T07:34:00Z","2026-09-05T07:10:00Z","2026-09-05T08:00:00Z","SYNTHETIC","25","30","50","60"
"SIM-S0211-P4","SIM-S0211","SIM-S0211-MIX","MIX","MIX-1","Temperature","26.0169","C","2026-09-05T07:42:00Z","2026-09-05T07:10:00Z","2026-09-05T08:00:00Z","SYNTHETIC","25","30","50","60"
"SIM-S0211-P5","SIM-S0211","SIM-S0211-MIX","MIX","MIX-1","Temperature","26.0134","C","2026-09-05T07:50:00Z","2026-09-05T07:10:00Z","2026-09-05T08:00:00Z","SYNTHETIC","25","30","50","60"
"SIM-S0211-P6","SIM-S0211","SIM-S0211-MIX","MIX","MIX-1","Agitator_Speed","298.0742","rpm","2026-09-05T07:15:00Z","2026-09-05T07:10:00Z","2026-09-05T08:00:00Z","SYNTHETIC","300","330","50","60"
"SIM-S0211-P7","SIM-S0211","SIM-S0211-MIX","MIX","MIX-1","Agitator_Speed","297.2976","rpm","2026-09-05T07:35:00Z","2026-09-05T07:10:00Z","2026-09-05T08:00:00Z","SYNTHETIC","300","330","50","60"
"SIM-S0211-P8","SIM-S0211","SIM-S0211-MIX","MIX","MIX-1","Agitator_Speed","297.9574","rpm","2026-09-05T07:55:00Z","2026-09-05T07:10:00Z","2026-09-05T08:00:00Z","SYNTHETIC","300","330","50","60"
"SIM-S0211-P9","SIM-S0211","SIM-S0211-FILTER","FILTER","MIX-1","Filter_DP","52.0589","kPa","2026-09-05T08:00:00Z","2026-09-05T08:00:00Z","2026-09-05T08:15:00Z","SYNTHETIC","40","80","15","20"
"SIM-S0211-P10","SIM-S0211","SIM-S0211-FILTER","FILTER","MIX-1","Filter_DP","52.3993","kPa","2026-09-05T08:06:00Z","2026-09-05T08:00:00Z","2026-09-05T08:15:00Z","SYNTHETIC","40","80","15","20"
"SIM-S0211-P11","SIM-S0211","SIM-S0211-FILTER","FILTER","MIX-1","Filter_DP","53.6357","kPa","2026-09-05T08:12:00Z","2026-09-05T08:00:00Z","2026-09-05T08:15:00Z","SYNTHETIC","40","80","15","20"
"SIM-S0212-P0","SIM-S0212","SIM-S0212-MIX","MIX","MIX-2","Temperature","25.3194","C","2026-09-05T07:10:00Z","2026-09-05T07:10:00Z","2026-09-05T08:00:00Z","SYNTHETIC","25","30","50","60"
"SIM-S0212-P1","SIM-S0212","SIM-S0212-MIX","MIX","MIX-2","Temperature","25.3603","C","2026-09-05T07:18:00Z","2026-09-05T07:10:00Z","2026-09-05T08:00:00Z","SYNTHETIC","25","30","50","60"
"SIM-S0212-P2","SIM-S0212","SIM-S0212-MIX","MIX","MIX-2","Temperature","25.4836","C","2026-09-05T07:26:00Z","2026-09-05T07:10:00Z","2026-09-05T08:00:00Z","SYNTHETIC","25","30","50","60"
"SIM-S0212-P3","SIM-S0212","SIM-S0212-MIX","MIX","MIX-2","Temperature","24.9822","C","2026-09-05T07:34:00Z","2026-09-05T07:10:00Z","2026-09-05T08:00:00Z","SYNTHETIC","25","30","50","60"
"SIM-S0212-P4","SIM-S0212","SIM-S0212-MIX","MIX","MIX-2","Temperature","25.3541","C","2026-09-05T07:42:00Z","2026-09-05T07:10:00Z","2026-09-05T08:00:00Z","SYNTHETIC","25","30","50","60"
"SIM-S0212-P5","SIM-S0212","SIM-S0212-MIX","MIX","MIX-2","Temperature","25.4472","C","2026-09-05T07:50:00Z","2026-09-05T07:10:00Z","2026-09-05T08:00:00Z","SYNTHETIC","25","30","50","60"
"SIM-S0212-P6","SIM-S0212","SIM-S0212-MIX","MIX","MIX-2","Agitator_Speed","300.2508","rpm","2026-09-05T07:15:00Z","2026-09-05T07:10:00Z","2026-09-05T08:00:00Z","SYNTHETIC","300","330","50","60"
"SIM-S0212-P7","SIM-S0212","SIM-S0212-MIX","MIX","MIX-2","Agitator_Speed","300.0135","rpm","2026-09-05T07:35:00Z","2026-09-05T07:10:00Z","2026-09-05T08:00:00Z","SYNTHETIC","300","330","50","60"
"SIM-S0212-P8","SIM-S0212","SIM-S0212-MIX","MIX","MIX-2","Agitator_Speed","299.2196","rpm","2026-09-05T07:55:00Z","2026-09-05T07:10:00Z","2026-09-05T08:00:00Z","SYNTHETIC","300","330","50","60"
"SIM-S0212-P9","SIM-S0212","SIM-S0212-FILTER","FILTER","MIX-2","Filter_DP","77.4465","kPa","2026-09-05T08:00:00Z","2026-09-05T08:00:00Z","2026-09-05T08:15:00Z","SYNTHETIC","40","80","15","20"
"SIM-S0212-P10","SIM-S0212","SIM-S0212-FILTER","FILTER","MIX-2","Filter_DP","78.1267","kPa","2026-09-05T08:06:00Z","2026-09-05T08:00:00Z","2026-09-05T08:15:00Z","SYNTHETIC","40","80","15","20"
"SIM-S0212-P11","SIM-S0212","SIM-S0212-FILTER","FILTER","MIX-2","Filter_DP","79.2076","kPa","2026-09-05T08:12:00Z","2026-09-05T08:00:00Z","2026-09-05T08:15:00Z","SYNTHETIC","40","80","15","20"
"SIM-S0213-P0","SIM-S0213","SIM-S0213-MIX","MIX","MIX-3","Temperature","25.4957","C","2026-09-05T07:10:00Z","2026-09-05T07:10:00Z","2026-09-05T08:00:00Z","SYNTHETIC","25","30","50","60"
"SIM-S0213-P1","SIM-S0213","SIM-S0213-MIX","MIX","MIX-3","Temperature","25.5087","C","2026-09-05T07:18:00Z","2026-09-05T07:10:00Z","2026-09-05T08:00:00Z","SYNTHETIC","25","30","50","60"
"SIM-S0213-P2","SIM-S0213","SIM-S0213-MIX","MIX","MIX-3","Temperature","25.4183","C","2026-09-05T07:26:00Z","2026-09-05T07:10:00Z","2026-09-05T08:00:00Z","SYNTHETIC","25","30","50","60"
"SIM-S0213-P3","SIM-S0213","SIM-S0213-MIX","MIX","MIX-3","Temperature","25.4995","C","2026-09-05T07:34:00Z","2026-09-05T07:10:00Z","2026-09-05T08:00:00Z","SYNTHETIC","25","30","50","60"
"SIM-S0213-P4","SIM-S0213","SIM-S0213-MIX","MIX","MIX-3","Temperature","25.3012","C","2026-09-05T07:42:00Z","2026-09-05T07:10:00Z","2026-09-05T08:00:00Z","SYNTHETIC","25","30","50","60"
"SIM-S0213-P5","SIM-S0213","SIM-S0213-MIX","MIX","MIX-3","Temperature","25.6964","C","2026-09-05T07:50:00Z","2026-09-05T07:10:00Z","2026-09-05T08:00:00Z","SYNTHETIC","25","30","50","60"
"SIM-S0213-P6","SIM-S0213","SIM-S0213-MIX","MIX","MIX-3","Agitator_Speed","302.3152","rpm","2026-09-05T07:15:00Z","2026-09-05T07:10:00Z","2026-09-05T08:00:00Z","SYNTHETIC","300","330","50","60"
"SIM-S0213-P7","SIM-S0213","SIM-S0213-MIX","MIX","MIX-3","Agitator_Speed","302.1699","rpm","2026-09-05T07:35:00Z","2026-09-05T07:10:00Z","2026-09-05T08:00:00Z","SYNTHETIC","300","330","50","60"
"SIM-S0213-P8","SIM-S0213","SIM-S0213-MIX","MIX","MIX-3","Agitator_Speed","302.3819","rpm","2026-09-05T07:55:00Z","2026-09-05T07:10:00Z","2026-09-05T08:00:00Z","SYNTHETIC","300","330","50","60"
"SIM-S0213-P9","SIM-S0213","SIM-S0213-FILTER","FILTER","MIX-3","Filter_DP","51.4403","kPa","2026-09-05T08:00:00Z","2026-09-05T08:00:00Z","2026-09-05T08:15:00Z","SYNTHETIC","40","80","15","20"
"SIM-S0213-P10","SIM-S0213","SIM-S0213-FILTER","FILTER","MIX-3","Filter_DP","52.4459","kPa","2026-09-05T08:06:00Z","2026-09-05T08:00:00Z","2026-09-05T08:15:00Z","SYNTHETIC","40","80","15","20"
"SIM-S0213-P11","SIM-S0213","SIM-S0213-FILTER","FILTER","MIX-3","Filter_DP","52.7802","kPa","2026-09-05T08:12:00Z","2026-09-05T08:00:00Z","2026-09-05T08:15:00Z","SYNTHETIC","40","80","15","20"
"SIM-S0214-P0","SIM-S0214","SIM-S0214-MIX","MIX","MIX-1","Temperature","26.0108","C","2026-09-05T08:40:00Z","2026-09-05T08:40:00Z","2026-09-05T09:30:00Z","SYNTHETIC","25","30","50","60"
"SIM-S0214-P1","SIM-S0214","SIM-S0214-MIX","MIX","MIX-1","Temperature","25.8555","C","2026-09-05T08:48:00Z","2026-09-05T08:40:00Z","2026-09-05T09:30:00Z","SYNTHETIC","25","30","50","60"
"SIM-S0214-P2","SIM-S0214","SIM-S0214-MIX","MIX","MIX-1","Temperature","25.686","C","2026-09-05T08:56:00Z","2026-09-05T08:40:00Z","2026-09-05T09:30:00Z","SYNTHETIC","25","30","50","60"
"SIM-S0214-P3","SIM-S0214","SIM-S0214-MIX","MIX","MIX-1","Temperature","25.9463","C","2026-09-05T09:04:00Z","2026-09-05T08:40:00Z","2026-09-05T09:30:00Z","SYNTHETIC","25","30","50","60"
"SIM-S0214-P4","SIM-S0214","SIM-S0214-MIX","MIX","MIX-1","Temperature","26.0298","C","2026-09-05T09:12:00Z","2026-09-05T08:40:00Z","2026-09-05T09:30:00Z","SYNTHETIC","25","30","50","60"
"SIM-S0214-P5","SIM-S0214","SIM-S0214-MIX","MIX","MIX-1","Temperature","25.8156","C","2026-09-05T09:20:00Z","2026-09-05T08:40:00Z","2026-09-05T09:30:00Z","SYNTHETIC","25","30","50","60"
"SIM-S0214-P6","SIM-S0214","SIM-S0214-MIX","MIX","MIX-1","Agitator_Speed","299.7195","rpm","2026-09-05T08:45:00Z","2026-09-05T08:40:00Z","2026-09-05T09:30:00Z","SYNTHETIC","300","330","50","60"
"SIM-S0214-P7","SIM-S0214","SIM-S0214-MIX","MIX","MIX-1","Agitator_Speed","302.879","rpm","2026-09-05T09:05:00Z","2026-09-05T08:40:00Z","2026-09-05T09:30:00Z","SYNTHETIC","300","330","50","60"
"SIM-S0214-P8","SIM-S0214","SIM-S0214-MIX","MIX","MIX-1","Agitator_Speed","302.8125","rpm","2026-09-05T09:25:00Z","2026-09-05T08:40:00Z","2026-09-05T09:30:00Z","SYNTHETIC","300","330","50","60"
"SIM-S0214-P9","SIM-S0214","SIM-S0214-FILTER","FILTER","MIX-1","Filter_DP","58.3664","kPa","2026-09-05T09:30:00Z","2026-09-05T09:30:00Z","2026-09-05T09:45:00Z","SYNTHETIC","40","80","15","20"
"SIM-S0214-P10","SIM-S0214","SIM-S0214-FILTER","FILTER","MIX-1","Filter_DP","57.5119","kPa","2026-09-05T09:36:00Z","2026-09-05T09:30:00Z","2026-09-05T09:45:00Z","SYNTHETIC","40","80","15","20"
"SIM-S0214-P11","SIM-S0214","SIM-S0214-FILTER","FILTER","MIX-1","Filter_DP","59.1786","kPa","2026-09-05T09:42:00Z","2026-09-05T09:30:00Z","2026-09-05T09:45:00Z","SYNTHETIC","40","80","15","20"
"SIM-S0215-P0","SIM-S0215","SIM-S0215-MIX","MIX","MIX-2","Temperature","25.6304","C","2026-09-05T08:40:00Z","2026-09-05T08:40:00Z","2026-09-05T09:30:00Z","SYNTHETIC","25","30","50","60"
"SIM-S0215-P1","SIM-S0215","SIM-S0215-MIX","MIX","MIX-2","Temperature","25.6943","C","2026-09-05T08:48:00Z","2026-09-05T08:40:00Z","2026-09-05T09:30:00Z","SYNTHETIC","25","30","50","60"
"SIM-S0215-P2","SIM-S0215","SIM-S0215-MIX","MIX","MIX-2","Temperature","25.6881","C","2026-09-05T08:56:00Z","2026-09-05T08:40:00Z","2026-09-05T09:30:00Z","SYNTHETIC","25","30","50","60"
"SIM-S0215-P3","SIM-S0215","SIM-S0215-MIX","MIX","MIX-2","Temperature","25.5253","C","2026-09-05T09:04:00Z","2026-09-05T08:40:00Z","2026-09-05T09:30:00Z","SYNTHETIC","25","30","50","60"
"SIM-S0215-P4","SIM-S0215","SIM-S0215-MIX","MIX","MIX-2","Temperature","25.3632","C","2026-09-05T09:12:00Z","2026-09-05T08:40:00Z","2026-09-05T09:30:00Z","SYNTHETIC","25","30","50","60"
"SIM-S0215-P5","SIM-S0215","SIM-S0215-MIX","MIX","MIX-2","Temperature","25.6258","C","2026-09-05T09:20:00Z","2026-09-05T08:40:00Z","2026-09-05T09:30:00Z","SYNTHETIC","25","30","50","60"
"SIM-S0215-P6","SIM-S0215","SIM-S0215-MIX","MIX","MIX-2","Agitator_Speed","301.9569","rpm","2026-09-05T08:45:00Z","2026-09-05T08:40:00Z","2026-09-05T09:30:00Z","SYNTHETIC","300","330","50","60"
"SIM-S0215-P7","SIM-S0215","SIM-S0215-MIX","MIX","MIX-2","Agitator_Speed","299.1674","rpm","2026-09-05T09:05:00Z","2026-09-05T08:40:00Z","2026-09-05T09:30:00Z","SYNTHETIC","300","330","50","60"
"SIM-S0215-P8","SIM-S0215","SIM-S0215-MIX","MIX","MIX-2","Agitator_Speed","301.6754","rpm","2026-09-05T09:25:00Z","2026-09-05T08:40:00Z","2026-09-05T09:30:00Z","SYNTHETIC","300","330","50","60"
"SIM-S0215-P9","SIM-S0215","SIM-S0215-FILTER","FILTER","MIX-2","Filter_DP","82.8354","kPa","2026-09-05T09:30:00Z","2026-09-05T09:30:00Z","2026-09-05T09:45:00Z","SYNTHETIC","40","80","15","20"
"SIM-S0215-P10","SIM-S0215","SIM-S0215-FILTER","FILTER","MIX-2","Filter_DP","84.4925","kPa","2026-09-05T09:36:00Z","2026-09-05T09:30:00Z","2026-09-05T09:45:00Z","SYNTHETIC","40","80","15","20"
"SIM-S0215-P11","SIM-S0215","SIM-S0215-FILTER","FILTER","MIX-2","Filter_DP","84.5029","kPa","2026-09-05T09:42:00Z","2026-09-05T09:30:00Z","2026-09-05T09:45:00Z","SYNTHETIC","40","80","15","20"
"SIM-S0216-P0","SIM-S0216","SIM-S0216-MIX","MIX","MIX-3","Temperature","25.2447","C","2026-09-05T08:40:00Z","2026-09-05T08:40:00Z","2026-09-05T09:30:00Z","SYNTHETIC","25","30","50","60"
"SIM-S0216-P1","SIM-S0216","SIM-S0216-MIX","MIX","MIX-3","Temperature","25.4745","C","2026-09-05T08:48:00Z","2026-09-05T08:40:00Z","2026-09-05T09:30:00Z","SYNTHETIC","25","30","50","60"
"SIM-S0216-P2","SIM-S0216","SIM-S0216-MIX","MIX","MIX-3","Temperature","25.2992","C","2026-09-05T08:56:00Z","2026-09-05T08:40:00Z","2026-09-05T09:30:00Z","SYNTHETIC","25","30","50","60"
"SIM-S0216-P3","SIM-S0216","SIM-S0216-MIX","MIX","MIX-3","Temperature","25.1486","C","2026-09-05T09:04:00Z","2026-09-05T08:40:00Z","2026-09-05T09:30:00Z","SYNTHETIC","25","30","50","60"
"SIM-S0216-P4","SIM-S0216","SIM-S0216-MIX","MIX","MIX-3","Temperature","25.2854","C","2026-09-05T09:12:00Z","2026-09-05T08:40:00Z","2026-09-05T09:30:00Z","SYNTHETIC","25","30","50","60"
"SIM-S0216-P5","SIM-S0216","SIM-S0216-MIX","MIX","MIX-3","Temperature","25.2008","C","2026-09-05T09:20:00Z","2026-09-05T08:40:00Z","2026-09-05T09:30:00Z","SYNTHETIC","25","30","50","60"
"SIM-S0216-P6","SIM-S0216","SIM-S0216-MIX","MIX","MIX-3","Agitator_Speed","301.277","rpm","2026-09-05T08:45:00Z","2026-09-05T08:40:00Z","2026-09-05T09:30:00Z","SYNTHETIC","300","330","50","60"
"SIM-S0216-P7","SIM-S0216","SIM-S0216-MIX","MIX","MIX-3","Agitator_Speed","298.2618","rpm","2026-09-05T09:05:00Z","2026-09-05T08:40:00Z","2026-09-05T09:30:00Z","SYNTHETIC","300","330","50","60"
"SIM-S0216-P8","SIM-S0216","SIM-S0216-MIX","MIX","MIX-3","Agitator_Speed","300.7957","rpm","2026-09-05T09:25:00Z","2026-09-05T08:40:00Z","2026-09-05T09:30:00Z","SYNTHETIC","300","330","50","60"
"SIM-S0216-P9","SIM-S0216","SIM-S0216-FILTER","FILTER","MIX-3","Filter_DP","60.673","kPa","2026-09-05T09:30:00Z","2026-09-05T09:30:00Z","2026-09-05T09:45:00Z","SYNTHETIC","40","80","15","20"
"SIM-S0216-P10","SIM-S0216","SIM-S0216-FILTER","FILTER","MIX-3","Filter_DP","61.3584","kPa","2026-09-05T09:36:00Z","2026-09-05T09:30:00Z","2026-09-05T09:45:00Z","SYNTHETIC","40","80","15","20"
"SIM-S0216-P11","SIM-S0216","SIM-S0216-FILTER","FILTER","MIX-3","Filter_DP","61.5992","kPa","2026-09-05T09:42:00Z","2026-09-05T09:30:00Z","2026-09-05T09:45:00Z","SYNTHETIC","40","80","15","20"
"SIM-S0217-P0","SIM-S0217","SIM-S0217-MIX","MIX","MIX-1","Temperature","25.241","C","2026-09-05T10:10:00Z","2026-09-05T10:10:00Z","2026-09-05T11:00:00Z","SYNTHETIC","25","30","50","60"
"SIM-S0217-P1","SIM-S0217","SIM-S0217-MIX","MIX","MIX-1","Temperature","24.9005","C","2026-09-05T10:18:00Z","2026-09-05T10:10:00Z","2026-09-05T11:00:00Z","SYNTHETIC","25","30","50","60"
"SIM-S0217-P2","SIM-S0217","SIM-S0217-MIX","MIX","MIX-1","Temperature","25.2044","C","2026-09-05T10:26:00Z","2026-09-05T10:10:00Z","2026-09-05T11:00:00Z","SYNTHETIC","25","30","50","60"
"SIM-S0217-P3","SIM-S0217","SIM-S0217-MIX","MIX","MIX-1","Temperature","24.9411","C","2026-09-05T10:34:00Z","2026-09-05T10:10:00Z","2026-09-05T11:00:00Z","SYNTHETIC","25","30","50","60"
"SIM-S0217-P4","SIM-S0217","SIM-S0217-MIX","MIX","MIX-1","Temperature","24.8987","C","2026-09-05T10:42:00Z","2026-09-05T10:10:00Z","2026-09-05T11:00:00Z","SYNTHETIC","25","30","50","60"
"SIM-S0217-P5","SIM-S0217","SIM-S0217-MIX","MIX","MIX-1","Temperature","24.8996","C","2026-09-05T10:50:00Z","2026-09-05T10:10:00Z","2026-09-05T11:00:00Z","SYNTHETIC","25","30","50","60"
"SIM-S0217-P6","SIM-S0217","SIM-S0217-MIX","MIX","MIX-1","Agitator_Speed","300.3004","rpm","2026-09-05T10:15:00Z","2026-09-05T10:10:00Z","2026-09-05T11:00:00Z","SYNTHETIC","300","330","50","60"
"SIM-S0217-P7","SIM-S0217","SIM-S0217-MIX","MIX","MIX-1","Agitator_Speed","300.4821","rpm","2026-09-05T10:35:00Z","2026-09-05T10:10:00Z","2026-09-05T11:00:00Z","SYNTHETIC","300","330","50","60"
"SIM-S0217-P8","SIM-S0217","SIM-S0217-MIX","MIX","MIX-1","Agitator_Speed","302.0413","rpm","2026-09-05T10:55:00Z","2026-09-05T10:10:00Z","2026-09-05T11:00:00Z","SYNTHETIC","300","330","50","60"
"SIM-S0217-P9","SIM-S0217","SIM-S0217-FILTER","FILTER","MIX-1","Filter_DP","34.8315","kPa","2026-09-05T11:00:00Z","2026-09-05T11:00:00Z","2026-09-05T11:15:00Z","SYNTHETIC","40","80","15","20"
"SIM-S0217-P10","SIM-S0217","SIM-S0217-FILTER","FILTER","MIX-1","Filter_DP","35.1369","kPa","2026-09-05T11:06:00Z","2026-09-05T11:00:00Z","2026-09-05T11:15:00Z","SYNTHETIC","40","80","15","20"
"SIM-S0217-P11","SIM-S0217","SIM-S0217-FILTER","FILTER","MIX-1","Filter_DP","36.5879","kPa","2026-09-05T11:12:00Z","2026-09-05T11:00:00Z","2026-09-05T11:15:00Z","SYNTHETIC","40","80","15","20"
"SIM-S0218-P0","SIM-S0218","SIM-S0218-MIX","MIX","MIX-2","Temperature","24.8092","C","2026-09-05T10:10:00Z","2026-09-05T10:10:00Z","2026-09-05T11:00:00Z","SYNTHETIC","25","30","50","60"
"SIM-S0218-P1","SIM-S0218","SIM-S0218-MIX","MIX","MIX-2","Temperature","24.9707","C","2026-09-05T10:18:00Z","2026-09-05T10:10:00Z","2026-09-05T11:00:00Z","SYNTHETIC","25","30","50","60"
"SIM-S0218-P2","SIM-S0218","SIM-S0218-MIX","MIX","MIX-2","Temperature","25.0682","C","2026-09-05T10:26:00Z","2026-09-05T10:10:00Z","2026-09-05T11:00:00Z","SYNTHETIC","25","30","50","60"
"SIM-S0218-P3","SIM-S0218","SIM-S0218-MIX","MIX","MIX-2","Temperature","24.9192","C","2026-09-05T10:34:00Z","2026-09-05T10:10:00Z","2026-09-05T11:00:00Z","SYNTHETIC","25","30","50","60"
"SIM-S0218-P4","SIM-S0218","SIM-S0218-MIX","MIX","MIX-2","Temperature","25.0734","C","2026-09-05T10:42:00Z","2026-09-05T10:10:00Z","2026-09-05T11:00:00Z","SYNTHETIC","25","30","50","60"
"SIM-S0218-P5","SIM-S0218","SIM-S0218-MIX","MIX","MIX-2","Temperature","24.7759","C","2026-09-05T10:50:00Z","2026-09-05T10:10:00Z","2026-09-05T11:00:00Z","SYNTHETIC","25","30","50","60"
"SIM-S0218-P6","SIM-S0218","SIM-S0218-MIX","MIX","MIX-2","Agitator_Speed","300.6328","rpm","2026-09-05T10:15:00Z","2026-09-05T10:10:00Z","2026-09-05T11:00:00Z","SYNTHETIC","300","330","50","60"
"SIM-S0218-P7","SIM-S0218","SIM-S0218-MIX","MIX","MIX-2","Agitator_Speed","301.8391","rpm","2026-09-05T10:35:00Z","2026-09-05T10:10:00Z","2026-09-05T11:00:00Z","SYNTHETIC","300","330","50","60"
"SIM-S0218-P8","SIM-S0218","SIM-S0218-MIX","MIX","MIX-2","Agitator_Speed","300.9109","rpm","2026-09-05T10:55:00Z","2026-09-05T10:10:00Z","2026-09-05T11:00:00Z","SYNTHETIC","300","330","50","60"
"SIM-S0218-P9","SIM-S0218","SIM-S0218-FILTER","FILTER","MIX-2","Filter_DP","82.9599","kPa","2026-09-05T11:00:00Z","2026-09-05T11:00:00Z","2026-09-05T11:15:00Z","SYNTHETIC","40","80","15","20"
"SIM-S0218-P10","SIM-S0218","SIM-S0218-FILTER","FILTER","MIX-2","Filter_DP","83.3104","kPa","2026-09-05T11:06:00Z","2026-09-05T11:00:00Z","2026-09-05T11:15:00Z","SYNTHETIC","40","80","15","20"
"SIM-S0218-P11","SIM-S0218","SIM-S0218-FILTER","FILTER","MIX-2","Filter_DP","84.2624","kPa","2026-09-05T11:12:00Z","2026-09-05T11:00:00Z","2026-09-05T11:15:00Z","SYNTHETIC","40","80","15","20"
"SIM-S0219-P0","SIM-S0219","SIM-S0219-MIX","MIX","MIX-3","Temperature","25.7256","C","2026-09-05T10:10:00Z","2026-09-05T10:10:00Z","2026-09-05T11:00:00Z","SYNTHETIC","25","30","50","60"
"SIM-S0219-P1","SIM-S0219","SIM-S0219-MIX","MIX","MIX-3","Temperature","25.3435","C","2026-09-05T10:18:00Z","2026-09-05T10:10:00Z","2026-09-05T11:00:00Z","SYNTHETIC","25","30","50","60"
"SIM-S0219-P2","SIM-S0219","SIM-S0219-MIX","MIX","MIX-3","Temperature","25.4936","C","2026-09-05T10:26:00Z","2026-09-05T10:10:00Z","2026-09-05T11:00:00Z","SYNTHETIC","25","30","50","60"
"SIM-S0219-P3","SIM-S0219","SIM-S0219-MIX","MIX","MIX-3","Temperature","25.7815","C","2026-09-05T10:34:00Z","2026-09-05T10:10:00Z","2026-09-05T11:00:00Z","SYNTHETIC","25","30","50","60"
"SIM-S0219-P4","SIM-S0219","SIM-S0219-MIX","MIX","MIX-3","Temperature","25.4184","C","2026-09-05T10:42:00Z","2026-09-05T10:10:00Z","2026-09-05T11:00:00Z","SYNTHETIC","25","30","50","60"
"SIM-S0219-P5","SIM-S0219","SIM-S0219-MIX","MIX","MIX-3","Temperature","25.5517","C","2026-09-05T10:50:00Z","2026-09-05T10:10:00Z","2026-09-05T11:00:00Z","SYNTHETIC","25","30","50","60"
"SIM-S0219-P6","SIM-S0219","SIM-S0219-MIX","MIX","MIX-3","Agitator_Speed","300.5831","rpm","2026-09-05T10:15:00Z","2026-09-05T10:10:00Z","2026-09-05T11:00:00Z","SYNTHETIC","300","330","50","60"
"SIM-S0219-P7","SIM-S0219","SIM-S0219-MIX","MIX","MIX-3","Agitator_Speed","301.6429","rpm","2026-09-05T10:35:00Z","2026-09-05T10:10:00Z","2026-09-05T11:00:00Z","SYNTHETIC","300","330","50","60"
"SIM-S0219-P8","SIM-S0219","SIM-S0219-MIX","MIX","MIX-3","Agitator_Speed","300.1256","rpm","2026-09-05T10:55:00Z","2026-09-05T10:10:00Z","2026-09-05T11:00:00Z","SYNTHETIC","300","330","50","60"
"SIM-S0219-P9","SIM-S0219","SIM-S0219-FILTER","FILTER","MIX-3","Filter_DP","36.7644","kPa","2026-09-05T11:00:00Z","2026-09-05T11:00:00Z","2026-09-05T11:15:00Z","SYNTHETIC","40","80","15","20"
"SIM-S0219-P10","SIM-S0219","SIM-S0219-FILTER","FILTER","MIX-3","Filter_DP","37.2104","kPa","2026-09-05T11:06:00Z","2026-09-05T11:00:00Z","2026-09-05T11:15:00Z","SYNTHETIC","40","80","15","20"
"SIM-S0219-P11","SIM-S0219","SIM-S0219-FILTER","FILTER","MIX-3","Filter_DP","37.949","kPa","2026-09-05T11:12:00Z","2026-09-05T11:00:00Z","2026-09-05T11:15:00Z","SYNTHETIC","40","80","15","20"
"SIM-S0220-P0","SIM-S0220","SIM-S0220-MIX","MIX","MIX-1","Temperature","25.1645","C","2026-09-05T11:40:00Z","2026-09-05T11:40:00Z","2026-09-05T12:30:00Z","SYNTHETIC","25","30","50","60"
"SIM-S0220-P1","SIM-S0220","SIM-S0220-MIX","MIX","MIX-1","Temperature","25.1271","C","2026-09-05T11:48:00Z","2026-09-05T11:40:00Z","2026-09-05T12:30:00Z","SYNTHETIC","25","30","50","60"
"SIM-S0220-P2","SIM-S0220","SIM-S0220-MIX","MIX","MIX-1","Temperature","24.9759","C","2026-09-05T11:56:00Z","2026-09-05T11:40:00Z","2026-09-05T12:30:00Z","SYNTHETIC","25","30","50","60"
"SIM-S0220-P3","SIM-S0220","SIM-S0220-MIX","MIX","MIX-1","Temperature","25.194","C","2026-09-05T12:04:00Z","2026-09-05T11:40:00Z","2026-09-05T12:30:00Z","SYNTHETIC","25","30","50","60"
"SIM-S0220-P4","SIM-S0220","SIM-S0220-MIX","MIX","MIX-1","Temperature","25.2193","C","2026-09-05T12:12:00Z","2026-09-05T11:40:00Z","2026-09-05T12:30:00Z","SYNTHETIC","25","30","50","60"
"SIM-S0220-P5","SIM-S0220","SIM-S0220-MIX","MIX","MIX-1","Temperature","25.3461","C","2026-09-05T12:20:00Z","2026-09-05T11:40:00Z","2026-09-05T12:30:00Z","SYNTHETIC","25","30","50","60"
"SIM-S0220-P6","SIM-S0220","SIM-S0220-MIX","MIX","MIX-1","Agitator_Speed","302.3649","rpm","2026-09-05T11:45:00Z","2026-09-05T11:40:00Z","2026-09-05T12:30:00Z","SYNTHETIC","300","330","50","60"
"SIM-S0220-P7","SIM-S0220","SIM-S0220-MIX","MIX","MIX-1","Agitator_Speed","299.5859","rpm","2026-09-05T12:05:00Z","2026-09-05T11:40:00Z","2026-09-05T12:30:00Z","SYNTHETIC","300","330","50","60"
"SIM-S0220-P8","SIM-S0220","SIM-S0220-MIX","MIX","MIX-1","Agitator_Speed","301.514","rpm","2026-09-05T12:25:00Z","2026-09-05T11:40:00Z","2026-09-05T12:30:00Z","SYNTHETIC","300","330","50","60"
"SIM-S0220-P9","SIM-S0220","SIM-S0220-FILTER","FILTER","MIX-1","Filter_DP","38.0778","kPa","2026-09-05T12:30:00Z","2026-09-05T12:30:00Z","2026-09-05T12:45:00Z","SYNTHETIC","40","80","15","20"
"SIM-S0220-P10","SIM-S0220","SIM-S0220-FILTER","FILTER","MIX-1","Filter_DP","38.9817","kPa","2026-09-05T12:36:00Z","2026-09-05T12:30:00Z","2026-09-05T12:45:00Z","SYNTHETIC","40","80","15","20"
"SIM-S0220-P11","SIM-S0220","SIM-S0220-FILTER","FILTER","MIX-1","Filter_DP","41.2671","kPa","2026-09-05T12:42:00Z","2026-09-05T12:30:00Z","2026-09-05T12:45:00Z","SYNTHETIC","40","80","15","20"
"SIM-S0221-P0","SIM-S0221","SIM-S0221-MIX","MIX","MIX-2","Temperature","25.5315","C","2026-09-05T11:40:00Z","2026-09-05T11:40:00Z","2026-09-05T12:30:00Z","SYNTHETIC","25","30","50","60"
"SIM-S0221-P1","SIM-S0221","SIM-S0221-MIX","MIX","MIX-2","Temperature","25.7214","C","2026-09-05T11:48:00Z","2026-09-05T11:40:00Z","2026-09-05T12:30:00Z","SYNTHETIC","25","30","50","60"
"SIM-S0221-P2","SIM-S0221","SIM-S0221-MIX","MIX","MIX-2","Temperature","25.3581","C","2026-09-05T11:56:00Z","2026-09-05T11:40:00Z","2026-09-05T12:30:00Z","SYNTHETIC","25","30","50","60"
"SIM-S0221-P3","SIM-S0221","SIM-S0221-MIX","MIX","MIX-2","Temperature","25.3207","C","2026-09-05T12:04:00Z","2026-09-05T11:40:00Z","2026-09-05T12:30:00Z","SYNTHETIC","25","30","50","60"
"SIM-S0221-P4","SIM-S0221","SIM-S0221-MIX","MIX","MIX-2","Temperature","25.6308","C","2026-09-05T12:12:00Z","2026-09-05T11:40:00Z","2026-09-05T12:30:00Z","SYNTHETIC","25","30","50","60"
"SIM-S0221-P5","SIM-S0221","SIM-S0221-MIX","MIX","MIX-2","Temperature","25.4405","C","2026-09-05T12:20:00Z","2026-09-05T11:40:00Z","2026-09-05T12:30:00Z","SYNTHETIC","25","30","50","60"
"SIM-S0221-P6","SIM-S0221","SIM-S0221-MIX","MIX","MIX-2","Agitator_Speed","301.9037","rpm","2026-09-05T11:45:00Z","2026-09-05T11:40:00Z","2026-09-05T12:30:00Z","SYNTHETIC","300","330","50","60"
"SIM-S0221-P7","SIM-S0221","SIM-S0221-MIX","MIX","MIX-2","Agitator_Speed","302.1246","rpm","2026-09-05T12:05:00Z","2026-09-05T11:40:00Z","2026-09-05T12:30:00Z","SYNTHETIC","300","330","50","60"
"SIM-S0221-P8","SIM-S0221","SIM-S0221-MIX","MIX","MIX-2","Agitator_Speed","302.0704","rpm","2026-09-05T12:25:00Z","2026-09-05T11:40:00Z","2026-09-05T12:30:00Z","SYNTHETIC","300","330","50","60"
"SIM-S0221-P9","SIM-S0221","SIM-S0221-FILTER","FILTER","MIX-2","Filter_DP","85.6373","kPa","2026-09-05T12:30:00Z","2026-09-05T12:30:00Z","2026-09-05T12:45:00Z","SYNTHETIC","40","80","15","20"
"SIM-S0221-P10","SIM-S0221","SIM-S0221-FILTER","FILTER","MIX-2","Filter_DP","86.5677","kPa","2026-09-05T12:36:00Z","2026-09-05T12:30:00Z","2026-09-05T12:45:00Z","SYNTHETIC","40","80","15","20"
"SIM-S0221-P11","SIM-S0221","SIM-S0221-FILTER","FILTER","MIX-2","Filter_DP","87.6169","kPa","2026-09-05T12:42:00Z","2026-09-05T12:30:00Z","2026-09-05T12:45:00Z","SYNTHETIC","40","80","15","20"
"SIM-S0222-P0","SIM-S0222","SIM-S0222-MIX","MIX","MIX-3","Temperature","25.4963","C","2026-09-05T11:40:00Z","2026-09-05T11:40:00Z","2026-09-05T12:30:00Z","SYNTHETIC","25","30","50","60"
"SIM-S0222-P1","SIM-S0222","SIM-S0222-MIX","MIX","MIX-3","Temperature","25.3942","C","2026-09-05T11:48:00Z","2026-09-05T11:40:00Z","2026-09-05T12:30:00Z","SYNTHETIC","25","30","50","60"
"SIM-S0222-P2","SIM-S0222","SIM-S0222-MIX","MIX","MIX-3","Temperature","25.3235","C","2026-09-05T11:56:00Z","2026-09-05T11:40:00Z","2026-09-05T12:30:00Z","SYNTHETIC","25","30","50","60"
"SIM-S0222-P3","SIM-S0222","SIM-S0222-MIX","MIX","MIX-3","Temperature","25.2092","C","2026-09-05T12:04:00Z","2026-09-05T11:40:00Z","2026-09-05T12:30:00Z","SYNTHETIC","25","30","50","60"
"SIM-S0222-P4","SIM-S0222","SIM-S0222-MIX","MIX","MIX-3","Temperature","25.1951","C","2026-09-05T12:12:00Z","2026-09-05T11:40:00Z","2026-09-05T12:30:00Z","SYNTHETIC","25","30","50","60"
"SIM-S0222-P5","SIM-S0222","SIM-S0222-MIX","MIX","MIX-3","Temperature","25.2261","C","2026-09-05T12:20:00Z","2026-09-05T11:40:00Z","2026-09-05T12:30:00Z","SYNTHETIC","25","30","50","60"
"SIM-S0222-P6","SIM-S0222","SIM-S0222-MIX","MIX","MIX-3","Agitator_Speed","305.0423","rpm","2026-09-05T11:45:00Z","2026-09-05T11:40:00Z","2026-09-05T12:30:00Z","SYNTHETIC","300","330","50","60"
"SIM-S0222-P7","SIM-S0222","SIM-S0222-MIX","MIX","MIX-3","Agitator_Speed","302.6268","rpm","2026-09-05T12:05:00Z","2026-09-05T11:40:00Z","2026-09-05T12:30:00Z","SYNTHETIC","300","330","50","60"
"SIM-S0222-P8","SIM-S0222","SIM-S0222-MIX","MIX","MIX-3","Agitator_Speed","303.1885","rpm","2026-09-05T12:25:00Z","2026-09-05T11:40:00Z","2026-09-05T12:30:00Z","SYNTHETIC","300","330","50","60"
"SIM-S0222-P9","SIM-S0222","SIM-S0222-FILTER","FILTER","MIX-3","Filter_DP","37.3181","kPa","2026-09-05T12:30:00Z","2026-09-05T12:30:00Z","2026-09-05T12:45:00Z","SYNTHETIC","40","80","15","20"
"SIM-S0222-P10","SIM-S0222","SIM-S0222-FILTER","FILTER","MIX-3","Filter_DP","39.511","kPa","2026-09-05T12:36:00Z","2026-09-05T12:30:00Z","2026-09-05T12:45:00Z","SYNTHETIC","40","80","15","20"
"SIM-S0222-P11","SIM-S0222","SIM-S0222-FILTER","FILTER","MIX-3","Filter_DP","39.4336","kPa","2026-09-05T12:42:00Z","2026-09-05T12:30:00Z","2026-09-05T12:45:00Z","SYNTHETIC","40","80","15","20"
"SIM-S0223-P0","SIM-S0223","SIM-S0223-MIX","MIX","MIX-1","Temperature","25.3717","C","2026-09-05T13:10:00Z","2026-09-05T13:10:00Z","2026-09-05T14:00:00Z","SYNTHETIC","25","30","50","60"
"SIM-S0223-P1","SIM-S0223","SIM-S0223-MIX","MIX","MIX-1","Temperature","25.4891","C","2026-09-05T13:18:00Z","2026-09-05T13:10:00Z","2026-09-05T14:00:00Z","SYNTHETIC","25","30","50","60"
"SIM-S0223-P2","SIM-S0223","SIM-S0223-MIX","MIX","MIX-1","Temperature","25.6547","C","2026-09-05T13:26:00Z","2026-09-05T13:10:00Z","2026-09-05T14:00:00Z","SYNTHETIC","25","30","50","60"
"SIM-S0223-P3","SIM-S0223","SIM-S0223-MIX","MIX","MIX-1","Temperature","25.5137","C","2026-09-05T13:34:00Z","2026-09-05T13:10:00Z","2026-09-05T14:00:00Z","SYNTHETIC","25","30","50","60"
"SIM-S0223-P4","SIM-S0223","SIM-S0223-MIX","MIX","MIX-1","Temperature","25.4044","C","2026-09-05T13:42:00Z","2026-09-05T13:10:00Z","2026-09-05T14:00:00Z","SYNTHETIC","25","30","50","60"
"SIM-S0223-P5","SIM-S0223","SIM-S0223-MIX","MIX","MIX-1","Temperature","25.5771","C","2026-09-05T13:50:00Z","2026-09-05T13:10:00Z","2026-09-05T14:00:00Z","SYNTHETIC","25","30","50","60"
"SIM-S0223-P6","SIM-S0223","SIM-S0223-MIX","MIX","MIX-1","Agitator_Speed","304.1396","rpm","2026-09-05T13:15:00Z","2026-09-05T13:10:00Z","2026-09-05T14:00:00Z","SYNTHETIC","300","330","50","60"
"SIM-S0223-P7","SIM-S0223","SIM-S0223-MIX","MIX","MIX-1","Agitator_Speed","302.793","rpm","2026-09-05T13:35:00Z","2026-09-05T13:10:00Z","2026-09-05T14:00:00Z","SYNTHETIC","300","330","50","60"
"SIM-S0223-P8","SIM-S0223","SIM-S0223-MIX","MIX","MIX-1","Agitator_Speed","305.3571","rpm","2026-09-05T13:55:00Z","2026-09-05T13:10:00Z","2026-09-05T14:00:00Z","SYNTHETIC","300","330","50","60"
"SIM-S0223-P9","SIM-S0223","SIM-S0223-FILTER","FILTER","MIX-1","Filter_DP","41.3366","kPa","2026-09-05T14:00:00Z","2026-09-05T14:00:00Z","2026-09-05T14:15:00Z","SYNTHETIC","40","80","15","20"
"SIM-S0223-P10","SIM-S0223","SIM-S0223-FILTER","FILTER","MIX-1","Filter_DP","41.4709","kPa","2026-09-05T14:06:00Z","2026-09-05T14:00:00Z","2026-09-05T14:15:00Z","SYNTHETIC","40","80","15","20"
"SIM-S0223-P11","SIM-S0223","SIM-S0223-FILTER","FILTER","MIX-1","Filter_DP","42.5139","kPa","2026-09-05T14:12:00Z","2026-09-05T14:00:00Z","2026-09-05T14:15:00Z","SYNTHETIC","40","80","15","20"
"SIM-S0224-P0","SIM-S0224","SIM-S0224-MIX","MIX","MIX-2","Temperature","25.3532","C","2026-09-05T13:10:00Z","2026-09-05T13:10:00Z","2026-09-05T14:00:00Z","SYNTHETIC","25","30","50","60"
"SIM-S0224-P1","SIM-S0224","SIM-S0224-MIX","MIX","MIX-2","Temperature","25.1056","C","2026-09-05T13:18:00Z","2026-09-05T13:10:00Z","2026-09-05T14:00:00Z","SYNTHETIC","25","30","50","60"
"SIM-S0224-P2","SIM-S0224","SIM-S0224-MIX","MIX","MIX-2","Temperature","25.4838","C","2026-09-05T13:26:00Z","2026-09-05T13:10:00Z","2026-09-05T14:00:00Z","SYNTHETIC","25","30","50","60"
"SIM-S0224-P3","SIM-S0224","SIM-S0224-MIX","MIX","MIX-2","Temperature","25.408","C","2026-09-05T13:34:00Z","2026-09-05T13:10:00Z","2026-09-05T14:00:00Z","SYNTHETIC","25","30","50","60"
"SIM-S0224-P4","SIM-S0224","SIM-S0224-MIX","MIX","MIX-2","Temperature","25.5005","C","2026-09-05T13:42:00Z","2026-09-05T13:10:00Z","2026-09-05T14:00:00Z","SYNTHETIC","25","30","50","60"
"SIM-S0224-P5","SIM-S0224","SIM-S0224-MIX","MIX","MIX-2","Temperature","25.0701","C","2026-09-05T13:50:00Z","2026-09-05T13:10:00Z","2026-09-05T14:00:00Z","SYNTHETIC","25","30","50","60"
"SIM-S0224-P6","SIM-S0224","SIM-S0224-MIX","MIX","MIX-2","Agitator_Speed","298.9985","rpm","2026-09-05T13:15:00Z","2026-09-05T13:10:00Z","2026-09-05T14:00:00Z","SYNTHETIC","300","330","50","60"
"SIM-S0224-P7","SIM-S0224","SIM-S0224-MIX","MIX","MIX-2","Agitator_Speed","301.4998","rpm","2026-09-05T13:35:00Z","2026-09-05T13:10:00Z","2026-09-05T14:00:00Z","SYNTHETIC","300","330","50","60"
"SIM-S0224-P8","SIM-S0224","SIM-S0224-MIX","MIX","MIX-2","Agitator_Speed","298.9941","rpm","2026-09-05T13:55:00Z","2026-09-05T13:10:00Z","2026-09-05T14:00:00Z","SYNTHETIC","300","330","50","60"
"SIM-S0224-P9","SIM-S0224","SIM-S0224-FILTER","FILTER","MIX-2","Filter_DP","92.1648","kPa","2026-09-05T14:00:00Z","2026-09-05T14:00:00Z","2026-09-05T14:15:00Z","SYNTHETIC","40","80","15","20"
"SIM-S0224-P10","SIM-S0224","SIM-S0224-FILTER","FILTER","MIX-2","Filter_DP","92.409","kPa","2026-09-05T14:06:00Z","2026-09-05T14:00:00Z","2026-09-05T14:15:00Z","SYNTHETIC","40","80","15","20"
"SIM-S0224-P11","SIM-S0224","SIM-S0224-FILTER","FILTER","MIX-2","Filter_DP","92.931","kPa","2026-09-05T14:12:00Z","2026-09-05T14:00:00Z","2026-09-05T14:15:00Z","SYNTHETIC","40","80","15","20"
"SIM-S0225-P0","SIM-S0225","SIM-S0225-MIX","MIX","MIX-3","Temperature","24.1829","C","2026-09-05T13:10:00Z","2026-09-05T13:10:00Z","2026-09-05T14:00:00Z","SYNTHETIC","25","30","50","60"
"SIM-S0225-P1","SIM-S0225","SIM-S0225-MIX","MIX","MIX-3","Temperature","24.4665","C","2026-09-05T13:18:00Z","2026-09-05T13:10:00Z","2026-09-05T14:00:00Z","SYNTHETIC","25","30","50","60"
"SIM-S0225-P2","SIM-S0225","SIM-S0225-MIX","MIX","MIX-3","Temperature","24.5981","C","2026-09-05T13:26:00Z","2026-09-05T13:10:00Z","2026-09-05T14:00:00Z","SYNTHETIC","25","30","50","60"
"SIM-S0225-P3","SIM-S0225","SIM-S0225-MIX","MIX","MIX-3","Temperature","24.0579","C","2026-09-05T13:34:00Z","2026-09-05T13:10:00Z","2026-09-05T14:00:00Z","SYNTHETIC","25","30","50","60"
"SIM-S0225-P4","SIM-S0225","SIM-S0225-MIX","MIX","MIX-3","Temperature","24.6819","C","2026-09-05T13:42:00Z","2026-09-05T13:10:00Z","2026-09-05T14:00:00Z","SYNTHETIC","25","30","50","60"
"SIM-S0225-P5","SIM-S0225","SIM-S0225-MIX","MIX","MIX-3","Temperature","24.5295","C","2026-09-05T13:50:00Z","2026-09-05T13:10:00Z","2026-09-05T14:00:00Z","SYNTHETIC","25","30","50","60"
"SIM-S0225-P6","SIM-S0225","SIM-S0225-MIX","MIX","MIX-3","Agitator_Speed","298.4778","rpm","2026-09-05T13:15:00Z","2026-09-05T13:10:00Z","2026-09-05T14:00:00Z","SYNTHETIC","300","330","50","60"
"SIM-S0225-P7","SIM-S0225","SIM-S0225-MIX","MIX","MIX-3","Agitator_Speed","297.4643","rpm","2026-09-05T13:35:00Z","2026-09-05T13:10:00Z","2026-09-05T14:00:00Z","SYNTHETIC","300","330","50","60"
"SIM-S0225-P8","SIM-S0225","SIM-S0225-MIX","MIX","MIX-3","Agitator_Speed","298.9394","rpm","2026-09-05T13:55:00Z","2026-09-05T13:10:00Z","2026-09-05T14:00:00Z","SYNTHETIC","300","330","50","60"
"SIM-S0225-P9","SIM-S0225","SIM-S0225-FILTER","FILTER","MIX-3","Filter_DP","43.3307","kPa","2026-09-05T14:00:00Z","2026-09-05T14:00:00Z","2026-09-05T14:15:00Z","SYNTHETIC","40","80","15","20"
"SIM-S0225-P10","SIM-S0225","SIM-S0225-FILTER","FILTER","MIX-3","Filter_DP","43.0021","kPa","2026-09-05T14:06:00Z","2026-09-05T14:00:00Z","2026-09-05T14:15:00Z","SYNTHETIC","40","80","15","20"
"SIM-S0225-P11","SIM-S0225","SIM-S0225-FILTER","FILTER","MIX-3","Filter_DP","44.8796","kPa","2026-09-05T14:12:00Z","2026-09-05T14:00:00Z","2026-09-05T14:15:00Z","SYNTHETIC","40","80","15","20"
"SIM-S0226-P0","SIM-S0226","SIM-S0226-MIX","MIX","MIX-1","Temperature","25.5758","C","2026-09-05T14:40:00Z","2026-09-05T14:40:00Z","2026-09-05T15:30:00Z","SYNTHETIC","25","30","50","60"
"SIM-S0226-P1","SIM-S0226","SIM-S0226-MIX","MIX","MIX-1","Temperature","25.2672","C","2026-09-05T14:48:00Z","2026-09-05T14:40:00Z","2026-09-05T15:30:00Z","SYNTHETIC","25","30","50","60"
"SIM-S0226-P2","SIM-S0226","SIM-S0226-MIX","MIX","MIX-1","Temperature","25.541","C","2026-09-05T14:56:00Z","2026-09-05T14:40:00Z","2026-09-05T15:30:00Z","SYNTHETIC","25","30","50","60"
"SIM-S0226-P3","SIM-S0226","SIM-S0226-MIX","MIX","MIX-1","Temperature","25.7968","C","2026-09-05T15:04:00Z","2026-09-05T14:40:00Z","2026-09-05T15:30:00Z","SYNTHETIC","25","30","50","60"
"SIM-S0226-P4","SIM-S0226","SIM-S0226-MIX","MIX","MIX-1","Temperature","25.5453","C","2026-09-05T15:12:00Z","2026-09-05T14:40:00Z","2026-09-05T15:30:00Z","SYNTHETIC","25","30","50","60"
"SIM-S0226-P5","SIM-S0226","SIM-S0226-MIX","MIX","MIX-1","Temperature","25.4909","C","2026-09-05T15:20:00Z","2026-09-05T14:40:00Z","2026-09-05T15:30:00Z","SYNTHETIC","25","30","50","60"
"SIM-S0226-P6","SIM-S0226","SIM-S0226-MIX","MIX","MIX-1","Agitator_Speed","294.6529","rpm","2026-09-05T14:45:00Z","2026-09-05T14:40:00Z","2026-09-05T15:30:00Z","SYNTHETIC","300","330","50","60"
"SIM-S0226-P7","SIM-S0226","SIM-S0226-MIX","MIX","MIX-1","Agitator_Speed","295.2031","rpm","2026-09-05T15:05:00Z","2026-09-05T14:40:00Z","2026-09-05T15:30:00Z","SYNTHETIC","300","330","50","60"
"SIM-S0226-P8","SIM-S0226","SIM-S0226-MIX","MIX","MIX-1","Agitator_Speed","294.9148","rpm","2026-09-05T15:25:00Z","2026-09-05T14:40:00Z","2026-09-05T15:30:00Z","SYNTHETIC","300","330","50","60"
"SIM-S0226-P9","SIM-S0226","SIM-S0226-FILTER","FILTER","MIX-1","Filter_DP","44.0032","kPa","2026-09-05T15:30:00Z","2026-09-05T15:30:00Z","2026-09-05T15:45:00Z","SYNTHETIC","40","80","15","20"
"SIM-S0226-P10","SIM-S0226","SIM-S0226-FILTER","FILTER","MIX-1","Filter_DP","43.8567","kPa","2026-09-05T15:36:00Z","2026-09-05T15:30:00Z","2026-09-05T15:45:00Z","SYNTHETIC","40","80","15","20"
"SIM-S0226-P11","SIM-S0226","SIM-S0226-FILTER","FILTER","MIX-1","Filter_DP","45.9725","kPa","2026-09-05T15:42:00Z","2026-09-05T15:30:00Z","2026-09-05T15:45:00Z","SYNTHETIC","40","80","15","20"
"SIM-S0227-P0","SIM-S0227","SIM-S0227-MIX","MIX","MIX-2","Temperature","25.3705","C","2026-09-05T14:40:00Z","2026-09-05T14:40:00Z","2026-09-05T15:30:00Z","SYNTHETIC","25","30","50","60"
"SIM-S0227-P1","SIM-S0227","SIM-S0227-MIX","MIX","MIX-2","Temperature","25.065","C","2026-09-05T14:48:00Z","2026-09-05T14:40:00Z","2026-09-05T15:30:00Z","SYNTHETIC","25","30","50","60"
"SIM-S0227-P2","SIM-S0227","SIM-S0227-MIX","MIX","MIX-2","Temperature","25.4798","C","2026-09-05T14:56:00Z","2026-09-05T14:40:00Z","2026-09-05T15:30:00Z","SYNTHETIC","25","30","50","60"
"SIM-S0227-P3","SIM-S0227","SIM-S0227-MIX","MIX","MIX-2","Temperature","25.2705","C","2026-09-05T15:04:00Z","2026-09-05T14:40:00Z","2026-09-05T15:30:00Z","SYNTHETIC","25","30","50","60"
"SIM-S0227-P4","SIM-S0227","SIM-S0227-MIX","MIX","MIX-2","Temperature","25.2718","C","2026-09-05T15:12:00Z","2026-09-05T14:40:00Z","2026-09-05T15:30:00Z","SYNTHETIC","25","30","50","60"
"SIM-S0227-P5","SIM-S0227","SIM-S0227-MIX","MIX","MIX-2","Temperature","25.3512","C","2026-09-05T15:20:00Z","2026-09-05T14:40:00Z","2026-09-05T15:30:00Z","SYNTHETIC","25","30","50","60"
"SIM-S0227-P6","SIM-S0227","SIM-S0227-MIX","MIX","MIX-2","Agitator_Speed","298.3178","rpm","2026-09-05T14:45:00Z","2026-09-05T14:40:00Z","2026-09-05T15:30:00Z","SYNTHETIC","300","330","50","60"
"SIM-S0227-P7","SIM-S0227","SIM-S0227-MIX","MIX","MIX-2","Agitator_Speed","298.2536","rpm","2026-09-05T15:05:00Z","2026-09-05T14:40:00Z","2026-09-05T15:30:00Z","SYNTHETIC","300","330","50","60"
"SIM-S0227-P8","SIM-S0227","SIM-S0227-MIX","MIX","MIX-2","Agitator_Speed","298.7302","rpm","2026-09-05T15:25:00Z","2026-09-05T14:40:00Z","2026-09-05T15:30:00Z","SYNTHETIC","300","330","50","60"
"SIM-S0227-P9","SIM-S0227","SIM-S0227-FILTER","FILTER","MIX-2","Filter_DP","90.8075","kPa","2026-09-05T15:30:00Z","2026-09-05T15:30:00Z","2026-09-05T15:45:00Z","SYNTHETIC","40","80","15","20"
"SIM-S0227-P10","SIM-S0227","SIM-S0227-FILTER","FILTER","MIX-2","Filter_DP","90.6313","kPa","2026-09-05T15:36:00Z","2026-09-05T15:30:00Z","2026-09-05T15:45:00Z","SYNTHETIC","40","80","15","20"
"SIM-S0227-P11","SIM-S0227","SIM-S0227-FILTER","FILTER","MIX-2","Filter_DP","92.3035","kPa","2026-09-05T15:42:00Z","2026-09-05T15:30:00Z","2026-09-05T15:45:00Z","SYNTHETIC","40","80","15","20"
"SIM-S0228-P0","SIM-S0228","SIM-S0228-MIX","MIX","MIX-3","Temperature","26.1108","C","2026-09-05T14:40:00Z","2026-09-05T14:40:00Z","2026-09-05T15:30:00Z","SYNTHETIC","25","30","50","60"
"SIM-S0228-P1","SIM-S0228","SIM-S0228-MIX","MIX","MIX-3","Temperature","25.9103","C","2026-09-05T14:48:00Z","2026-09-05T14:40:00Z","2026-09-05T15:30:00Z","SYNTHETIC","25","30","50","60"
"SIM-S0228-P2","SIM-S0228","SIM-S0228-MIX","MIX","MIX-3","Temperature","25.7344","C","2026-09-05T14:56:00Z","2026-09-05T14:40:00Z","2026-09-05T15:30:00Z","SYNTHETIC","25","30","50","60"
"SIM-S0228-P3","SIM-S0228","SIM-S0228-MIX","MIX","MIX-3","Temperature","25.8855","C","2026-09-05T15:04:00Z","2026-09-05T14:40:00Z","2026-09-05T15:30:00Z","SYNTHETIC","25","30","50","60"
"SIM-S0228-P4","SIM-S0228","SIM-S0228-MIX","MIX","MIX-3","Temperature","25.7874","C","2026-09-05T15:12:00Z","2026-09-05T14:40:00Z","2026-09-05T15:30:00Z","SYNTHETIC","25","30","50","60"
"SIM-S0228-P5","SIM-S0228","SIM-S0228-MIX","MIX","MIX-3","Temperature","25.8905","C","2026-09-05T15:20:00Z","2026-09-05T14:40:00Z","2026-09-05T15:30:00Z","SYNTHETIC","25","30","50","60"
"SIM-S0228-P6","SIM-S0228","SIM-S0228-MIX","MIX","MIX-3","Agitator_Speed","298.9231","rpm","2026-09-05T14:45:00Z","2026-09-05T14:40:00Z","2026-09-05T15:30:00Z","SYNTHETIC","300","330","50","60"
"SIM-S0228-P7","SIM-S0228","SIM-S0228-MIX","MIX","MIX-3","Agitator_Speed","300.6835","rpm","2026-09-05T15:05:00Z","2026-09-05T14:40:00Z","2026-09-05T15:30:00Z","SYNTHETIC","300","330","50","60"
"SIM-S0228-P8","SIM-S0228","SIM-S0228-MIX","MIX","MIX-3","Agitator_Speed","299.3215","rpm","2026-09-05T15:25:00Z","2026-09-05T14:40:00Z","2026-09-05T15:30:00Z","SYNTHETIC","300","330","50","60"
"SIM-S0228-P9","SIM-S0228","SIM-S0228-FILTER","FILTER","MIX-3","Filter_DP","45.6935","kPa","2026-09-05T15:30:00Z","2026-09-05T15:30:00Z","2026-09-05T15:45:00Z","SYNTHETIC","40","80","15","20"
"SIM-S0228-P10","SIM-S0228","SIM-S0228-FILTER","FILTER","MIX-3","Filter_DP","46.2725","kPa","2026-09-05T15:36:00Z","2026-09-05T15:30:00Z","2026-09-05T15:45:00Z","SYNTHETIC","40","80","15","20"
"SIM-S0228-P11","SIM-S0228","SIM-S0228-FILTER","FILTER","MIX-3","Filter_DP","47.7059","kPa","2026-09-05T15:42:00Z","2026-09-05T15:30:00Z","2026-09-05T15:45:00Z","SYNTHETIC","40","80","15","20"
"SIM-S0229-P0","SIM-S0229","SIM-S0229-MIX","MIX","MIX-1","Temperature","25.2111","C","2026-09-05T16:10:00Z","2026-09-05T16:10:00Z","2026-09-05T17:00:00Z","SYNTHETIC","25","30","50","60"
"SIM-S0229-P1","SIM-S0229","SIM-S0229-MIX","MIX","MIX-1","Temperature","24.9946","C","2026-09-05T16:18:00Z","2026-09-05T16:10:00Z","2026-09-05T17:00:00Z","SYNTHETIC","25","30","50","60"
"SIM-S0229-P2","SIM-S0229","SIM-S0229-MIX","MIX","MIX-1","Temperature","25.1327","C","2026-09-05T16:26:00Z","2026-09-05T16:10:00Z","2026-09-05T17:00:00Z","SYNTHETIC","25","30","50","60"
"SIM-S0229-P3","SIM-S0229","SIM-S0229-MIX","MIX","MIX-1","Temperature","25.0252","C","2026-09-05T16:34:00Z","2026-09-05T16:10:00Z","2026-09-05T17:00:00Z","SYNTHETIC","25","30","50","60"
"SIM-S0229-P4","SIM-S0229","SIM-S0229-MIX","MIX","MIX-1","Temperature","25.0378","C","2026-09-05T16:42:00Z","2026-09-05T16:10:00Z","2026-09-05T17:00:00Z","SYNTHETIC","25","30","50","60"
"SIM-S0229-P5","SIM-S0229","SIM-S0229-MIX","MIX","MIX-1","Temperature","25.2537","C","2026-09-05T16:50:00Z","2026-09-05T16:10:00Z","2026-09-05T17:00:00Z","SYNTHETIC","25","30","50","60"
"SIM-S0229-P6","SIM-S0229","SIM-S0229-MIX","MIX","MIX-1","Agitator_Speed","295.8505","rpm","2026-09-05T16:15:00Z","2026-09-05T16:10:00Z","2026-09-05T17:00:00Z","SYNTHETIC","300","330","50","60"
"SIM-S0229-P7","SIM-S0229","SIM-S0229-MIX","MIX","MIX-1","Agitator_Speed","295.7429","rpm","2026-09-05T16:35:00Z","2026-09-05T16:10:00Z","2026-09-05T17:00:00Z","SYNTHETIC","300","330","50","60"
"SIM-S0229-P8","SIM-S0229","SIM-S0229-MIX","MIX","MIX-1","Agitator_Speed","298.0574","rpm","2026-09-05T16:55:00Z","2026-09-05T16:10:00Z","2026-09-05T17:00:00Z","SYNTHETIC","300","330","50","60"
"SIM-S0229-P9","SIM-S0229","SIM-S0229-FILTER","FILTER","MIX-1","Filter_DP","48.8784","kPa","2026-09-05T17:00:00Z","2026-09-05T17:00:00Z","2026-09-05T17:15:00Z","SYNTHETIC","40","80","15","20"
"SIM-S0229-P10","SIM-S0229","SIM-S0229-FILTER","FILTER","MIX-1","Filter_DP","50.3959","kPa","2026-09-05T17:06:00Z","2026-09-05T17:00:00Z","2026-09-05T17:15:00Z","SYNTHETIC","40","80","15","20"
"SIM-S0229-P11","SIM-S0229","SIM-S0229-FILTER","FILTER","MIX-1","Filter_DP","51.4024","kPa","2026-09-05T17:12:00Z","2026-09-05T17:00:00Z","2026-09-05T17:15:00Z","SYNTHETIC","40","80","15","20"
"SIM-S0230-P0","SIM-S0230","SIM-S0230-MIX","MIX","MIX-2","Temperature","25.0387","C","2026-09-05T16:10:00Z","2026-09-05T16:10:00Z","2026-09-05T17:00:00Z","SYNTHETIC","25","30","50","60"
"SIM-S0230-P1","SIM-S0230","SIM-S0230-MIX","MIX","MIX-2","Temperature","25.0924","C","2026-09-05T16:18:00Z","2026-09-05T16:10:00Z","2026-09-05T17:00:00Z","SYNTHETIC","25","30","50","60"
"SIM-S0230-P2","SIM-S0230","SIM-S0230-MIX","MIX","MIX-2","Temperature","25.3278","C","2026-09-05T16:26:00Z","2026-09-05T16:10:00Z","2026-09-05T17:00:00Z","SYNTHETIC","25","30","50","60"
"SIM-S0230-P3","SIM-S0230","SIM-S0230-MIX","MIX","MIX-2","Temperature","25.1497","C","2026-09-05T16:34:00Z","2026-09-05T16:10:00Z","2026-09-05T17:00:00Z","SYNTHETIC","25","30","50","60"
"SIM-S0230-P4","SIM-S0230","SIM-S0230-MIX","MIX","MIX-2","Temperature","25.2901","C","2026-09-05T16:42:00Z","2026-09-05T16:10:00Z","2026-09-05T17:00:00Z","SYNTHETIC","25","30","50","60"
"SIM-S0230-P5","SIM-S0230","SIM-S0230-MIX","MIX","MIX-2","Temperature","25.4506","C","2026-09-05T16:50:00Z","2026-09-05T16:10:00Z","2026-09-05T17:00:00Z","SYNTHETIC","25","30","50","60"
"SIM-S0230-P6","SIM-S0230","SIM-S0230-MIX","MIX","MIX-2","Agitator_Speed","297.2766","rpm","2026-09-05T16:15:00Z","2026-09-05T16:10:00Z","2026-09-05T17:00:00Z","SYNTHETIC","300","330","50","60"
"SIM-S0230-P7","SIM-S0230","SIM-S0230-MIX","MIX","MIX-2","Agitator_Speed","298.4417","rpm","2026-09-05T16:35:00Z","2026-09-05T16:10:00Z","2026-09-05T17:00:00Z","SYNTHETIC","300","330","50","60"
"SIM-S0230-P8","SIM-S0230","SIM-S0230-MIX","MIX","MIX-2","Agitator_Speed","299.2947","rpm","2026-09-05T16:55:00Z","2026-09-05T16:10:00Z","2026-09-05T17:00:00Z","SYNTHETIC","300","330","50","60"
"SIM-S0230-P9","SIM-S0230","SIM-S0230-FILTER","FILTER","MIX-2","Filter_DP","96.6993","kPa","2026-09-05T17:00:00Z","2026-09-05T17:00:00Z","2026-09-05T17:15:00Z","SYNTHETIC","40","80","15","20"
"SIM-S0230-P10","SIM-S0230","SIM-S0230-FILTER","FILTER","MIX-2","Filter_DP","96.7147","kPa","2026-09-05T17:06:00Z","2026-09-05T17:00:00Z","2026-09-05T17:15:00Z","SYNTHETIC","40","80","15","20"
"SIM-S0230-P11","SIM-S0230","SIM-S0230-FILTER","FILTER","MIX-2","Filter_DP","98.1289","kPa","2026-09-05T17:12:00Z","2026-09-05T17:00:00Z","2026-09-05T17:15:00Z","SYNTHETIC","40","80","15","20"
"SIM-S0231-P0","SIM-S0231","SIM-S0231-MIX","MIX","MIX-3","Temperature","24.8757","C","2026-09-05T16:10:00Z","2026-09-05T16:10:00Z","2026-09-05T17:00:00Z","SYNTHETIC","25","30","50","60"
"SIM-S0231-P1","SIM-S0231","SIM-S0231-MIX","MIX","MIX-3","Temperature","25.1104","C","2026-09-05T16:18:00Z","2026-09-05T16:10:00Z","2026-09-05T17:00:00Z","SYNTHETIC","25","30","50","60"
"SIM-S0231-P2","SIM-S0231","SIM-S0231-MIX","MIX","MIX-3","Temperature","24.9585","C","2026-09-05T16:26:00Z","2026-09-05T16:10:00Z","2026-09-05T17:00:00Z","SYNTHETIC","25","30","50","60"
"SIM-S0231-P3","SIM-S0231","SIM-S0231-MIX","MIX","MIX-3","Temperature","24.9863","C","2026-09-05T16:34:00Z","2026-09-05T16:10:00Z","2026-09-05T17:00:00Z","SYNTHETIC","25","30","50","60"
"SIM-S0231-P4","SIM-S0231","SIM-S0231-MIX","MIX","MIX-3","Temperature","25.2434","C","2026-09-05T16:42:00Z","2026-09-05T16:10:00Z","2026-09-05T17:00:00Z","SYNTHETIC","25","30","50","60"
"SIM-S0231-P5","SIM-S0231","SIM-S0231-MIX","MIX","MIX-3","Temperature","25.1902","C","2026-09-05T16:50:00Z","2026-09-05T16:10:00Z","2026-09-05T17:00:00Z","SYNTHETIC","25","30","50","60"
"SIM-S0231-P6","SIM-S0231","SIM-S0231-MIX","MIX","MIX-3","Agitator_Speed","307.6291","rpm","2026-09-05T16:15:00Z","2026-09-05T16:10:00Z","2026-09-05T17:00:00Z","SYNTHETIC","300","330","50","60"
"SIM-S0231-P7","SIM-S0231","SIM-S0231-MIX","MIX","MIX-3","Agitator_Speed","308.0322","rpm","2026-09-05T16:35:00Z","2026-09-05T16:10:00Z","2026-09-05T17:00:00Z","SYNTHETIC","300","330","50","60"
"SIM-S0231-P8","SIM-S0231","SIM-S0231-MIX","MIX","MIX-3","Agitator_Speed","307.733","rpm","2026-09-05T16:55:00Z","2026-09-05T16:10:00Z","2026-09-05T17:00:00Z","SYNTHETIC","300","330","50","60"
"SIM-S0231-P9","SIM-S0231","SIM-S0231-FILTER","FILTER","MIX-3","Filter_DP","48.3933","kPa","2026-09-05T17:00:00Z","2026-09-05T17:00:00Z","2026-09-05T17:15:00Z","SYNTHETIC","40","80","15","20"
"SIM-S0231-P10","SIM-S0231","SIM-S0231-FILTER","FILTER","MIX-3","Filter_DP","48.9181","kPa","2026-09-05T17:06:00Z","2026-09-05T17:00:00Z","2026-09-05T17:15:00Z","SYNTHETIC","40","80","15","20"
"SIM-S0231-P11","SIM-S0231","SIM-S0231-FILTER","FILTER","MIX-3","Filter_DP","49.7173","kPa","2026-09-05T17:12:00Z","2026-09-05T17:00:00Z","2026-09-05T17:15:00Z","SYNTHETIC","40","80","15","20"
"SIM-S0232-P0","SIM-S0232","SIM-S0232-MIX","MIX","MIX-1","Temperature","24.8288","C","2026-09-05T17:40:00Z","2026-09-05T17:40:00Z","2026-09-05T18:30:00Z","SYNTHETIC","25","30","50","60"
"SIM-S0232-P1","SIM-S0232","SIM-S0232-MIX","MIX","MIX-1","Temperature","24.7257","C","2026-09-05T17:48:00Z","2026-09-05T17:40:00Z","2026-09-05T18:30:00Z","SYNTHETIC","25","30","50","60"
"SIM-S0232-P2","SIM-S0232","SIM-S0232-MIX","MIX","MIX-1","Temperature","24.8787","C","2026-09-05T17:56:00Z","2026-09-05T17:40:00Z","2026-09-05T18:30:00Z","SYNTHETIC","25","30","50","60"
"SIM-S0232-P3","SIM-S0232","SIM-S0232-MIX","MIX","MIX-1","Temperature","24.9869","C","2026-09-05T18:04:00Z","2026-09-05T17:40:00Z","2026-09-05T18:30:00Z","SYNTHETIC","25","30","50","60"
"SIM-S0232-P4","SIM-S0232","SIM-S0232-MIX","MIX","MIX-1","Temperature","24.9863","C","2026-09-05T18:12:00Z","2026-09-05T17:40:00Z","2026-09-05T18:30:00Z","SYNTHETIC","25","30","50","60"
"SIM-S0232-P5","SIM-S0232","SIM-S0232-MIX","MIX","MIX-1","Temperature","24.9925","C","2026-09-05T18:20:00Z","2026-09-05T17:40:00Z","2026-09-05T18:30:00Z","SYNTHETIC","25","30","50","60"
"SIM-S0232-P6","SIM-S0232","SIM-S0232-MIX","MIX","MIX-1","Agitator_Speed","298.8189","rpm","2026-09-05T17:45:00Z","2026-09-05T17:40:00Z","2026-09-05T18:30:00Z","SYNTHETIC","300","330","50","60"
"SIM-S0232-P7","SIM-S0232","SIM-S0232-MIX","MIX","MIX-1","Agitator_Speed","299.2205","rpm","2026-09-05T18:05:00Z","2026-09-05T17:40:00Z","2026-09-05T18:30:00Z","SYNTHETIC","300","330","50","60"
"SIM-S0232-P8","SIM-S0232","SIM-S0232-MIX","MIX","MIX-1","Agitator_Speed","300.3383","rpm","2026-09-05T18:25:00Z","2026-09-05T17:40:00Z","2026-09-05T18:30:00Z","SYNTHETIC","300","330","50","60"
"SIM-S0232-P9","SIM-S0232","SIM-S0232-FILTER","FILTER","MIX-1","Filter_DP","50.9368","kPa","2026-09-05T18:30:00Z","2026-09-05T18:30:00Z","2026-09-05T18:45:00Z","SYNTHETIC","40","80","15","20"
"SIM-S0232-P10","SIM-S0232","SIM-S0232-FILTER","FILTER","MIX-1","Filter_DP","50.2662","kPa","2026-09-05T18:36:00Z","2026-09-05T18:30:00Z","2026-09-05T18:45:00Z","SYNTHETIC","40","80","15","20"
"SIM-S0232-P11","SIM-S0232","SIM-S0232-FILTER","FILTER","MIX-1","Filter_DP","51.7286","kPa","2026-09-05T18:42:00Z","2026-09-05T18:30:00Z","2026-09-05T18:45:00Z","SYNTHETIC","40","80","15","20"
"SIM-S0233-P0","SIM-S0233","SIM-S0233-MIX","MIX","MIX-2","Temperature","25.3757","C","2026-09-05T17:40:00Z","2026-09-05T17:40:00Z","2026-09-05T18:30:00Z","SYNTHETIC","25","30","50","60"
"SIM-S0233-P1","SIM-S0233","SIM-S0233-MIX","MIX","MIX-2","Temperature","25.2596","C","2026-09-05T17:48:00Z","2026-09-05T17:40:00Z","2026-09-05T18:30:00Z","SYNTHETIC","25","30","50","60"
"SIM-S0233-P2","SIM-S0233","SIM-S0233-MIX","MIX","MIX-2","Temperature","25.3813","C","2026-09-05T17:56:00Z","2026-09-05T17:40:00Z","2026-09-05T18:30:00Z","SYNTHETIC","25","30","50","60"
"SIM-S0233-P3","SIM-S0233","SIM-S0233-MIX","MIX","MIX-2","Temperature","25.005","C","2026-09-05T18:04:00Z","2026-09-05T17:40:00Z","2026-09-05T18:30:00Z","SYNTHETIC","25","30","50","60"
"SIM-S0233-P4","SIM-S0233","SIM-S0233-MIX","MIX","MIX-2","Temperature","25.1679","C","2026-09-05T18:12:00Z","2026-09-05T17:40:00Z","2026-09-05T18:30:00Z","SYNTHETIC","25","30","50","60"
"SIM-S0233-P5","SIM-S0233","SIM-S0233-MIX","MIX","MIX-2","Temperature","24.924","C","2026-09-05T18:20:00Z","2026-09-05T17:40:00Z","2026-09-05T18:30:00Z","SYNTHETIC","25","30","50","60"
"SIM-S0233-P6","SIM-S0233","SIM-S0233-MIX","MIX","MIX-2","Agitator_Speed","299.2355","rpm","2026-09-05T17:45:00Z","2026-09-05T17:40:00Z","2026-09-05T18:30:00Z","SYNTHETIC","300","330","50","60"
"SIM-S0233-P7","SIM-S0233","SIM-S0233-MIX","MIX","MIX-2","Agitator_Speed","299.7555","rpm","2026-09-05T18:05:00Z","2026-09-05T17:40:00Z","2026-09-05T18:30:00Z","SYNTHETIC","300","330","50","60"
"SIM-S0233-P8","SIM-S0233","SIM-S0233-MIX","MIX","MIX-2","Agitator_Speed","296.6561","rpm","2026-09-05T18:25:00Z","2026-09-05T17:40:00Z","2026-09-05T18:30:00Z","SYNTHETIC","300","330","50","60"
"SIM-S0233-P9","SIM-S0233","SIM-S0233-FILTER","FILTER","MIX-2","Filter_DP","34.5428","kPa","2026-09-05T18:30:00Z","2026-09-05T18:30:00Z","2026-09-05T18:45:00Z","SYNTHETIC","40","80","15","20"
"SIM-S0233-P10","SIM-S0233","SIM-S0233-FILTER","FILTER","MIX-2","Filter_DP","36.2325","kPa","2026-09-05T18:36:00Z","2026-09-05T18:30:00Z","2026-09-05T18:45:00Z","SYNTHETIC","40","80","15","20"
"SIM-S0233-P11","SIM-S0233","SIM-S0233-FILTER","FILTER","MIX-2","Filter_DP","37.2096","kPa","2026-09-05T18:42:00Z","2026-09-05T18:30:00Z","2026-09-05T18:45:00Z","SYNTHETIC","40","80","15","20"
"SIM-S0234-P0","SIM-S0234","SIM-S0234-MIX","MIX","MIX-3","Temperature","25.2747","C","2026-09-05T17:40:00Z","2026-09-05T17:40:00Z","2026-09-05T18:30:00Z","SYNTHETIC","25","30","50","60"
"SIM-S0234-P1","SIM-S0234","SIM-S0234-MIX","MIX","MIX-3","Temperature","24.9062","C","2026-09-05T17:48:00Z","2026-09-05T17:40:00Z","2026-09-05T18:30:00Z","SYNTHETIC","25","30","50","60"
"SIM-S0234-P2","SIM-S0234","SIM-S0234-MIX","MIX","MIX-3","Temperature","25.0025","C","2026-09-05T17:56:00Z","2026-09-05T17:40:00Z","2026-09-05T18:30:00Z","SYNTHETIC","25","30","50","60"
"SIM-S0234-P3","SIM-S0234","SIM-S0234-MIX","MIX","MIX-3","Temperature","25.0059","C","2026-09-05T18:04:00Z","2026-09-05T17:40:00Z","2026-09-05T18:30:00Z","SYNTHETIC","25","30","50","60"
"SIM-S0234-P4","SIM-S0234","SIM-S0234-MIX","MIX","MIX-3","Temperature","24.9534","C","2026-09-05T18:12:00Z","2026-09-05T17:40:00Z","2026-09-05T18:30:00Z","SYNTHETIC","25","30","50","60"
"SIM-S0234-P5","SIM-S0234","SIM-S0234-MIX","MIX","MIX-3","Temperature","24.9541","C","2026-09-05T18:20:00Z","2026-09-05T17:40:00Z","2026-09-05T18:30:00Z","SYNTHETIC","25","30","50","60"
"SIM-S0234-P6","SIM-S0234","SIM-S0234-MIX","MIX","MIX-3","Agitator_Speed","299.4798","rpm","2026-09-05T17:45:00Z","2026-09-05T17:40:00Z","2026-09-05T18:30:00Z","SYNTHETIC","300","330","50","60"
"SIM-S0234-P7","SIM-S0234","SIM-S0234-MIX","MIX","MIX-3","Agitator_Speed","298.3324","rpm","2026-09-05T18:05:00Z","2026-09-05T17:40:00Z","2026-09-05T18:30:00Z","SYNTHETIC","300","330","50","60"
"SIM-S0234-P8","SIM-S0234","SIM-S0234-MIX","MIX","MIX-3","Agitator_Speed","298.8933","rpm","2026-09-05T18:25:00Z","2026-09-05T17:40:00Z","2026-09-05T18:30:00Z","SYNTHETIC","300","330","50","60"
"SIM-S0234-P9","SIM-S0234","SIM-S0234-FILTER","FILTER","MIX-3","Filter_DP","52.7725","kPa","2026-09-05T18:30:00Z","2026-09-05T18:30:00Z","2026-09-05T18:45:00Z","SYNTHETIC","40","80","15","20"
"SIM-S0234-P10","SIM-S0234","SIM-S0234-FILTER","FILTER","MIX-3","Filter_DP","53.8341","kPa","2026-09-05T18:36:00Z","2026-09-05T18:30:00Z","2026-09-05T18:45:00Z","SYNTHETIC","40","80","15","20"
"SIM-S0234-P11","SIM-S0234","SIM-S0234-FILTER","FILTER","MIX-3","Filter_DP","54.3277","kPa","2026-09-05T18:42:00Z","2026-09-05T18:30:00Z","2026-09-05T18:45:00Z","SYNTHETIC","40","80","15","20"
"SIM-S0235-P0","SIM-S0235","SIM-S0235-MIX","MIX","MIX-1","Temperature","24.9936","C","2026-09-05T19:10:00Z","2026-09-05T19:10:00Z","2026-09-05T20:00:00Z","SYNTHETIC","25","30","50","60"
"SIM-S0235-P1","SIM-S0235","SIM-S0235-MIX","MIX","MIX-1","Temperature","24.7027","C","2026-09-05T19:18:00Z","2026-09-05T19:10:00Z","2026-09-05T20:00:00Z","SYNTHETIC","25","30","50","60"
"SIM-S0235-P2","SIM-S0235","SIM-S0235-MIX","MIX","MIX-1","Temperature","25.0757","C","2026-09-05T19:26:00Z","2026-09-05T19:10:00Z","2026-09-05T20:00:00Z","SYNTHETIC","25","30","50","60"
"SIM-S0235-P3","SIM-S0235","SIM-S0235-MIX","MIX","MIX-1","Temperature","24.9962","C","2026-09-05T19:34:00Z","2026-09-05T19:10:00Z","2026-09-05T20:00:00Z","SYNTHETIC","25","30","50","60"
"SIM-S0235-P4","SIM-S0235","SIM-S0235-MIX","MIX","MIX-1","Temperature","24.8314","C","2026-09-05T19:42:00Z","2026-09-05T19:10:00Z","2026-09-05T20:00:00Z","SYNTHETIC","25","30","50","60"
"SIM-S0235-P5","SIM-S0235","SIM-S0235-MIX","MIX","MIX-1","Temperature","24.9494","C","2026-09-05T19:50:00Z","2026-09-05T19:10:00Z","2026-09-05T20:00:00Z","SYNTHETIC","25","30","50","60"
"SIM-S0235-P6","SIM-S0235","SIM-S0235-MIX","MIX","MIX-1","Agitator_Speed","299.0609","rpm","2026-09-05T19:15:00Z","2026-09-05T19:10:00Z","2026-09-05T20:00:00Z","SYNTHETIC","300","330","50","60"
"SIM-S0235-P7","SIM-S0235","SIM-S0235-MIX","MIX","MIX-1","Agitator_Speed","300.4349","rpm","2026-09-05T19:35:00Z","2026-09-05T19:10:00Z","2026-09-05T20:00:00Z","SYNTHETIC","300","330","50","60"
"SIM-S0235-P8","SIM-S0235","SIM-S0235-MIX","MIX","MIX-1","Agitator_Speed","301.1366","rpm","2026-09-05T19:55:00Z","2026-09-05T19:10:00Z","2026-09-05T20:00:00Z","SYNTHETIC","300","330","50","60"
"SIM-S0235-P9","SIM-S0235","SIM-S0235-FILTER","FILTER","MIX-1","Filter_DP","54.2657","kPa","2026-09-05T20:00:00Z","2026-09-05T20:00:00Z","2026-09-05T20:15:00Z","SYNTHETIC","40","80","15","20"
"SIM-S0235-P10","SIM-S0235","SIM-S0235-FILTER","FILTER","MIX-1","Filter_DP","54.7747","kPa","2026-09-05T20:06:00Z","2026-09-05T20:00:00Z","2026-09-05T20:15:00Z","SYNTHETIC","40","80","15","20"
"SIM-S0235-P11","SIM-S0235","SIM-S0235-FILTER","FILTER","MIX-1","Filter_DP","54.7198","kPa","2026-09-05T20:12:00Z","2026-09-05T20:00:00Z","2026-09-05T20:15:00Z","SYNTHETIC","40","80","15","20"
"SIM-S0236-P0","SIM-S0236","SIM-S0236-MIX","MIX","MIX-2","Temperature","25.0005","C","2026-09-05T19:10:00Z","2026-09-05T19:10:00Z","2026-09-05T20:00:00Z","SYNTHETIC","25","30","50","60"
"SIM-S0236-P1","SIM-S0236","SIM-S0236-MIX","MIX","MIX-2","Temperature","25.0279","C","2026-09-05T19:18:00Z","2026-09-05T19:10:00Z","2026-09-05T20:00:00Z","SYNTHETIC","25","30","50","60"
"SIM-S0236-P2","SIM-S0236","SIM-S0236-MIX","MIX","MIX-2","Temperature","25.0855","C","2026-09-05T19:26:00Z","2026-09-05T19:10:00Z","2026-09-05T20:00:00Z","SYNTHETIC","25","30","50","60"
"SIM-S0236-P3","SIM-S0236","SIM-S0236-MIX","MIX","MIX-2","Temperature","25.2022","C","2026-09-05T19:34:00Z","2026-09-05T19:10:00Z","2026-09-05T20:00:00Z","SYNTHETIC","25","30","50","60"
"SIM-S0236-P4","SIM-S0236","SIM-S0236-MIX","MIX","MIX-2","Temperature","25.3485","C","2026-09-05T19:42:00Z","2026-09-05T19:10:00Z","2026-09-05T20:00:00Z","SYNTHETIC","25","30","50","60"
"SIM-S0236-P5","SIM-S0236","SIM-S0236-MIX","MIX","MIX-2","Temperature","25.2386","C","2026-09-05T19:50:00Z","2026-09-05T19:10:00Z","2026-09-05T20:00:00Z","SYNTHETIC","25","30","50","60"
"SIM-S0236-P6","SIM-S0236","SIM-S0236-MIX","MIX","MIX-2","Agitator_Speed","298.5407","rpm","2026-09-05T19:15:00Z","2026-09-05T19:10:00Z","2026-09-05T20:00:00Z","SYNTHETIC","300","330","50","60"
"SIM-S0236-P7","SIM-S0236","SIM-S0236-MIX","MIX","MIX-2","Agitator_Speed","299.2318","rpm","2026-09-05T19:35:00Z","2026-09-05T19:10:00Z","2026-09-05T20:00:00Z","SYNTHETIC","300","330","50","60"
"SIM-S0236-P8","SIM-S0236","SIM-S0236-MIX","MIX","MIX-2","Agitator_Speed","300.6137","rpm","2026-09-05T19:55:00Z","2026-09-05T19:10:00Z","2026-09-05T20:00:00Z","SYNTHETIC","300","330","50","60"
"SIM-S0236-P9","SIM-S0236","SIM-S0236-FILTER","FILTER","MIX-2","Filter_DP","41.1698","kPa","2026-09-05T20:00:00Z","2026-09-05T20:00:00Z","2026-09-05T20:15:00Z","SYNTHETIC","40","80","15","20"
"SIM-S0236-P10","SIM-S0236","SIM-S0236-FILTER","FILTER","MIX-2","Filter_DP","41.5332","kPa","2026-09-05T20:06:00Z","2026-09-05T20:00:00Z","2026-09-05T20:15:00Z","SYNTHETIC","40","80","15","20"
"SIM-S0236-P11","SIM-S0236","SIM-S0236-FILTER","FILTER","MIX-2","Filter_DP","42.7264","kPa","2026-09-05T20:12:00Z","2026-09-05T20:00:00Z","2026-09-05T20:15:00Z","SYNTHETIC","40","80","15","20"
"SIM-S0237-P0","SIM-S0237","SIM-S0237-MIX","MIX","MIX-3","Temperature","25.6222","C","2026-09-05T19:10:00Z","2026-09-05T19:10:00Z","2026-09-05T20:00:00Z","SYNTHETIC","25","30","50","60"
"SIM-S0237-P1","SIM-S0237","SIM-S0237-MIX","MIX","MIX-3","Temperature","25.3139","C","2026-09-05T19:18:00Z","2026-09-05T19:10:00Z","2026-09-05T20:00:00Z","SYNTHETIC","25","30","50","60"
"SIM-S0237-P2","SIM-S0237","SIM-S0237-MIX","MIX","MIX-3","Temperature","25.6425","C","2026-09-05T19:26:00Z","2026-09-05T19:10:00Z","2026-09-05T20:00:00Z","SYNTHETIC","25","30","50","60"
"SIM-S0237-P3","SIM-S0237","SIM-S0237-MIX","MIX","MIX-3","Temperature","25.5845","C","2026-09-05T19:34:00Z","2026-09-05T19:10:00Z","2026-09-05T20:00:00Z","SYNTHETIC","25","30","50","60"
"SIM-S0237-P4","SIM-S0237","SIM-S0237-MIX","MIX","MIX-3","Temperature","25.6641","C","2026-09-05T19:42:00Z","2026-09-05T19:10:00Z","2026-09-05T20:00:00Z","SYNTHETIC","25","30","50","60"
"SIM-S0237-P5","SIM-S0237","SIM-S0237-MIX","MIX","MIX-3","Temperature","25.447","C","2026-09-05T19:50:00Z","2026-09-05T19:10:00Z","2026-09-05T20:00:00Z","SYNTHETIC","25","30","50","60"
"SIM-S0237-P6","SIM-S0237","SIM-S0237-MIX","MIX","MIX-3","Agitator_Speed","299.2958","rpm","2026-09-05T19:15:00Z","2026-09-05T19:10:00Z","2026-09-05T20:00:00Z","SYNTHETIC","300","330","50","60"
"SIM-S0237-P7","SIM-S0237","SIM-S0237-MIX","MIX","MIX-3","Agitator_Speed","298.9039","rpm","2026-09-05T19:35:00Z","2026-09-05T19:10:00Z","2026-09-05T20:00:00Z","SYNTHETIC","300","330","50","60"
"SIM-S0237-P8","SIM-S0237","SIM-S0237-MIX","MIX","MIX-3","Agitator_Speed","298.3326","rpm","2026-09-05T19:55:00Z","2026-09-05T19:10:00Z","2026-09-05T20:00:00Z","SYNTHETIC","300","330","50","60"
"SIM-S0237-P9","SIM-S0237","SIM-S0237-FILTER","FILTER","MIX-3","Filter_DP","52.3551","kPa","2026-09-05T20:00:00Z","2026-09-05T20:00:00Z","2026-09-05T20:15:00Z","SYNTHETIC","40","80","15","20"
"SIM-S0237-P10","SIM-S0237","SIM-S0237-FILTER","FILTER","MIX-3","Filter_DP","53.0221","kPa","2026-09-05T20:06:00Z","2026-09-05T20:00:00Z","2026-09-05T20:15:00Z","SYNTHETIC","40","80","15","20"
"SIM-S0237-P11","SIM-S0237","SIM-S0237-FILTER","FILTER","MIX-3","Filter_DP","53.41","kPa","2026-09-05T20:12:00Z","2026-09-05T20:00:00Z","2026-09-05T20:15:00Z","SYNTHETIC","40","80","15","20"
"SIM-S0238-P0","SIM-S0238","SIM-S0238-MIX","MIX","MIX-1","Temperature","26.003","C","2026-09-05T20:40:00Z","2026-09-05T20:40:00Z","2026-09-05T21:30:00Z","SYNTHETIC","25","30","50","60"
"SIM-S0238-P1","SIM-S0238","SIM-S0238-MIX","MIX","MIX-1","Temperature","25.9386","C","2026-09-05T20:48:00Z","2026-09-05T20:40:00Z","2026-09-05T21:30:00Z","SYNTHETIC","25","30","50","60"
"SIM-S0238-P2","SIM-S0238","SIM-S0238-MIX","MIX","MIX-1","Temperature","25.7648","C","2026-09-05T20:56:00Z","2026-09-05T20:40:00Z","2026-09-05T21:30:00Z","SYNTHETIC","25","30","50","60"
"SIM-S0238-P3","SIM-S0238","SIM-S0238-MIX","MIX","MIX-1","Temperature","25.6209","C","2026-09-05T21:04:00Z","2026-09-05T20:40:00Z","2026-09-05T21:30:00Z","SYNTHETIC","25","30","50","60"
"SIM-S0238-P4","SIM-S0238","SIM-S0238-MIX","MIX","MIX-1","Temperature","25.7771","C","2026-09-05T21:12:00Z","2026-09-05T20:40:00Z","2026-09-05T21:30:00Z","SYNTHETIC","25","30","50","60"
"SIM-S0238-P5","SIM-S0238","SIM-S0238-MIX","MIX","MIX-1","Temperature","25.4445","C","2026-09-05T21:20:00Z","2026-09-05T20:40:00Z","2026-09-05T21:30:00Z","SYNTHETIC","25","30","50","60"
"SIM-S0238-P6","SIM-S0238","SIM-S0238-MIX","MIX","MIX-1","Agitator_Speed","302.4975","rpm","2026-09-05T20:45:00Z","2026-09-05T20:40:00Z","2026-09-05T21:30:00Z","SYNTHETIC","300","330","50","60"
"SIM-S0238-P7","SIM-S0238","SIM-S0238-MIX","MIX","MIX-1","Agitator_Speed","304.557","rpm","2026-09-05T21:05:00Z","2026-09-05T20:40:00Z","2026-09-05T21:30:00Z","SYNTHETIC","300","330","50","60"
"SIM-S0238-P8","SIM-S0238","SIM-S0238-MIX","MIX","MIX-1","Agitator_Speed","304.1167","rpm","2026-09-05T21:25:00Z","2026-09-05T20:40:00Z","2026-09-05T21:30:00Z","SYNTHETIC","300","330","50","60"
"SIM-S0238-P9","SIM-S0238","SIM-S0238-FILTER","FILTER","MIX-1","Filter_DP","57.9835","kPa","2026-09-05T21:30:00Z","2026-09-05T21:30:00Z","2026-09-05T21:45:00Z","SYNTHETIC","40","80","15","20"
"SIM-S0238-P10","SIM-S0238","SIM-S0238-FILTER","FILTER","MIX-1","Filter_DP","58.6846","kPa","2026-09-05T21:36:00Z","2026-09-05T21:30:00Z","2026-09-05T21:45:00Z","SYNTHETIC","40","80","15","20"
"SIM-S0238-P11","SIM-S0238","SIM-S0238-FILTER","FILTER","MIX-1","Filter_DP","59.6735","kPa","2026-09-05T21:42:00Z","2026-09-05T21:30:00Z","2026-09-05T21:45:00Z","SYNTHETIC","40","80","15","20"
"SIM-S0239-P0","SIM-S0239","SIM-S0239-MIX","MIX","MIX-2","Temperature","25.4347","C","2026-09-05T20:40:00Z","2026-09-05T20:40:00Z","2026-09-05T21:30:00Z","SYNTHETIC","25","30","50","60"
"SIM-S0239-P1","SIM-S0239","SIM-S0239-MIX","MIX","MIX-2","Temperature","25.3415","C","2026-09-05T20:48:00Z","2026-09-05T20:40:00Z","2026-09-05T21:30:00Z","SYNTHETIC","25","30","50","60"
"SIM-S0239-P2","SIM-S0239","SIM-S0239-MIX","MIX","MIX-2","Temperature","25.4002","C","2026-09-05T20:56:00Z","2026-09-05T20:40:00Z","2026-09-05T21:30:00Z","SYNTHETIC","25","30","50","60"
"SIM-S0239-P3","SIM-S0239","SIM-S0239-MIX","MIX","MIX-2","Temperature","25.5191","C","2026-09-05T21:04:00Z","2026-09-05T20:40:00Z","2026-09-05T21:30:00Z","SYNTHETIC","25","30","50","60"
"SIM-S0239-P4","SIM-S0239","SIM-S0239-MIX","MIX","MIX-2","Temperature","25.6989","C","2026-09-05T21:12:00Z","2026-09-05T20:40:00Z","2026-09-05T21:30:00Z","SYNTHETIC","25","30","50","60"
"SIM-S0239-P5","SIM-S0239","SIM-S0239-MIX","MIX","MIX-2","Temperature","25.1348","C","2026-09-05T21:20:00Z","2026-09-05T20:40:00Z","2026-09-05T21:30:00Z","SYNTHETIC","25","30","50","60"
"SIM-S0239-P6","SIM-S0239","SIM-S0239-MIX","MIX","MIX-2","Agitator_Speed","305.6501","rpm","2026-09-05T20:45:00Z","2026-09-05T20:40:00Z","2026-09-05T21:30:00Z","SYNTHETIC","300","330","50","60"
"SIM-S0239-P7","SIM-S0239","SIM-S0239-MIX","MIX","MIX-2","Agitator_Speed","303.211","rpm","2026-09-05T21:05:00Z","2026-09-05T20:40:00Z","2026-09-05T21:30:00Z","SYNTHETIC","300","330","50","60"
"SIM-S0239-P8","SIM-S0239","SIM-S0239-MIX","MIX","MIX-2","Agitator_Speed","305.0331","rpm","2026-09-05T21:25:00Z","2026-09-05T20:40:00Z","2026-09-05T21:30:00Z","SYNTHETIC","300","330","50","60"
"SIM-S0239-P9","SIM-S0239","SIM-S0239-FILTER","FILTER","MIX-2","Filter_DP","40.7423","kPa","2026-09-05T21:30:00Z","2026-09-05T21:30:00Z","2026-09-05T21:45:00Z","SYNTHETIC","40","80","15","20"
"SIM-S0239-P10","SIM-S0239","SIM-S0239-FILTER","FILTER","MIX-2","Filter_DP","41.0676","kPa","2026-09-05T21:36:00Z","2026-09-05T21:30:00Z","2026-09-05T21:45:00Z","SYNTHETIC","40","80","15","20"
"SIM-S0239-P11","SIM-S0239","SIM-S0239-FILTER","FILTER","MIX-2","Filter_DP","42.9395","kPa","2026-09-05T21:42:00Z","2026-09-05T21:30:00Z","2026-09-05T21:45:00Z","SYNTHETIC","40","80","15","20"
"SIM-S0240-P0","SIM-S0240","SIM-S0240-MIX","MIX","MIX-3","Temperature","25.813","C","2026-09-05T20:40:00Z","2026-09-05T20:40:00Z","2026-09-05T21:30:00Z","SYNTHETIC","25","30","50","60"
"SIM-S0240-P1","SIM-S0240","SIM-S0240-MIX","MIX","MIX-3","Temperature","25.6617","C","2026-09-05T20:48:00Z","2026-09-05T20:40:00Z","2026-09-05T21:30:00Z","SYNTHETIC","25","30","50","60"
"SIM-S0240-P2","SIM-S0240","SIM-S0240-MIX","MIX","MIX-3","Temperature","25.8232","C","2026-09-05T20:56:00Z","2026-09-05T20:40:00Z","2026-09-05T21:30:00Z","SYNTHETIC","25","30","50","60"
"SIM-S0240-P3","SIM-S0240","SIM-S0240-MIX","MIX","MIX-3","Temperature","25.7896","C","2026-09-05T21:04:00Z","2026-09-05T20:40:00Z","2026-09-05T21:30:00Z","SYNTHETIC","25","30","50","60"
"SIM-S0240-P4","SIM-S0240","SIM-S0240-MIX","MIX","MIX-3","Temperature","25.7281","C","2026-09-05T21:12:00Z","2026-09-05T20:40:00Z","2026-09-05T21:30:00Z","SYNTHETIC","25","30","50","60"
"SIM-S0240-P5","SIM-S0240","SIM-S0240-MIX","MIX","MIX-3","Temperature","25.9155","C","2026-09-05T21:20:00Z","2026-09-05T20:40:00Z","2026-09-05T21:30:00Z","SYNTHETIC","25","30","50","60"
"SIM-S0240-P6","SIM-S0240","SIM-S0240-MIX","MIX","MIX-3","Agitator_Speed","299.5678","rpm","2026-09-05T20:45:00Z","2026-09-05T20:40:00Z","2026-09-05T21:30:00Z","SYNTHETIC","300","330","50","60"
"SIM-S0240-P7","SIM-S0240","SIM-S0240-MIX","MIX","MIX-3","Agitator_Speed","297.1312","rpm","2026-09-05T21:05:00Z","2026-09-05T20:40:00Z","2026-09-05T21:30:00Z","SYNTHETIC","300","330","50","60"
"SIM-S0240-P8","SIM-S0240","SIM-S0240-MIX","MIX","MIX-3","Agitator_Speed","296.6097","rpm","2026-09-05T21:25:00Z","2026-09-05T20:40:00Z","2026-09-05T21:30:00Z","SYNTHETIC","300","330","50","60"
"SIM-S0240-P9","SIM-S0240","SIM-S0240-FILTER","FILTER","MIX-3","Filter_DP","59.2414","kPa","2026-09-05T21:30:00Z","2026-09-05T21:30:00Z","2026-09-05T21:45:00Z","SYNTHETIC","40","80","15","20"
"SIM-S0240-P10","SIM-S0240","SIM-S0240-FILTER","FILTER","MIX-3","Filter_DP","59.8125","kPa","2026-09-05T21:36:00Z","2026-09-05T21:30:00Z","2026-09-05T21:45:00Z","SYNTHETIC","40","80","15","20"
"SIM-S0240-P11","SIM-S0240","SIM-S0240-FILTER","FILTER","MIX-3","Filter_DP","60.2336","kPa","2026-09-05T21:42:00Z","2026-09-05T21:30:00Z","2026-09-05T21:45:00Z","SYNTHETIC","40","80","15","20"