"QC_Record_ID","Batch_ID","Sample_ID","Analyte_ID","Value","Unit","Method_ID","Spec_Rev","LSL","USL","Qualifier","Sample_TS","Result_TS","Is_Final","Approval_Status","Spec_Status","Data_Origin","Target"
"SIM-S0001-Q-pH","SIM-S0001","SIM-S0001-S","pH","9.8969","pH","SIM-M-pH","SIM-Q02","9.5","10.5","EQ","2026-08-31T23:15:00Z","2026-09-01T00:00:00Z","true","APPROVED","DEMO","SYNTHETIC","10"
"SIM-S0001-Q-Solids","SIM-S0001","SIM-S0001-S","Solids","10.0298","wt%","SIM-M-Solids","SIM-Q02","9.5","10.5","EQ","2026-08-31T23:15:00Z","2026-09-01T00:00:00Z","true","APPROVED","DEMO","SYNTHETIC","10"
"SIM-S0001-Q-Viscosity","SIM-S0001","SIM-S0001-S","Viscosity","1.7846","mPa.s","SIM-M-Viscosity","SIM-Q02","1.2","2.2","EQ","2026-08-31T23:15:00Z","2026-09-01T00:00:00Z","true","APPROVED","DEMO","SYNTHETIC","1.7"
"SIM-S0001-Q-D50","SIM-S0001","SIM-S0001-S","D50","87.9943","nm","SIM-M-D50","SIM-Q02","75","105","EQ","2026-08-31T23:15:00Z","2026-09-01T00:00:00Z","true","APPROVED","DEMO","SYNTHETIC","90"
"SIM-S0001-Q-D90","SIM-S0001","SIM-S0001-S","D90","132.8895","nm","SIM-M-D90","SIM-Q02","110","180","EQ","2026-08-31T23:15:00Z","2026-09-01T00:00:00Z","true","APPROVED","DEMO","SYNTHETIC","130"
"SIM-S0001-Q-LPC_0p5","SIM-S0001","SIM-S0001-S","LPC_0p5","886.6162","count/mL","SIM-M-LPC_0p5","SIM-Q02","","3000","EQ","2026-08-31T23:15:00Z","2026-09-01T00:00:00Z","true","APPROVED","DEMO","SYNTHETIC","1000"
"SIM-S0001-Q-LPC_1p0","SIM-S0001","SIM-S0001-S","LPC_1p0","76.8582","count/mL","SIM-M-LPC_1p0","SIM-Q02","","600","EQ","2026-08-31T23:15:00Z","2026-09-01T00:00:00Z","true","APPROVED","DEMO","SYNTHETIC","80"
"SIM-S0001-Q-Zeta","SIM-S0001","SIM-S0001-S","Zeta","-39.26","mV","SIM-M-Zeta","SIM-Q02","-50","-30","EQ","2026-08-31T23:15:00Z","2026-09-01T00:00:00Z","true","APPROVED","DEMO","SYNTHETIC","-40"
"SIM-S0001-Q-Fe","SIM-S0001","SIM-S0001-S","Fe","0.2714","ug/kg","SIM-M-Fe","SIM-Q02","","1","EQ","2026-08-31T23:15:00Z","2026-09-01T00:00:00Z","true","APPROVED","DEMO","SYNTHETIC","0.3"
"SIM-S0002-Q-pH","SIM-S0002","SIM-S0002-S","pH","9.9128","pH","SIM-M-pH","SIM-Q02","9.5","10.5","EQ","2026-08-31T23:15:00Z","2026-09-01T00:00:00Z","true","APPROVED","DEMO","SYNTHETIC","10"
"SIM-S0002-Q-Solids","SIM-S0002","SIM-S0002-S","Solids","9.9418","wt%","SIM-M-Solids","SIM-Q02","9.5","10.5","EQ","2026-08-31T23:15:00Z","2026-09-01T00:00:00Z","true","APPROVED","DEMO","SYNTHETIC","10"
"SIM-S0002-Q-Viscosity","SIM-S0002","SIM-S0002-S","Viscosity","1.7239","mPa.s","SIM-M-Viscosity","SIM-Q02","1.2","2.2","EQ","2026-08-31T23:15:00Z","2026-09-01T00:00:00Z","true","APPROVED","DEMO","SYNTHETIC","1.7"
"SIM-S0002-Q-D50","SIM-S0002","SIM-S0002-S","D50","90.089","nm","SIM-M-D50","SIM-Q02","75","105","EQ","2026-08-31T23:15:00Z","2026-09-01T00:00:00Z","true","APPROVED","DEMO","SYNTHETIC","90"
"SIM-S0002-Q-D90","SIM-S0002","SIM-S0002-S","D90","132.7756","nm","SIM-M-D90","SIM-Q02","110","180","EQ","2026-08-31T23:15:00Z","2026-09-01T00:00:00Z","true","APPROVED","DEMO","SYNTHETIC","130"
"SIM-S0002-Q-LPC_0p5","SIM-S0002","SIM-S0002-S","LPC_0p5","968.9207","count/mL","SIM-M-LPC_0p5","SIM-Q02","","3000","EQ","2026-08-31T23:15:00Z","2026-09-01T00:00:00Z","true","APPROVED","DEMO","SYNTHETIC","1000"
"SIM-S0002-Q-LPC_1p0","SIM-S0002","SIM-S0002-S","LPC_1p0","70.3318","count/mL","SIM-M-LPC_1p0","SIM-Q02","","600","EQ","2026-08-31T23:15:00Z","2026-09-01T00:00:00Z","true","APPROVED","DEMO","SYNTHETIC","80"
"SIM-S0002-Q-Zeta","SIM-S0002","SIM-S0002-S","Zeta","-41.0801","mV","SIM-M-Zeta","SIM-Q02","-50","-30","EQ","2026-08-31T23:15:00Z","2026-09-01T00:00:00Z","true","APPROVED","DEMO","SYNTHETIC","-40"
"SIM-S0002-Q-Fe","SIM-S0002","SIM-S0002-S","Fe","0.2862","ug/kg","SIM-M-Fe","SIM-Q02","","1","EQ","2026-08-31T23:15:00Z","2026-09-01T00:00:00Z","true","APPROVED","DEMO","SYNTHETIC","0.3"
"SIM-S0003-Q-pH","SIM-S0003","SIM-S0003-S","pH","10.0055","pH","SIM-M-pH","SIM-Q02","9.5","10.5","EQ","2026-08-31T23:15:00Z","2026-09-01T00:00:00Z","true","APPROVED","DEMO","SYNTHETIC","10"
"SIM-S0003-Q-Solids","SIM-S0003","SIM-S0003-S","Solids","10.1294","wt%","SIM-M-Solids","SIM-Q02","9.5","10.5","EQ","2026-08-31T23:15:00Z","2026-09-01T00:00:00Z","true","APPROVED","DEMO","SYNTHETIC","10"
"SIM-S0003-Q-Viscosity","SIM-S0003","SIM-S0003-S","Viscosity","1.7516","mPa.s","SIM-M-Viscosity","SIM-Q02","1.2","2.2","EQ","2026-08-31T23:15:00Z","2026-09-01T00:00:00Z","true","APPROVED","DEMO","SYNTHETIC","1.7"
"SIM-S0003-Q-D50","SIM-S0003","SIM-S0003-S","D50","90.8542","nm","SIM-M-D50","SIM-Q02","75","105","EQ","2026-08-31T23:15:00Z","2026-09-01T00:00:00Z","true","APPROVED","DEMO","SYNTHETIC","90"
"SIM-S0003-Q-D90","SIM-S0003","SIM-S0003-S","D90","132.957","nm","SIM-M-D90","SIM-Q02","110","180","EQ","2026-08-31T23:15:00Z","2026-09-01T00:00:00Z","true","APPROVED","DEMO","SYNTHETIC","130"
"SIM-S0003-Q-LPC_0p5","SIM-S0003","SIM-S0003-S","LPC_0p5","910.0786","count/mL","SIM-M-LPC_0p5","SIM-Q02","","3000","EQ","2026-08-31T23:15:00Z","2026-09-01T00:00:00Z","true","APPROVED","DEMO","SYNTHETIC","1000"
"SIM-S0003-Q-LPC_1p0","SIM-S0003","SIM-S0003-S","LPC_1p0","81.9614","count/mL","SIM-M-LPC_1p0","SIM-Q02","","600","EQ","2026-08-31T23:15:00Z","2026-09-01T00:00:00Z","true","APPROVED","DEMO","SYNTHETIC","80"
"SIM-S0003-Q-Zeta","SIM-S0003","SIM-S0003-S","Zeta","-39.7717","mV","SIM-M-Zeta","SIM-Q02","-50","-30","EQ","2026-08-31T23:15:00Z","2026-09-01T00:00:00Z","true","APPROVED","DEMO","SYNTHETIC","-40"
"SIM-S0003-Q-Fe","SIM-S0003","SIM-S0003-S","Fe","0.3032","ug/kg","SIM-M-Fe","SIM-Q02","","1","EQ","2026-08-31T23:15:00Z","2026-09-01T00:00:00Z","true","APPROVED","DEMO","SYNTHETIC","0.3"
"SIM-S0004-Q-pH","SIM-S0004","SIM-S0004-S","pH","10.0399","pH","SIM-M-pH","SIM-Q02","9.5","10.5","EQ","2026-09-01T00:45:00Z","2026-09-01T01:30:00Z","true","APPROVED","DEMO","SYNTHETIC","10"
"SIM-S0004-Q-Solids","SIM-S0004","SIM-S0004-S","Solids","9.9182","wt%","SIM-M-Solids","SIM-Q02","9.5","10.5","EQ","2026-09-01T00:45:00Z","2026-09-01T01:30:00Z","true","APPROVED","DEMO","SYNTHETIC","10"
"SIM-S0004-Q-Viscosity","SIM-S0004","SIM-S0004-S","Viscosity","1.6816","mPa.s","SIM-M-Viscosity","SIM-Q02","1.2","2.2","EQ","2026-09-01T00:45:00Z","2026-09-01T01:30:00Z","true","APPROVED","DEMO","SYNTHETIC","1.7"
"SIM-S0004-Q-D50","SIM-S0004","SIM-S0004-S","D50","87.5407","nm","SIM-M-D50","SIM-Q02","75","105","EQ","2026-09-01T00:45:00Z","2026-09-01T01:30:00Z","true","APPROVED","DEMO","SYNTHETIC","90"
"SIM-S0004-Q-D90","SIM-S0004","SIM-S0004-S","D90","124.0533","nm","SIM-M-D90","SIM-Q02","110","180","EQ","2026-09-01T00:45:00Z","2026-09-01T01:30:00Z","true","APPROVED","DEMO","SYNTHETIC","130"
"SIM-S0004-Q-LPC_0p5","SIM-S0004","SIM-S0004-S","LPC_0p5","1010.9099","count/mL","SIM-M-LPC_0p5","SIM-Q02","","3000","EQ","2026-09-01T00:45:00Z","2026-09-01T01:30:00Z","true","APPROVED","DEMO","SYNTHETIC","1000"
"SIM-S0004-Q-LPC_1p0","SIM-S0004","SIM-S0004-S","LPC_1p0","92.1155","count/mL","SIM-M-LPC_1p0","SIM-Q02","","600","EQ","2026-09-01T00:45:00Z","2026-09-01T01:30:00Z","true","APPROVED","DEMO","SYNTHETIC","80"
"SIM-S0004-Q-Zeta","SIM-S0004","SIM-S0004-S","Zeta","-40.9785","mV","SIM-M-Zeta","SIM-Q02","-50","-30","EQ","2026-09-01T00:45:00Z","2026-09-01T01:30:00Z","true","APPROVED","DEMO","SYNTHETIC","-40"
"SIM-S0004-Q-Fe","SIM-S0004","SIM-S0004-S","Fe","0.2667","ug/kg","SIM-M-Fe","SIM-Q02","","1","EQ","2026-09-01T00:45:00Z","2026-09-01T01:30:00Z","true","APPROVED","DEMO","SYNTHETIC","0.3"
"SIM-S0005-Q-pH","SIM-S0005","SIM-S0005-S","pH","10.0386","pH","SIM-M-pH","SIM-Q02","9.5","10.5","EQ","2026-09-01T00:45:00Z","2026-09-01T01:30:00Z","true","APPROVED","DEMO","SYNTHETIC","10"
"SIM-S0005-Q-Solids","SIM-S0005","SIM-S0005-S","Solids","10.0464","wt%","SIM-M-Solids","SIM-Q02","9.5","10.5","EQ","2026-09-01T00:45:00Z","2026-09-01T01:30:00Z","true","APPROVED","DEMO","SYNTHETIC","10"
"SIM-S0005-Q-Viscosity","SIM-S0005","SIM-S0005-S","Viscosity","1.627","mPa.s","SIM-M-Viscosity","SIM-Q02","1.2","2.2","EQ","2026-09-01T00:45:00Z","2026-09-01T01:30:00Z","true","APPROVED","DEMO","SYNTHETIC","1.7"
"SIM-S0005-Q-D50","SIM-S0005","SIM-S0005-S","D50","88.0484","nm","SIM-M-D50","SIM-Q02","75","105","EQ","2026-09-01T00:45:00Z","2026-09-01T01:30:00Z","true","APPROVED","DEMO","SYNTHETIC","90"
"SIM-S0005-Q-D90","SIM-S0005","SIM-S0005-S","D90","126.6243","nm","SIM-M-D90","SIM-Q02","110","180","EQ","2026-09-01T00:45:00Z","2026-09-01T01:30:00Z","true","APPROVED","DEMO","SYNTHETIC","130"
"SIM-S0005-Q-LPC_0p5","SIM-S0005","SIM-S0005-S","LPC_0p5","888.64","count/mL","SIM-M-LPC_0p5","SIM-Q02","","3000","EQ","2026-09-01T00:45:00Z","2026-09-01T01:30:00Z","true","APPROVED","DEMO","SYNTHETIC","1000"
"SIM-S0005-Q-LPC_1p0","SIM-S0005","SIM-S0005-S","LPC_1p0","94.425","count/mL","SIM-M-LPC_1p0","SIM-Q02","","600","EQ","2026-09-01T00:45:00Z","2026-09-01T01:30:00Z","true","APPROVED","DEMO","SYNTHETIC","80"
"SIM-S0005-Q-Zeta","SIM-S0005","SIM-S0005-S","Zeta","-38.8308","mV","SIM-M-Zeta","SIM-Q02","-50","-30","EQ","2026-09-01T00:45:00Z","2026-09-01T01:30:00Z","true","APPROVED","DEMO","SYNTHETIC","-40"
"SIM-S0005-Q-Fe","SIM-S0005","SIM-S0005-S","Fe","0.275","ug/kg","SIM-M-Fe","SIM-Q02","","1","EQ","2026-09-01T00:45:00Z","2026-09-01T01:30:00Z","true","APPROVED","DEMO","SYNTHETIC","0.3"
"SIM-S0006-Q-pH","SIM-S0006","SIM-S0006-S","pH","10.0265","pH","SIM-M-pH","SIM-Q02","9.5","10.5","EQ","2026-09-01T00:45:00Z","2026-09-01T01:30:00Z","true","APPROVED","DEMO","SYNTHETIC","10"
"SIM-S0006-Q-Solids","SIM-S0006","SIM-S0006-S","Solids","10.0497","wt%","SIM-M-Solids","SIM-Q02","9.5","10.5","EQ","2026-09-01T00:45:00Z","2026-09-01T01:30:00Z","true","APPROVED","DEMO","SYNTHETIC","10"
"SIM-S0006-Q-Viscosity","SIM-S0006","SIM-S0006-S","Viscosity","1.7259","mPa.s","SIM-M-Viscosity","SIM-Q02","1.2","2.2","EQ","2026-09-01T00:45:00Z","2026-09-01T01:30:00Z","true","APPROVED","DEMO","SYNTHETIC","1.7"
"SIM-S0006-Q-D50","SIM-S0006","SIM-S0006-S","D50","91.9359","nm","SIM-M-D50","SIM-Q02","75","105","EQ","2026-09-01T00:45:00Z","2026-09-01T01:30:00Z","true","APPROVED","DEMO","SYNTHETIC","90"
"SIM-S0006-Q-D90","SIM-S0006","SIM-S0006-S","D90","132.8696","nm","SIM-M-D90","SIM-Q02","110","180","EQ","2026-09-01T00:45:00Z","2026-09-01T01:30:00Z","true","APPROVED","DEMO","SYNTHETIC","130"
"SIM-S0006-Q-LPC_0p5","SIM-S0006","SIM-S0006-S","LPC_0p5","888.1373","count/mL","SIM-M-LPC_0p5","SIM-Q02","","3000","EQ","2026-09-01T00:45:00Z","2026-09-01T01:30:00Z","true","APPROVED","DEMO","SYNTHETIC","1000"
"SIM-S0006-Q-LPC_1p0","SIM-S0006","SIM-S0006-S","LPC_1p0","81.8149","count/mL","SIM-M-LPC_1p0","SIM-Q02","","600","EQ","2026-09-01T00:45:00Z","2026-09-01T01:30:00Z","true","APPROVED","DEMO","SYNTHETIC","80"
"SIM-S0006-Q-Zeta","SIM-S0006","SIM-S0006-S","Zeta","-39.7393","mV","SIM-M-Zeta","SIM-Q02","-50","-30","EQ","2026-09-01T00:45:00Z","2026-09-01T01:30:00Z","true","APPROVED","DEMO","SYNTHETIC","-40"
"SIM-S0006-Q-Fe","SIM-S0006","SIM-S0006-S","Fe","0.3301","ug/kg","SIM-M-Fe","SIM-Q02","","1","EQ","2026-09-01T00:45:00Z","2026-09-01T01:30:00Z","true","APPROVED","DEMO","SYNTHETIC","0.3"
"SIM-S0007-Q-pH","SIM-S0007","SIM-S0007-S","pH","9.9808","pH","SIM-M-pH","SIM-Q02","9.5","10.5","EQ","2026-09-01T02:15:00Z","2026-09-01T03:00:00Z","true","APPROVED","DEMO","SYNTHETIC","10"
"SIM-S0007-Q-Solids","SIM-S0007","SIM-S0007-S","Solids","10.1051","wt%","SIM-M-Solids","SIM-Q02","9.5","10.5","EQ","2026-09-01T02:15:00Z","2026-09-01T03:00:00Z","true","APPROVED","DEMO","SYNTHETIC","10"
"SIM-S0007-Q-Viscosity","SIM-S0007","SIM-S0007-S","Viscosity","1.6758","mPa.s","SIM-M-Viscosity","SIM-Q02","1.2","2.2","EQ","2026-09-01T02:15:00Z","2026-09-01T03:00:00Z","true","APPROVED","DEMO","SYNTHETIC","1.7"
"SIM-S0007-Q-D50","SIM-S0007","SIM-S0007-S","D50","87.7128","nm","SIM-M-D50","SIM-Q02","75","105","EQ","2026-09-01T02:15:00Z","2026-09-01T03:00:00Z","true","APPROVED","DEMO","SYNTHETIC","90"
"SIM-S0007-Q-D90","SIM-S0007","SIM-S0007-S","D90","138.1614","nm","SIM-M-D90","SIM-Q02","110","180","EQ","2026-09-01T02:15:00Z","2026-09-01T03:00:00Z","true","APPROVED","DEMO","SYNTHETIC","130"
"SIM-S0007-Q-LPC_0p5","SIM-S0007","SIM-S0007-S","LPC_0p5","1126.2992","count/mL","SIM-M-LPC_0p5","SIM-Q02","","3000","EQ","2026-09-01T02:15:00Z","2026-09-01T03:00:00Z","true","APPROVED","DEMO","SYNTHETIC","1000"
"SIM-S0007-Q-LPC_1p0","SIM-S0007","SIM-S0007-S","LPC_1p0","81.4247","count/mL","SIM-M-LPC_1p0","SIM-Q02","","600","EQ","2026-09-01T02:15:00Z","2026-09-01T03:00:00Z","true","APPROVED","DEMO","SYNTHETIC","80"
"SIM-S0007-Q-Zeta","SIM-S0007","SIM-S0007-S","Zeta","-39.5755","mV","SIM-M-Zeta","SIM-Q02","-50","-30","EQ","2026-09-01T02:15:00Z","2026-09-01T03:00:00Z","true","APPROVED","DEMO","SYNTHETIC","-40"
"SIM-S0007-Q-Fe","SIM-S0007","SIM-S0007-S","Fe","0.2556","ug/kg","SIM-M-Fe","SIM-Q02","","1","EQ","2026-09-01T02:15:00Z","2026-09-01T03:00:00Z","true","APPROVED","DEMO","SYNTHETIC","0.3"
"SIM-S0008-Q-pH","SIM-S0008","SIM-S0008-S","pH","9.9328","pH","SIM-M-pH","SIM-Q02","9.5","10.5","EQ","2026-09-01T02:15:00Z","2026-09-01T03:00:00Z","true","APPROVED","DEMO","SYNTHETIC","10"
"SIM-S0008-Q-Solids","SIM-S0008","SIM-S0008-S","Solids","10.1038","wt%","SIM-M-Solids","SIM-Q02","9.5","10.5","EQ","2026-09-01T02:15:00Z","2026-09-01T03:00:00Z","true","APPROVED","DEMO","SYNTHETIC","10"
"SIM-S0008-Q-Viscosity","SIM-S0008","SIM-S0008-S","Viscosity","1.7328","mPa.s","SIM-M-Viscosity","SIM-Q02","1.2","2.2","EQ","2026-09-01T02:15:00Z","2026-09-01T03:00:00Z","true","APPROVED","DEMO","SYNTHETIC","1.7"
"SIM-S0008-Q-D50","SIM-S0008","SIM-S0008-S","D50","87.8363","nm","SIM-M-D50","SIM-Q02","75","105","EQ","2026-09-01T02:15:00Z","2026-09-01T03:00:00Z","true","APPROVED","DEMO","SYNTHETIC","90"
"SIM-S0008-Q-D90","SIM-S0008","SIM-S0008-S","D90","130.0418","nm","SIM-M-D90","SIM-Q02","110","180","EQ","2026-09-01T02:15:00Z","2026-09-01T03:00:00Z","true","APPROVED","DEMO","SYNTHETIC","130"
"SIM-S0008-Q-LPC_0p5","SIM-S0008","SIM-S0008-S","LPC_0p5","767.0205","count/mL","SIM-M-LPC_0p5","SIM-Q02","","3000","EQ","2026-09-01T02:15:00Z","2026-09-01T03:00:00Z","true","APPROVED","DEMO","SYNTHETIC","1000"
"SIM-S0008-Q-LPC_1p0","SIM-S0008","SIM-S0008-S","LPC_1p0","93.6909","count/mL","SIM-M-LPC_1p0","SIM-Q02","","600","EQ","2026-09-01T02:15:00Z","2026-09-01T03:00:00Z","true","APPROVED","DEMO","SYNTHETIC","80"
"SIM-S0008-Q-Zeta","SIM-S0008","SIM-S0008-S","Zeta","-39.0891","mV","SIM-M-Zeta","SIM-Q02","-50","-30","EQ","2026-09-01T02:15:00Z","2026-09-01T03:00:00Z","true","APPROVED","DEMO","SYNTHETIC","-40"
"SIM-S0008-Q-Fe","SIM-S0008","SIM-S0008-S","Fe","0.319","ug/kg","SIM-M-Fe","SIM-Q02","","1","EQ","2026-09-01T02:15:00Z","2026-09-01T03:00:00Z","true","APPROVED","DEMO","SYNTHETIC","0.3"
"SIM-S0009-Q-pH","SIM-S0009","SIM-S0009-S","pH","10.0173","pH","SIM-M-pH","SIM-Q02","9.5","10.5","EQ","2026-09-01T02:15:00Z","2026-09-01T03:00:00Z","true","APPROVED","DEMO","SYNTHETIC","10"
"SIM-S0009-Q-Solids","SIM-S0009","SIM-S0009-S","Solids","9.9709","wt%","SIM-M-Solids","SIM-Q02","9.5","10.5","EQ","2026-09-01T02:15:00Z","2026-09-01T03:00:00Z","true","APPROVED","DEMO","SYNTHETIC","10"
"SIM-S0009-Q-Viscosity","SIM-S0009","SIM-S0009-S","Viscosity","1.7342","mPa.s","SIM-M-Viscosity","SIM-Q02","1.2","2.2","EQ","2026-09-01T02:15:00Z","2026-09-01T03:00:00Z","true","APPROVED","DEMO","SYNTHETIC","1.7"
"SIM-S0009-Q-D50","SIM-S0009","SIM-S0009-S","D50","90.3627","nm","SIM-M-D50","SIM-Q02","75","105","EQ","2026-09-01T02:15:00Z","2026-09-01T03:00:00Z","true","APPROVED","DEMO","SYNTHETIC","90"
"SIM-S0009-Q-D90","SIM-S0009","SIM-S0009-S","D90","137.5145","nm","SIM-M-D90","SIM-Q02","110","180","EQ","2026-09-01T02:15:00Z","2026-09-01T03:00:00Z","true","APPROVED","DEMO","SYNTHETIC","130"
"SIM-S0009-Q-LPC_0p5","SIM-S0009","SIM-S0009-S","LPC_0p5","1208.6091","count/mL","SIM-M-LPC_0p5","SIM-Q02","","3000","EQ","2026-09-01T02:15:00Z","2026-09-01T03:00:00Z","true","APPROVED","DEMO","SYNTHETIC","1000"
"SIM-S0009-Q-LPC_1p0","SIM-S0009","SIM-S0009-S","LPC_1p0","95.2479","count/mL","SIM-M-LPC_1p0","SIM-Q02","","600","EQ","2026-09-01T02:15:00Z","2026-09-01T03:00:00Z","true","APPROVED","DEMO","SYNTHETIC","80"
"SIM-S0009-Q-Zeta","SIM-S0009","SIM-S0009-S","Zeta","-39.6699","mV","SIM-M-Zeta","SIM-Q02","-50","-30","EQ","2026-09-01T02:15:00Z","2026-09-01T03:00:00Z","true","APPROVED","DEMO","SYNTHETIC","-40"
"SIM-S0009-Q-Fe","SIM-S0009","SIM-S0009-S","Fe","0.2747","ug/kg","SIM-M-Fe","SIM-Q02","","1","EQ","2026-09-01T02:15:00Z","2026-09-01T03:00:00Z","true","APPROVED","DEMO","SYNTHETIC","0.3"
"SIM-S0010-Q-pH","SIM-S0010","SIM-S0010-S","pH","10.1414","pH","SIM-M-pH","SIM-Q02","9.5","10.5","EQ","2026-09-01T03:45:00Z","2026-09-01T04:30:00Z","true","APPROVED","DEMO","SYNTHETIC","10"
"SIM-S0010-Q-Solids","SIM-S0010","SIM-S0010-S","Solids","10.0454","wt%","SIM-M-Solids","SIM-Q02","9.5","10.5","EQ","2026-09-01T03:45:00Z","2026-09-01T04:30:00Z","true","APPROVED","DEMO","SYNTHETIC","10"
"SIM-S0010-Q-Viscosity","SIM-S0010","SIM-S0010-S","Viscosity","1.7805","mPa.s","SIM-M-Viscosity","SIM-Q02","1.2","2.2","EQ","2026-09-01T03:45:00Z","2026-09-01T04:30:00Z","true","APPROVED","DEMO","SYNTHETIC","1.7"
"SIM-S0010-Q-D50","SIM-S0010","SIM-S0010-S","D50","88.0569","nm","SIM-M-D50","SIM-Q02","75","105","EQ","2026-09-01T03:45:00Z","2026-09-01T04:30:00Z","true","APPROVED","DEMO","SYNTHETIC","90"
"SIM-S0010-Q-D90","SIM-S0010","SIM-S0010-S","D90","130.4052","nm","SIM-M-D90","SIM-Q02","110","180","EQ","2026-09-01T03:45:00Z","2026-09-01T04:30:00Z","true","APPROVED","DEMO","SYNTHETIC","130"
"SIM-S0010-Q-LPC_0p5","SIM-S0010","SIM-S0010-S","LPC_0p5","1054.2702","count/mL","SIM-M-LPC_0p5","SIM-Q02","","3000","EQ","2026-09-01T03:45:00Z","2026-09-01T04:30:00Z","true","APPROVED","DEMO","SYNTHETIC","1000"
"SIM-S0010-Q-LPC_1p0","SIM-S0010","SIM-S0010-S","LPC_1p0","87.9229","count/mL","SIM-M-LPC_1p0","SIM-Q02","","600","EQ","2026-09-01T03:45:00Z","2026-09-01T04:30:00Z","true","APPROVED","DEMO","SYNTHETIC","80"
"SIM-S0010-Q-Zeta","SIM-S0010","SIM-S0010-S","Zeta","-40.9503","mV","SIM-M-Zeta","SIM-Q02","-50","-30","EQ","2026-09-01T03:45:00Z","2026-09-01T04:30:00Z","true","APPROVED","DEMO","SYNTHETIC","-40"
"SIM-S0010-Q-Fe","SIM-S0010","SIM-S0010-S","Fe","0.3012","ug/kg","SIM-M-Fe","SIM-Q02","","1","EQ","2026-09-01T03:45:00Z","2026-09-01T04:30:00Z","true","APPROVED","DEMO","SYNTHETIC","0.3"
"SIM-S0011-Q-pH","SIM-S0011","SIM-S0011-S","pH","9.865","pH","SIM-M-pH","SIM-Q02","9.5","10.5","EQ","2026-09-01T03:45:00Z","2026-09-01T04:30:00Z","true","APPROVED","DEMO","SYNTHETIC","10"
"SIM-S0011-Q-Solids","SIM-S0011","SIM-S0011-S","Solids","10.0524","wt%","SIM-M-Solids","SIM-Q02","9.5","10.5","EQ","2026-09-01T03:45:00Z","2026-09-01T04:30:00Z","true","APPROVED","DEMO","SYNTHETIC","10"
"SIM-S0011-Q-Viscosity","SIM-S0011","SIM-S0011-S","Viscosity","1.6731","mPa.s","SIM-M-Viscosity","SIM-Q02","1.2","2.2","EQ","2026-09-01T03:45:00Z","2026-09-01T04:30:00Z","true","APPROVED","DEMO","SYNTHETIC","1.7"
"SIM-S0011-Q-D50","SIM-S0011","SIM-S0011-S","D50","90.2328","nm","SIM-M-D50","SIM-Q02","75","105","EQ","2026-09-01T03:45:00Z","2026-09-01T04:30:00Z","true","APPROVED","DEMO","SYNTHETIC","90"
"SIM-S0011-Q-D90","SIM-S0011","SIM-S0011-S","D90","129.6055","nm","SIM-M-D90","SIM-Q02","110","180","EQ","2026-09-01T03:45:00Z","2026-09-01T04:30:00Z","true","APPROVED","DEMO","SYNTHETIC","130"
"SIM-S0011-Q-LPC_0p5","SIM-S0011","SIM-S0011-S","LPC_0p5","889.2131","count/mL","SIM-M-LPC_0p5","SIM-Q02","","3000","EQ","2026-09-01T03:45:00Z","2026-09-01T04:30:00Z","true","APPROVED","DEMO","SYNTHETIC","1000"
"SIM-S0011-Q-LPC_1p0","SIM-S0011","SIM-S0011-S","LPC_1p0","88.0075","count/mL","SIM-M-LPC_1p0","SIM-Q02","","600","EQ","2026-09-01T03:45:00Z","2026-09-01T04:30:00Z","true","APPROVED","DEMO","SYNTHETIC","80"
"SIM-S0011-Q-Zeta","SIM-S0011","SIM-S0011-S","Zeta","-41.5155","mV","SIM-M-Zeta","SIM-Q02","-50","-30","EQ","2026-09-01T03:45:00Z","2026-09-01T04:30:00Z","true","APPROVED","DEMO","SYNTHETIC","-40"
"SIM-S0011-Q-Fe","SIM-S0011","SIM-S0011-S","Fe","0.2913","ug/kg","SIM-M-Fe","SIM-Q02","","1","EQ","2026-09-01T03:45:00Z","2026-09-01T04:30:00Z","true","APPROVED","DEMO","SYNTHETIC","0.3"
"SIM-S0012-Q-pH","SIM-S0012","SIM-S0012-S","pH","9.9623","pH","SIM-M-pH","SIM-Q02","9.5","10.5","EQ","2026-09-01T03:45:00Z","2026-09-01T04:30:00Z","true","APPROVED","DEMO","SYNTHETIC","10"
"SIM-S0012-Q-Solids","SIM-S0012","SIM-S0012-S","Solids","9.8804","wt%","SIM-M-Solids","SIM-Q02","9.5","10.5","EQ","2026-09-01T03:45:00Z","2026-09-01T04:30:00Z","true","APPROVED","DEMO","SYNTHETIC","10"
"SIM-S0012-Q-Viscosity","SIM-S0012","SIM-S0012-S","Viscosity","1.7037","mPa.s","SIM-M-Viscosity","SIM-Q02","1.2","2.2","EQ","2026-09-01T03:45:00Z","2026-09-01T04:30:00Z","true","APPROVED","DEMO","SYNTHETIC","1.7"
"SIM-S0012-Q-D50","SIM-S0012","SIM-S0012-S","D50","92.6137","nm","SIM-M-D50","SIM-Q02","75","105","EQ","2026-09-01T03:45:00Z","2026-09-01T04:30:00Z","true","APPROVED","DEMO","SYNTHETIC","90"
"SIM-S0012-Q-D90","SIM-S0012","SIM-S0012-S","D90","132.7273","nm","SIM-M-D90","SIM-Q02","110","180","EQ","2026-09-01T03:45:00Z","2026-09-01T04:30:00Z","true","APPROVED","DEMO","SYNTHETIC","130"
"SIM-S0012-Q-LPC_0p5","SIM-S0012","SIM-S0012-S","LPC_0p5","978.1683","count/mL","SIM-M-LPC_0p5","SIM-Q02","","3000","EQ","2026-09-01T03:45:00Z","2026-09-01T04:30:00Z","true","APPROVED","DEMO","SYNTHETIC","1000"
"SIM-S0012-Q-LPC_1p0","SIM-S0012","SIM-S0012-S","LPC_1p0","89.5191","count/mL","SIM-M-LPC_1p0","SIM-Q02","","600","EQ","2026-09-01T03:45:00Z","2026-09-01T04:30:00Z","true","APPROVED","DEMO","SYNTHETIC","80"
"SIM-S0012-Q-Zeta","SIM-S0012","SIM-S0012-S","Zeta","-39.8536","mV","SIM-M-Zeta","SIM-Q02","-50","-30","EQ","2026-09-01T03:45:00Z","2026-09-01T04:30:00Z","true","APPROVED","DEMO","SYNTHETIC","-40"
"SIM-S0012-Q-Fe","SIM-S0012","SIM-S0012-S","Fe","0.3456","ug/kg","SIM-M-Fe","SIM-Q02","","1","EQ","2026-09-01T03:45:00Z","2026-09-01T04:30:00Z","true","APPROVED","DEMO","SYNTHETIC","0.3"
"SIM-S0013-Q-pH","SIM-S0013","SIM-S0013-S","pH","9.9979","pH","SIM-M-pH","SIM-Q02","9.5","10.5","EQ","2026-09-01T05:15:00Z","2026-09-01T06:00:00Z","true","APPROVED","DEMO","SYNTHETIC","10"
"SIM-S0013-Q-Solids","SIM-S0013","SIM-S0013-S","Solids","10.1416","wt%","SIM-M-Solids","SIM-Q02","9.5","10.5","EQ","2026-09-01T05:15:00Z","2026-09-01T06:00:00Z","true","APPROVED","DEMO","SYNTHETIC","10"
"SIM-S0013-Q-Viscosity","SIM-S0013","SIM-S0013-S","Viscosity","1.6056","mPa.s","SIM-M-Viscosity","SIM-Q02","1.2","2.2","EQ","2026-09-01T05:15:00Z","2026-09-01T06:00:00Z","true","APPROVED","DEMO","SYNTHETIC","1.7"
"SIM-S0013-Q-D50","SIM-S0013","SIM-S0013-S","D50","89.3878","nm","SIM-M-D50","SIM-Q02","75","105","EQ","2026-09-01T05:15:00Z","2026-09-01T06:00:00Z","true","APPROVED","DEMO","SYNTHETIC","90"
"SIM-S0013-Q-D90","SIM-S0013","SIM-S0013-S","D90","136.5856","nm","SIM-M-D90","SIM-Q02","110","180","EQ","2026-09-01T05:15:00Z","2026-09-01T06:00:00Z","true","APPROVED","DEMO","SYNTHETIC","130"
"SIM-S0013-Q-LPC_0p5","SIM-S0013","SIM-S0013-S","LPC_0p5","912.056","count/mL","SIM-M-LPC_0p5","SIM-Q02","","3000","EQ","2026-09-01T05:15:00Z","2026-09-01T06:00:00Z","true","APPROVED","DEMO","SYNTHETIC","1000"
"SIM-S0013-Q-LPC_1p0","SIM-S0013","SIM-S0013-S","LPC_1p0","82.0635","count/mL","SIM-M-LPC_1p0","SIM-Q02","","600","EQ","2026-09-01T05:15:00Z","2026-09-01T06:00:00Z","true","APPROVED","DEMO","SYNTHETIC","80"
"SIM-S0013-Q-Zeta","SIM-S0013","SIM-S0013-S","Zeta","-40.8687","mV","SIM-M-Zeta","SIM-Q02","-50","-30","EQ","2026-09-01T05:15:00Z","2026-09-01T06:00:00Z","true","APPROVED","DEMO","SYNTHETIC","-40"
"SIM-S0013-Q-Fe","SIM-S0013","SIM-S0013-S","Fe","0.3029","ug/kg","SIM-M-Fe","SIM-Q02","","1","EQ","2026-09-01T05:15:00Z","2026-09-01T06:00:00Z","true","APPROVED","DEMO","SYNTHETIC","0.3"
"SIM-S0014-Q-pH","SIM-S0014","SIM-S0014-S","pH","10.0004","pH","SIM-M-pH","SIM-Q02","9.5","10.5","EQ","2026-09-01T05:15:00Z","2026-09-01T06:00:00Z","true","APPROVED","DEMO","SYNTHETIC","10"
"SIM-S0014-Q-Solids","SIM-S0014","SIM-S0014-S","Solids","10.1453","wt%","SIM-M-Solids","SIM-Q02","9.5","10.5","EQ","2026-09-01T05:15:00Z","2026-09-01T06:00:00Z","true","APPROVED","DEMO","SYNTHETIC","10"
"SIM-S0014-Q-Viscosity","SIM-S0014","SIM-S0014-S","Viscosity","1.7983","mPa.s","SIM-M-Viscosity","SIM-Q02","1.2","2.2","EQ","2026-09-01T05:15:00Z","2026-09-01T06:00:00Z","true","APPROVED","DEMO","SYNTHETIC","1.7"
"SIM-S0014-Q-D50","SIM-S0014","SIM-S0014-S","D50","90.7279","nm","SIM-M-D50","SIM-Q02","75","105","EQ","2026-09-01T05:15:00Z","2026-09-01T06:00:00Z","true","APPROVED","DEMO","SYNTHETIC","90"
"SIM-S0014-Q-D90","SIM-S0014","SIM-S0014-S","D90","136.8467","nm","SIM-M-D90","SIM-Q02","110","180","EQ","2026-09-01T05:15:00Z","2026-09-01T06:00:00Z","true","APPROVED","DEMO","SYNTHETIC","130"
"SIM-S0014-Q-LPC_0p5","SIM-S0014","SIM-S0014-S","LPC_0p5","1115.8818","count/mL","SIM-M-LPC_0p5","SIM-Q02","","3000","EQ","2026-09-01T05:15:00Z","2026-09-01T06:00:00Z","true","APPROVED","DEMO","SYNTHETIC","1000"
"SIM-S0014-Q-LPC_1p0","SIM-S0014","SIM-S0014-S","LPC_1p0","73.2041","count/mL","SIM-M-LPC_1p0","SIM-Q02","","600","EQ","2026-09-01T05:15:00Z","2026-09-01T06:00:00Z","true","APPROVED","DEMO","SYNTHETIC","80"
"SIM-S0014-Q-Zeta","SIM-S0014","SIM-S0014-S","Zeta","-41.0397","mV","SIM-M-Zeta","SIM-Q02","-50","-30","EQ","2026-09-01T05:15:00Z","2026-09-01T06:00:00Z","true","APPROVED","DEMO","SYNTHETIC","-40"
"SIM-S0014-Q-Fe","SIM-S0014","SIM-S0014-S","Fe","0.2525","ug/kg","SIM-M-Fe","SIM-Q02","","1","EQ","2026-09-01T05:15:00Z","2026-09-01T06:00:00Z","true","APPROVED","DEMO","SYNTHETIC","0.3"
"SIM-S0015-Q-pH","SIM-S0015","SIM-S0015-S","pH","9.9551","pH","SIM-M-pH","SIM-Q02","9.5","10.5","EQ","2026-09-01T05:15:00Z","2026-09-01T06:00:00Z","true","APPROVED","DEMO","SYNTHETIC","10"
"SIM-S0015-Q-Solids","SIM-S0015","SIM-S0015-S","Solids","9.8857","wt%","SIM-M-Solids","SIM-Q02","9.5","10.5","EQ","2026-09-01T05:15:00Z","2026-09-01T06:00:00Z","true","APPROVED","DEMO","SYNTHETIC","10"
"SIM-S0015-Q-Viscosity","SIM-S0015","SIM-S0015-S","Viscosity","1.6693","mPa.s","SIM-M-Viscosity","SIM-Q02","1.2","2.2","EQ","2026-09-01T05:15:00Z","2026-09-01T06:00:00Z","true","APPROVED","DEMO","SYNTHETIC","1.7"
"SIM-S0015-Q-D50","SIM-S0015","SIM-S0015-S","D50","92.0845","nm","SIM-M-D50","SIM-Q02","75","105","EQ","2026-09-01T05:15:00Z","2026-09-01T06:00:00Z","true","APPROVED","DEMO","SYNTHETIC","90"
"SIM-S0015-Q-D90","SIM-S0015","SIM-S0015-S","D90","124.7303","nm","SIM-M-D90","SIM-Q02","110","180","EQ","2026-09-01T05:15:00Z","2026-09-01T06:00:00Z","true","APPROVED","DEMO","SYNTHETIC","130"
"SIM-S0015-Q-LPC_0p5","SIM-S0015","SIM-S0015-S","LPC_0p5","1113.1033","count/mL","SIM-M-LPC_0p5","SIM-Q02","","3000","EQ","2026-09-01T05:15:00Z","2026-09-01T06:00:00Z","true","APPROVED","DEMO","SYNTHETIC","1000"
"SIM-S0015-Q-LPC_1p0","SIM-S0015","SIM-S0015-S","LPC_1p0","82.5372","count/mL","SIM-M-LPC_1p0","SIM-Q02","","600","EQ","2026-09-01T05:15:00Z","2026-09-01T06:00:00Z","true","APPROVED","DEMO","SYNTHETIC","80"
"SIM-S0015-Q-Zeta","SIM-S0015","SIM-S0015-S","Zeta","-39.0212","mV","SIM-M-Zeta","SIM-Q02","-50","-30","EQ","2026-09-01T05:15:00Z","2026-09-01T06:00:00Z","true","APPROVED","DEMO","SYNTHETIC","-40"
"SIM-S0015-Q-Fe","SIM-S0015","SIM-S0015-S","Fe","0.2997","ug/kg","SIM-M-Fe","SIM-Q02","","1","EQ","2026-09-01T05:15:00Z","2026-09-01T06:00:00Z","true","APPROVED","DEMO","SYNTHETIC","0.3"
"SIM-S0016-Q-pH","SIM-S0016","SIM-S0016-S","pH","10.0592","pH","SIM-M-pH","SIM-Q02","9.5","10.5","EQ","2026-09-01T06:45:00Z","2026-09-01T07:30:00Z","true","APPROVED","DEMO","SYNTHETIC","10"
"SIM-S0016-Q-Solids","SIM-S0016","SIM-S0016-S","Solids","10.0014","wt%","SIM-M-Solids","SIM-Q02","9.5","10.5","EQ","2026-09-01T06:45:00Z","2026-09-01T07:30:00Z","true","APPROVED","DEMO","SYNTHETIC","10"
"SIM-S0016-Q-Viscosity","SIM-S0016","SIM-S0016-S","Viscosity","1.6816","mPa.s","SIM-M-Viscosity","SIM-Q02","1.2","2.2","EQ","2026-09-01T06:45:00Z","2026-09-01T07:30:00Z","true","APPROVED","DEMO","SYNTHETIC","1.7"
"SIM-S0016-Q-D50","SIM-S0016","SIM-S0016-S","D50","89.8293","nm","SIM-M-D50","SIM-Q02","75","105","EQ","2026-09-01T06:45:00Z","2026-09-01T07:30:00Z","true","APPROVED","DEMO","SYNTHETIC","90"
"SIM-S0016-Q-D90","SIM-S0016","SIM-S0016-S","D90","132.5438","nm","SIM-M-D90","SIM-Q02","110","180","EQ","2026-09-01T06:45:00Z","2026-09-01T07:30:00Z","true","APPROVED","DEMO","SYNTHETIC","130"
"SIM-S0016-Q-LPC_0p5","SIM-S0016","SIM-S0016-S","LPC_0p5","1033.584","count/mL","SIM-M-LPC_0p5","SIM-Q02","","3000","EQ","2026-09-01T06:45:00Z","2026-09-01T07:30:00Z","true","APPROVED","DEMO","SYNTHETIC","1000"
"SIM-S0016-Q-LPC_1p0","SIM-S0016","SIM-S0016-S","LPC_1p0","83.0233","count/mL","SIM-M-LPC_1p0","SIM-Q02","","600","EQ","2026-09-01T06:45:00Z","2026-09-01T07:30:00Z","true","APPROVED","DEMO","SYNTHETIC","80"
"SIM-S0016-Q-Zeta","SIM-S0016","SIM-S0016-S","Zeta","-39.978","mV","SIM-M-Zeta","SIM-Q02","-50","-30","EQ","2026-09-01T06:45:00Z","2026-09-01T07:30:00Z","true","APPROVED","DEMO","SYNTHETIC","-40"
"SIM-S0016-Q-Fe","SIM-S0016","SIM-S0016-S","Fe","0.3009","ug/kg","SIM-M-Fe","SIM-Q02","","1","EQ","2026-09-01T06:45:00Z","2026-09-01T07:30:00Z","true","APPROVED","DEMO","SYNTHETIC","0.3"
"SIM-S0017-Q-pH","SIM-S0017","SIM-S0017-S","pH","9.9969","pH","SIM-M-pH","SIM-Q02","9.5","10.5","EQ","2026-09-01T06:45:00Z","2026-09-01T07:30:00Z","true","APPROVED","DEMO","SYNTHETIC","10"
"SIM-S0017-Q-Solids","SIM-S0017","SIM-S0017-S","Solids","10.0062","wt%","SIM-M-Solids","SIM-Q02","9.5","10.5","EQ","2026-09-01T06:45:00Z","2026-09-01T07:30:00Z","true","APPROVED","DEMO","SYNTHETIC","10"
"SIM-S0017-Q-Viscosity","SIM-S0017","SIM-S0017-S","Viscosity","1.7078","mPa.s","SIM-M-Viscosity","SIM-Q02","1.2","2.2","EQ","2026-09-01T06:45:00Z","2026-09-01T07:30:00Z","true","APPROVED","DEMO","SYNTHETIC","1.7"
"SIM-S0017-Q-D50","SIM-S0017","SIM-S0017-S","D50","91.6569","nm","SIM-M-D50","SIM-Q02","75","105","EQ","2026-09-01T06:45:00Z","2026-09-01T07:30:00Z","true","APPROVED","DEMO","SYNTHETIC","90"
"SIM-S0017-Q-D90","SIM-S0017","SIM-S0017-S","D90","133.6049","nm","SIM-M-D90","SIM-Q02","110","180","EQ","2026-09-01T06:45:00Z","2026-09-01T07:30:00Z","true","APPROVED","DEMO","SYNTHETIC","130"
"SIM-S0017-Q-LPC_0p5","SIM-S0017","SIM-S0017-S","LPC_0p5","1211.2513","count/mL","SIM-M-LPC_0p5","SIM-Q02","","3000","EQ","2026-09-01T06:45:00Z","2026-09-01T07:30:00Z","true","APPROVED","DEMO","SYNTHETIC","1000"
"SIM-S0017-Q-LPC_1p0","SIM-S0017","SIM-S0017-S","LPC_1p0","80.1331","count/mL","SIM-M-LPC_1p0","SIM-Q02","","600","EQ","2026-09-01T06:45:00Z","2026-09-01T07:30:00Z","true","APPROVED","DEMO","SYNTHETIC","80"
"SIM-S0017-Q-Zeta","SIM-S0017","SIM-S0017-S","Zeta","-40.7009","mV","SIM-M-Zeta","SIM-Q02","-50","-30","EQ","2026-09-01T06:45:00Z","2026-09-01T07:30:00Z","true","APPROVED","DEMO","SYNTHETIC","-40"
"SIM-S0017-Q-Fe","SIM-S0017","SIM-S0017-S","Fe","0.3429","ug/kg","SIM-M-Fe","SIM-Q02","","1","EQ","2026-09-01T06:45:00Z","2026-09-01T07:30:00Z","true","APPROVED","DEMO","SYNTHETIC","0.3"
"SIM-S0018-Q-pH","SIM-S0018","SIM-S0018-S","pH","9.9801","pH","SIM-M-pH","SIM-Q02","9.5","10.5","EQ","2026-09-01T06:45:00Z","2026-09-01T07:30:00Z","true","APPROVED","DEMO","SYNTHETIC","10"
"SIM-S0018-Q-Solids","SIM-S0018","SIM-S0018-S","Solids","10.0257","wt%","SIM-M-Solids","SIM-Q02","9.5","10.5","EQ","2026-09-01T06:45:00Z","2026-09-01T07:30:00Z","true","APPROVED","DEMO","SYNTHETIC","10"
"SIM-S0018-Q-Viscosity","SIM-S0018","SIM-S0018-S","Viscosity","1.748","mPa.s","SIM-M-Viscosity","SIM-Q02","1.2","2.2","EQ","2026-09-01T06:45:00Z","2026-09-01T07:30:00Z","true","APPROVED","DEMO","SYNTHETIC","1.7"
"SIM-S0018-Q-D50","SIM-S0018","SIM-S0018-S","D50","87.9845","nm","SIM-M-D50","SIM-Q02","75","105","EQ","2026-09-01T06:45:00Z","2026-09-01T07:30:00Z","true","APPROVED","DEMO","SYNTHETIC","90"
"SIM-S0018-Q-D90","SIM-S0018","SIM-S0018-S","D90","134.6886","nm","SIM-M-D90","SIM-Q02","110","180","EQ","2026-09-01T06:45:00Z","2026-09-01T07:30:00Z","true","APPROVED","DEMO","SYNTHETIC","130"
"SIM-S0018-Q-LPC_0p5","SIM-S0018","SIM-S0018-S","LPC_0p5","1025.0623","count/mL","SIM-M-LPC_0p5","SIM-Q02","","3000","EQ","2026-09-01T06:45:00Z","2026-09-01T07:30:00Z","true","APPROVED","DEMO","SYNTHETIC","1000"
"SIM-S0018-Q-LPC_1p0","SIM-S0018","SIM-S0018-S","LPC_1p0","82.5188","count/mL","SIM-M-LPC_1p0","SIM-Q02","","600","EQ","2026-09-01T06:45:00Z","2026-09-01T07:30:00Z","true","APPROVED","DEMO","SYNTHETIC","80"
"SIM-S0018-Q-Zeta","SIM-S0018","SIM-S0018-S","Zeta","-38.8629","mV","SIM-M-Zeta","SIM-Q02","-50","-30","EQ","2026-09-01T06:45:00Z","2026-09-01T07:30:00Z","true","APPROVED","DEMO","SYNTHETIC","-40"
"SIM-S0018-Q-Fe","SIM-S0018","SIM-S0018-S","Fe","0.3221","ug/kg","SIM-M-Fe","SIM-Q02","","1","EQ","2026-09-01T06:45:00Z","2026-09-01T07:30:00Z","true","APPROVED","DEMO","SYNTHETIC","0.3"
"SIM-S0019-Q-pH","SIM-S0019","SIM-S0019-S","pH","10.133","pH","SIM-M-pH","SIM-Q02","9.5","10.5","EQ","2026-09-01T08:15:00Z","2026-09-01T09:00:00Z","true","APPROVED","DEMO","SYNTHETIC","10"
"SIM-S0019-Q-Solids","SIM-S0019","SIM-S0019-S","Solids","10.1406","wt%","SIM-M-Solids","SIM-Q02","9.5","10.5","EQ","2026-09-01T08:15:00Z","2026-09-01T09:00:00Z","true","APPROVED","DEMO","SYNTHETIC","10"
"SIM-S0019-Q-Viscosity","SIM-S0019","SIM-S0019-S","Viscosity","1.6641","mPa.s","SIM-M-Viscosity","SIM-Q02","1.2","2.2","EQ","2026-09-01T08:15:00Z","2026-09-01T09:00:00Z","true","APPROVED","DEMO","SYNTHETIC","1.7"
"SIM-S0019-Q-D50","SIM-S0019","SIM-S0019-S","D50","89.2194","nm","SIM-M-D50","SIM-Q02","75","105","EQ","2026-09-01T08:15:00Z","2026-09-01T09:00:00Z","true","APPROVED","DEMO","SYNTHETIC","90"
"SIM-S0019-Q-D90","SIM-S0019","SIM-S0019-S","D90","128.2755","nm","SIM-M-D90","SIM-Q02","110","180","EQ","2026-09-01T08:15:00Z","2026-09-01T09:00:00Z","true","APPROVED","DEMO","SYNTHETIC","130"
"SIM-S0019-Q-LPC_0p5","SIM-S0019","SIM-S0019-S","LPC_0p5","965.919","count/mL","SIM-M-LPC_0p5","SIM-Q02","","3000","EQ","2026-09-01T08:15:00Z","2026-09-01T09:00:00Z","true","APPROVED","DEMO","SYNTHETIC","1000"
"SIM-S0019-Q-LPC_1p0","SIM-S0019","SIM-S0019-S","LPC_1p0","66.0374","count/mL","SIM-M-LPC_1p0","SIM-Q02","","600","EQ","2026-09-01T08:15:00Z","2026-09-01T09:00:00Z","true","APPROVED","DEMO","SYNTHETIC","80"
"SIM-S0019-Q-Zeta","SIM-S0019","SIM-S0019-S","Zeta","-41.7124","mV","SIM-M-Zeta","SIM-Q02","-50","-30","EQ","2026-09-01T08:15:00Z","2026-09-01T09:00:00Z","true","APPROVED","DEMO","SYNTHETIC","-40"
"SIM-S0019-Q-Fe","SIM-S0019","SIM-S0019-S","Fe","0.2718","ug/kg","SIM-M-Fe","SIM-Q02","","1","EQ","2026-09-01T08:15:00Z","2026-09-01T09:00:00Z","true","APPROVED","DEMO","SYNTHETIC","0.3"
"SIM-S0020-Q-pH","SIM-S0020","SIM-S0020-S","pH","9.9547","pH","SIM-M-pH","SIM-Q02","9.5","10.5","EQ","2026-09-01T08:15:00Z","2026-09-01T09:00:00Z","true","APPROVED","DEMO","SYNTHETIC","10"
"SIM-S0020-Q-Solids","SIM-S0020","SIM-S0020-S","Solids","10.0963","wt%","SIM-M-Solids","SIM-Q02","9.5","10.5","EQ","2026-09-01T08:15:00Z","2026-09-01T09:00:00Z","true","APPROVED","DEMO","SYNTHETIC","10"
"SIM-S0020-Q-Viscosity","SIM-S0020","SIM-S0020-S","Viscosity","1.5587","mPa.s","SIM-M-Viscosity","SIM-Q02","1.2","2.2","EQ","2026-09-01T08:15:00Z","2026-09-01T09:00:00Z","true","APPROVED","DEMO","SYNTHETIC","1.7"
"SIM-S0020-Q-D50","SIM-S0020","SIM-S0020-S","D50","92.168","nm","SIM-M-D50","SIM-Q02","75","105","EQ","2026-09-01T08:15:00Z","2026-09-01T09:00:00Z","true","APPROVED","DEMO","SYNTHETIC","90"
"SIM-S0020-Q-D90","SIM-S0020","SIM-S0020-S","D90","129.8406","nm","SIM-M-D90","SIM-Q02","110","180","EQ","2026-09-01T08:15:00Z","2026-09-01T09:00:00Z","true","APPROVED","DEMO","SYNTHETIC","130"
"SIM-S0020-Q-LPC_0p5","SIM-S0020","SIM-S0020-S","LPC_0p5","1043.8911","count/mL","SIM-M-LPC_0p5","SIM-Q02","","3000","EQ","2026-09-01T08:15:00Z","2026-09-01T09:00:00Z","true","APPROVED","DEMO","SYNTHETIC","1000"
"SIM-S0020-Q-LPC_1p0","SIM-S0020","SIM-S0020-S","LPC_1p0","76.6917","count/mL","SIM-M-LPC_1p0","SIM-Q02","","600","EQ","2026-09-01T08:15:00Z","2026-09-01T09:00:00Z","true","APPROVED","DEMO","SYNTHETIC","80"
"SIM-S0020-Q-Zeta","SIM-S0020","SIM-S0020-S","Zeta","-41.939","mV","SIM-M-Zeta","SIM-Q02","-50","-30","EQ","2026-09-01T08:15:00Z","2026-09-01T09:00:00Z","true","APPROVED","DEMO","SYNTHETIC","-40"
"SIM-S0020-Q-Fe","SIM-S0020","SIM-S0020-S","Fe","0.3094","ug/kg","SIM-M-Fe","SIM-Q02","","1","EQ","2026-09-01T08:15:00Z","2026-09-01T09:00:00Z","true","APPROVED","DEMO","SYNTHETIC","0.3"
"SIM-S0021-Q-pH","SIM-S0021","SIM-S0021-S","pH","9.9939","pH","SIM-M-pH","SIM-Q02","9.5","10.5","EQ","2026-09-01T08:15:00Z","2026-09-01T09:00:00Z","true","APPROVED","DEMO","SYNTHETIC","10"
"SIM-S0021-Q-Solids","SIM-S0021","SIM-S0021-S","Solids","10.0338","wt%","SIM-M-Solids","SIM-Q02","9.5","10.5","EQ","2026-09-01T08:15:00Z","2026-09-01T09:00:00Z","true","APPROVED","DEMO","SYNTHETIC","10"
"SIM-S0021-Q-Viscosity","SIM-S0021","SIM-S0021-S","Viscosity","1.6131","mPa.s","SIM-M-Viscosity","SIM-Q02","1.2","2.2","EQ","2026-09-01T08:15:00Z","2026-09-01T09:00:00Z","true","APPROVED","DEMO","SYNTHETIC","1.7"
"SIM-S0021-Q-D50","SIM-S0021","SIM-S0021-S","D50","90.0224","nm","SIM-M-D50","SIM-Q02","75","105","EQ","2026-09-01T08:15:00Z","2026-09-01T09:00:00Z","true","APPROVED","DEMO","SYNTHETIC","90"
"SIM-S0021-Q-D90","SIM-S0021","SIM-S0021-S","D90","129.1392","nm","SIM-M-D90","SIM-Q02","110","180","EQ","2026-09-01T08:15:00Z","2026-09-01T09:00:00Z","true","APPROVED","DEMO","SYNTHETIC","130"
"SIM-S0021-Q-LPC_0p5","SIM-S0021","SIM-S0021-S","LPC_0p5","841.8878","count/mL","SIM-M-LPC_0p5","SIM-Q02","","3000","EQ","2026-09-01T08:15:00Z","2026-09-01T09:00:00Z","true","APPROVED","DEMO","SYNTHETIC","1000"
"SIM-S0021-Q-LPC_1p0","SIM-S0021","SIM-S0021-S","LPC_1p0","66.9881","count/mL","SIM-M-LPC_1p0","SIM-Q02","","600","EQ","2026-09-01T08:15:00Z","2026-09-01T09:00:00Z","true","APPROVED","DEMO","SYNTHETIC","80"
"SIM-S0021-Q-Zeta","SIM-S0021","SIM-S0021-S","Zeta","-40.5818","mV","SIM-M-Zeta","SIM-Q02","-50","-30","EQ","2026-09-01T08:15:00Z","2026-09-01T09:00:00Z","true","APPROVED","DEMO","SYNTHETIC","-40"
"SIM-S0021-Q-Fe","SIM-S0021","SIM-S0021-S","Fe","0.2906","ug/kg","SIM-M-Fe","SIM-Q02","","1","EQ","2026-09-01T08:15:00Z","2026-09-01T09:00:00Z","true","APPROVED","DEMO","SYNTHETIC","0.3"
"SIM-S0022-Q-pH","SIM-S0022","SIM-S0022-S","pH","10.0374","pH","SIM-M-pH","SIM-Q02","9.5","10.5","EQ","2026-09-01T09:45:00Z","2026-09-01T10:30:00Z","true","APPROVED","DEMO","SYNTHETIC","10"
"SIM-S0022-Q-Solids","SIM-S0022","SIM-S0022-S","Solids","10.2138","wt%","SIM-M-Solids","SIM-Q02","9.5","10.5","EQ","2026-09-01T09:45:00Z","2026-09-01T10:30:00Z","true","APPROVED","DEMO","SYNTHETIC","10"
"SIM-S0022-Q-Viscosity","SIM-S0022","SIM-S0022-S","Viscosity","1.6204","mPa.s","SIM-M-Viscosity","SIM-Q02","1.2","2.2","EQ","2026-09-01T09:45:00Z","2026-09-01T10:30:00Z","true","APPROVED","DEMO","SYNTHETIC","1.7"
"SIM-S0022-Q-D50","SIM-S0022","SIM-S0022-S","D50","90.1159","nm","SIM-M-D50","SIM-Q02","75","105","EQ","2026-09-01T09:45:00Z","2026-09-01T10:30:00Z","true","APPROVED","DEMO","SYNTHETIC","90"
"SIM-S0022-Q-D90","SIM-S0022","SIM-S0022-S","D90","131.4327","nm","SIM-M-D90","SIM-Q02","110","180","EQ","2026-09-01T09:45:00Z","2026-09-01T10:30:00Z","true","APPROVED","DEMO","SYNTHETIC","130"
"SIM-S0022-Q-LPC_0p5","SIM-S0022","SIM-S0022-S","LPC_0p5","1098.808","count/mL","SIM-M-LPC_0p5","SIM-Q02","","3000","EQ","2026-09-01T09:45:00Z","2026-09-01T10:30:00Z","true","APPROVED","DEMO","SYNTHETIC","1000"
"SIM-S0022-Q-LPC_1p0","SIM-S0022","SIM-S0022-S","LPC_1p0","99.9193","count/mL","SIM-M-LPC_1p0","SIM-Q02","","600","EQ","2026-09-01T09:45:00Z","2026-09-01T10:30:00Z","true","APPROVED","DEMO","SYNTHETIC","80"
"SIM-S0022-Q-Zeta","SIM-S0022","SIM-S0022-S","Zeta","-39.8699","mV","SIM-M-Zeta","SIM-Q02","-50","-30","EQ","2026-09-01T09:45:00Z","2026-09-01T10:30:00Z","true","APPROVED","DEMO","SYNTHETIC","-40"
"SIM-S0022-Q-Fe","SIM-S0022","SIM-S0022-S","Fe","0.2709","ug/kg","SIM-M-Fe","SIM-Q02","","1","EQ","2026-09-01T09:45:00Z","2026-09-01T10:30:00Z","true","APPROVED","DEMO","SYNTHETIC","0.3"
"SIM-S0023-Q-pH","SIM-S0023","SIM-S0023-S","pH","10.0079","pH","SIM-M-pH","SIM-Q02","9.5","10.5","EQ","2026-09-01T09:45:00Z","2026-09-01T10:30:00Z","true","APPROVED","DEMO","SYNTHETIC","10"
"SIM-S0023-Q-Solids","SIM-S0023","SIM-S0023-S","Solids","9.9244","wt%","SIM-M-Solids","SIM-Q02","9.5","10.5","EQ","2026-09-01T09:45:00Z","2026-09-01T10:30:00Z","true","APPROVED","DEMO","SYNTHETIC","10"
"SIM-S0023-Q-Viscosity","SIM-S0023","SIM-S0023-S","Viscosity","1.6265","mPa.s","SIM-M-Viscosity","SIM-Q02","1.2","2.2","EQ","2026-09-01T09:45:00Z","2026-09-01T10:30:00Z","true","APPROVED","DEMO","SYNTHETIC","1.7"
"SIM-S0023-Q-D50","SIM-S0023","SIM-S0023-S","D50","88.6644","nm","SIM-M-D50","SIM-Q02","75","105","EQ","2026-09-01T09:45:00Z","2026-09-01T10:30:00Z","true","APPROVED","DEMO","SYNTHETIC","90"
"SIM-S0023-Q-D90","SIM-S0023","SIM-S0023-S","D90","129.687","nm","SIM-M-D90","SIM-Q02","110","180","EQ","2026-09-01T09:45:00Z","2026-09-01T10:30:00Z","true","APPROVED","DEMO","SYNTHETIC","130"
"SIM-S0023-Q-LPC_0p5","SIM-S0023","SIM-S0023-S","LPC_0p5","1110.9373","count/mL","SIM-M-LPC_0p5","SIM-Q02","","3000","EQ","2026-09-01T09:45:00Z","2026-09-01T10:30:00Z","true","APPROVED","DEMO","SYNTHETIC","1000"
"SIM-S0023-Q-LPC_1p0","SIM-S0023","SIM-S0023-S","LPC_1p0","98.1431","count/mL","SIM-M-LPC_1p0","SIM-Q02","","600","EQ","2026-09-01T09:45:00Z","2026-09-01T10:30:00Z","true","APPROVED","DEMO","SYNTHETIC","80"
"SIM-S0023-Q-Zeta","SIM-S0023","SIM-S0023-S","Zeta","-40.5215","mV","SIM-M-Zeta","SIM-Q02","-50","-30","EQ","2026-09-01T09:45:00Z","2026-09-01T10:30:00Z","true","APPROVED","DEMO","SYNTHETIC","-40"
"SIM-S0023-Q-Fe","SIM-S0023","SIM-S0023-S","Fe","0.2756","ug/kg","SIM-M-Fe","SIM-Q02","","1","EQ","2026-09-01T09:45:00Z","2026-09-01T10:30:00Z","true","APPROVED","DEMO","SYNTHETIC","0.3"
"SIM-S0024-Q-pH","SIM-S0024","SIM-S0024-S","pH","9.9878","pH","SIM-M-pH","SIM-Q02","9.5","10.5","EQ","2026-09-01T09:45:00Z","2026-09-01T10:30:00Z","true","APPROVED","DEMO","SYNTHETIC","10"
"SIM-S0024-Q-Solids","SIM-S0024","SIM-S0024-S","Solids","9.9863","wt%","SIM-M-Solids","SIM-Q02","9.5","10.5","EQ","2026-09-01T09:45:00Z","2026-09-01T10:30:00Z","true","APPROVED","DEMO","SYNTHETIC","10"
"SIM-S0024-Q-Viscosity","SIM-S0024","SIM-S0024-S","Viscosity","1.6596","mPa.s","SIM-M-Viscosity","SIM-Q02","1.2","2.2","EQ","2026-09-01T09:45:00Z","2026-09-01T10:30:00Z","true","APPROVED","DEMO","SYNTHETIC","1.7"
"SIM-S0024-Q-D50","SIM-S0024","SIM-S0024-S","D50","89.8649","nm","SIM-M-D50","SIM-Q02","75","105","EQ","2026-09-01T09:45:00Z","2026-09-01T10:30:00Z","true","APPROVED","DEMO","SYNTHETIC","90"
"SIM-S0024-Q-D90","SIM-S0024","SIM-S0024-S","D90","135.8217","nm","SIM-M-D90","SIM-Q02","110","180","EQ","2026-09-01T09:45:00Z","2026-09-01T10:30:00Z","true","APPROVED","DEMO","SYNTHETIC","130"
"SIM-S0024-Q-LPC_0p5","SIM-S0024","SIM-S0024-S","LPC_0p5","871.0074","count/mL","SIM-M-LPC_0p5","SIM-Q02","","3000","EQ","2026-09-01T09:45:00Z","2026-09-01T10:30:00Z","true","APPROVED","DEMO","SYNTHETIC","1000"
"SIM-S0024-Q-LPC_1p0","SIM-S0024","SIM-S0024-S","LPC_1p0","72.776","count/mL","SIM-M-LPC_1p0","SIM-Q02","","600","EQ","2026-09-01T09:45:00Z","2026-09-01T10:30:00Z","true","APPROVED","DEMO","SYNTHETIC","80"
"SIM-S0024-Q-Zeta","SIM-S0024","SIM-S0024-S","Zeta","-40.3111","mV","SIM-M-Zeta","SIM-Q02","-50","-30","EQ","2026-09-01T09:45:00Z","2026-09-01T10:30:00Z","true","APPROVED","DEMO","SYNTHETIC","-40"
"SIM-S0024-Q-Fe","SIM-S0024","SIM-S0024-S","Fe","0.3034","ug/kg","SIM-M-Fe","SIM-Q02","","1","EQ","2026-09-01T09:45:00Z","2026-09-01T10:30:00Z","true","APPROVED","DEMO","SYNTHETIC","0.3"
"SIM-S0025-Q-pH","SIM-S0025","SIM-S0025-S","pH","9.9015","pH","SIM-M-pH","SIM-Q02","9.5","10.5","EQ","2026-09-01T11:15:00Z","2026-09-01T12:00:00Z","true","APPROVED","DEMO","SYNTHETIC","10"
"SIM-S0025-Q-Solids","SIM-S0025","SIM-S0025-S","Solids","9.9456","wt%","SIM-M-Solids","SIM-Q02","9.5","10.5","EQ","2026-09-01T11:15:00Z","2026-09-01T12:00:00Z","true","APPROVED","DEMO","SYNTHETIC","10"
"SIM-S0025-Q-Viscosity","SIM-S0025","SIM-S0025-S","Viscosity","1.6453","mPa.s","SIM-M-Viscosity","SIM-Q02","1.2","2.2","EQ","2026-09-01T11:15:00Z","2026-09-01T12:00:00Z","true","APPROVED","DEMO","SYNTHETIC","1.7"
"SIM-S0025-Q-D50","SIM-S0025","SIM-S0025-S","D50","91.6789","nm","SIM-M-D50","SIM-Q02","75","105","EQ","2026-09-01T11:15:00Z","2026-09-01T12:00:00Z","true","APPROVED","DEMO","SYNTHETIC","90"
"SIM-S0025-Q-D90","SIM-S0025","SIM-S0025-S","D90","129.8051","nm","SIM-M-D90","SIM-Q02","110","180","EQ","2026-09-01T11:15:00Z","2026-09-01T12:00:00Z","true","APPROVED","DEMO","SYNTHETIC","130"
"SIM-S0025-Q-LPC_0p5","SIM-S0025","SIM-S0025-S","LPC_0p5","932.1756","count/mL","SIM-M-LPC_0p5","SIM-Q02","","3000","EQ","2026-09-01T11:15:00Z","2026-09-01T12:00:00Z","true","APPROVED","DEMO","SYNTHETIC","1000"
"SIM-S0025-Q-LPC_1p0","SIM-S0025","SIM-S0025-S","LPC_1p0","87.7658","count/mL","SIM-M-LPC_1p0","SIM-Q02","","600","EQ","2026-09-01T11:15:00Z","2026-09-01T12:00:00Z","true","APPROVED","DEMO","SYNTHETIC","80"
"SIM-S0025-Q-Zeta","SIM-S0025","SIM-S0025-S","Zeta","-41.0973","mV","SIM-M-Zeta","SIM-Q02","-50","-30","EQ","2026-09-01T11:15:00Z","2026-09-01T12:00:00Z","true","APPROVED","DEMO","SYNTHETIC","-40"
"SIM-S0025-Q-Fe","SIM-S0025","SIM-S0025-S","Fe","0.2957","ug/kg","SIM-M-Fe","SIM-Q02","","1","EQ","2026-09-01T11:15:00Z","2026-09-01T12:00:00Z","true","APPROVED","DEMO","SYNTHETIC","0.3"
"SIM-S0026-Q-pH","SIM-S0026","SIM-S0026-S","pH","9.8783","pH","SIM-M-pH","SIM-Q02","9.5","10.5","EQ","2026-09-01T11:15:00Z","2026-09-01T12:00:00Z","true","APPROVED","DEMO","SYNTHETIC","10"
"SIM-S0026-Q-Solids","SIM-S0026","SIM-S0026-S","Solids","9.8495","wt%","SIM-M-Solids","SIM-Q02","9.5","10.5","EQ","2026-09-01T11:15:00Z","2026-09-01T12:00:00Z","true","APPROVED","DEMO","SYNTHETIC","10"
"SIM-S0026-Q-Viscosity","SIM-S0026","SIM-S0026-S","Viscosity","1.6499","mPa.s","SIM-M-Viscosity","SIM-Q02","1.2","2.2","EQ","2026-09-01T11:15:00Z","2026-09-01T12:00:00Z","true","APPROVED","DEMO","SYNTHETIC","1.7"
"SIM-S0026-Q-D50","SIM-S0026","SIM-S0026-S","D50","94.7493","nm","SIM-M-D50","SIM-Q02","75","105","EQ","2026-09-01T11:15:00Z","2026-09-01T12:00:00Z","true","APPROVED","DEMO","SYNTHETIC","90"
"SIM-S0026-Q-D90","SIM-S0026","SIM-S0026-S","D90","131.7483","nm","SIM-M-D90","SIM-Q02","110","180","EQ","2026-09-01T11:15:00Z","2026-09-01T12:00:00Z","true","APPROVED","DEMO","SYNTHETIC","130"
"SIM-S0026-Q-LPC_0p5","SIM-S0026","SIM-S0026-S","LPC_0p5","967.9912","count/mL","SIM-M-LPC_0p5","SIM-Q02","","3000","EQ","2026-09-01T11:15:00Z","2026-09-01T12:00:00Z","true","APPROVED","DEMO","SYNTHETIC","1000"
"SIM-S0026-Q-LPC_1p0","SIM-S0026","SIM-S0026-S","LPC_1p0","70.9122","count/mL","SIM-M-LPC_1p0","SIM-Q02","","600","EQ","2026-09-01T11:15:00Z","2026-09-01T12:00:00Z","true","APPROVED","DEMO","SYNTHETIC","80"
"SIM-S0026-Q-Zeta","SIM-S0026","SIM-S0026-S","Zeta","-39.7019","mV","SIM-M-Zeta","SIM-Q02","-50","-30","EQ","2026-09-01T11:15:00Z","2026-09-01T12:00:00Z","true","APPROVED","DEMO","SYNTHETIC","-40"
"SIM-S0026-Q-Fe","SIM-S0026","SIM-S0026-S","Fe","0.2898","ug/kg","SIM-M-Fe","SIM-Q02","","1","EQ","2026-09-01T11:15:00Z","2026-09-01T12:00:00Z","true","APPROVED","DEMO","SYNTHETIC","0.3"
"SIM-S0027-Q-pH","SIM-S0027","SIM-S0027-S","pH","10.0563","pH","SIM-M-pH","SIM-Q02","9.5","10.5","EQ","2026-09-01T11:15:00Z","2026-09-01T12:00:00Z","true","APPROVED","DEMO","SYNTHETIC","10"
"SIM-S0027-Q-Solids","SIM-S0027","SIM-S0027-S","Solids","10.034","wt%","SIM-M-Solids","SIM-Q02","9.5","10.5","EQ","2026-09-01T11:15:00Z","2026-09-01T12:00:00Z","true","APPROVED","DEMO","SYNTHETIC","10"
"SIM-S0027-Q-Viscosity","SIM-S0027","SIM-S0027-S","Viscosity","1.6438","mPa.s","SIM-M-Viscosity","SIM-Q02","1.2","2.2","EQ","2026-09-01T11:15:00Z","2026-09-01T12:00:00Z","true","APPROVED","DEMO","SYNTHETIC","1.7"
"SIM-S0027-Q-D50","SIM-S0027","SIM-S0027-S","D50","90.1217","nm","SIM-M-D50","SIM-Q02","75","105","EQ","2026-09-01T11:15:00Z","2026-09-01T12:00:00Z","true","APPROVED","DEMO","SYNTHETIC","90"
"SIM-S0027-Q-D90","SIM-S0027","SIM-S0027-S","D90","128.325","nm","SIM-M-D90","SIM-Q02","110","180","EQ","2026-09-01T11:15:00Z","2026-09-01T12:00:00Z","true","APPROVED","DEMO","SYNTHETIC","130"
"SIM-S0027-Q-LPC_0p5","SIM-S0027","SIM-S0027-S","LPC_0p5","1168.073","count/mL","SIM-M-LPC_0p5","SIM-Q02","","3000","EQ","2026-09-01T11:15:00Z","2026-09-01T12:00:00Z","true","APPROVED","DEMO","SYNTHETIC","1000"
"SIM-S0027-Q-LPC_1p0","SIM-S0027","SIM-S0027-S","LPC_1p0","73.9082","count/mL","SIM-M-LPC_1p0","SIM-Q02","","600","EQ","2026-09-01T11:15:00Z","2026-09-01T12:00:00Z","true","APPROVED","DEMO","SYNTHETIC","80"
"SIM-S0027-Q-Zeta","SIM-S0027","SIM-S0027-S","Zeta","-40.7901","mV","SIM-M-Zeta","SIM-Q02","-50","-30","EQ","2026-09-01T11:15:00Z","2026-09-01T12:00:00Z","true","APPROVED","DEMO","SYNTHETIC","-40"
"SIM-S0027-Q-Fe","SIM-S0027","SIM-S0027-S","Fe","0.279","ug/kg","SIM-M-Fe","SIM-Q02","","1","EQ","2026-09-01T11:15:00Z","2026-09-01T12:00:00Z","true","APPROVED","DEMO","SYNTHETIC","0.3"
"SIM-S0028-Q-pH","SIM-S0028","SIM-S0028-S","pH","10.0406","pH","SIM-M-pH","SIM-Q02","9.5","10.5","EQ","2026-09-01T12:45:00Z","2026-09-01T13:30:00Z","true","APPROVED","DEMO","SYNTHETIC","10"
"SIM-S0028-Q-Solids","SIM-S0028","SIM-S0028-S","Solids","10.0815","wt%","SIM-M-Solids","SIM-Q02","9.5","10.5","EQ","2026-09-01T12:45:00Z","2026-09-01T13:30:00Z","true","APPROVED","DEMO","SYNTHETIC","10"
"SIM-S0028-Q-Viscosity","SIM-S0028","SIM-S0028-S","Viscosity","1.6354","mPa.s","SIM-M-Viscosity","SIM-Q02","1.2","2.2","EQ","2026-09-01T12:45:00Z","2026-09-01T13:30:00Z","true","APPROVED","DEMO","SYNTHETIC","1.7"
"SIM-S0028-Q-D50","SIM-S0028","SIM-S0028-S","D50","88.1473","nm","SIM-M-D50","SIM-Q02","75","105","EQ","2026-09-01T12:45:00Z","2026-09-01T13:30:00Z","true","APPROVED","DEMO","SYNTHETIC","90"
"SIM-S0028-Q-D90","SIM-S0028","SIM-S0028-S","D90","131.4524","nm","SIM-M-D90","SIM-Q02","110","180","EQ","2026-09-01T12:45:00Z","2026-09-01T13:30:00Z","true","APPROVED","DEMO","SYNTHETIC","130"
"SIM-S0028-Q-LPC_0p5","SIM-S0028","SIM-S0028-S","LPC_0p5","1183.8137","count/mL","SIM-M-LPC_0p5","SIM-Q02","","3000","EQ","2026-09-01T12:45:00Z","2026-09-01T13:30:00Z","true","APPROVED","DEMO","SYNTHETIC","1000"
"SIM-S0028-Q-LPC_1p0","SIM-S0028","SIM-S0028-S","LPC_1p0","66.2501","count/mL","SIM-M-LPC_1p0","SIM-Q02","","600","EQ","2026-09-01T12:45:00Z","2026-09-01T13:30:00Z","true","APPROVED","DEMO","SYNTHETIC","80"
"SIM-S0028-Q-Zeta","SIM-S0028","SIM-S0028-S","Zeta","-38.3449","mV","SIM-M-Zeta","SIM-Q02","-50","-30","EQ","2026-09-01T12:45:00Z","2026-09-01T13:30:00Z","true","APPROVED","DEMO","SYNTHETIC","-40"
"SIM-S0028-Q-Fe","SIM-S0028","SIM-S0028-S","Fe","0.3139","ug/kg","SIM-M-Fe","SIM-Q02","","1","EQ","2026-09-01T12:45:00Z","2026-09-01T13:30:00Z","true","APPROVED","DEMO","SYNTHETIC","0.3"
"SIM-S0029-Q-pH","SIM-S0029","SIM-S0029-S","pH","10.0855","pH","SIM-M-pH","SIM-Q02","9.5","10.5","EQ","2026-09-01T12:45:00Z","2026-09-01T13:30:00Z","true","APPROVED","DEMO","SYNTHETIC","10"
"SIM-S0029-Q-Solids","SIM-S0029","SIM-S0029-S","Solids","9.9923","wt%","SIM-M-Solids","SIM-Q02","9.5","10.5","EQ","2026-09-01T12:45:00Z","2026-09-01T13:30:00Z","true","APPROVED","DEMO","SYNTHETIC","10"
"SIM-S0029-Q-Viscosity","SIM-S0029","SIM-S0029-S","Viscosity","1.7237","mPa.s","SIM-M-Viscosity","SIM-Q02","1.2","2.2","EQ","2026-09-01T12:45:00Z","2026-09-01T13:30:00Z","true","APPROVED","DEMO","SYNTHETIC","1.7"
"SIM-S0029-Q-D50","SIM-S0029","SIM-S0029-S","D50","89.5141","nm","SIM-M-D50","SIM-Q02","75","105","EQ","2026-09-01T12:45:00Z","2026-09-01T13:30:00Z","true","APPROVED","DEMO","SYNTHETIC","90"
"SIM-S0029-Q-D90","SIM-S0029","SIM-S0029-S","D90","123.9736","nm","SIM-M-D90","SIM-Q02","110","180","EQ","2026-09-01T12:45:00Z","2026-09-01T13:30:00Z","true","APPROVED","DEMO","SYNTHETIC","130"
"SIM-S0029-Q-LPC_0p5","SIM-S0029","SIM-S0029-S","LPC_0p5","943.3496","count/mL","SIM-M-LPC_0p5","SIM-Q02","","3000","EQ","2026-09-01T12:45:00Z","2026-09-01T13:30:00Z","true","APPROVED","DEMO","SYNTHETIC","1000"
"SIM-S0029-Q-LPC_1p0","SIM-S0029","SIM-S0029-S","LPC_1p0","86.3037","count/mL","SIM-M-LPC_1p0","SIM-Q02","","600","EQ","2026-09-01T12:45:00Z","2026-09-01T13:30:00Z","true","APPROVED","DEMO","SYNTHETIC","80"
"SIM-S0029-Q-Zeta","SIM-S0029","SIM-S0029-S","Zeta","-39.7137","mV","SIM-M-Zeta","SIM-Q02","-50","-30","EQ","2026-09-01T12:45:00Z","2026-09-01T13:30:00Z","true","APPROVED","DEMO","SYNTHETIC","-40"
"SIM-S0029-Q-Fe","SIM-S0029","SIM-S0029-S","Fe","0.3306","ug/kg","SIM-M-Fe","SIM-Q02","","1","EQ","2026-09-01T12:45:00Z","2026-09-01T13:30:00Z","true","APPROVED","DEMO","SYNTHETIC","0.3"
"SIM-S0030-Q-pH","SIM-S0030","SIM-S0030-S","pH","10.0513","pH","SIM-M-pH","SIM-Q02","9.5","10.5","EQ","2026-09-01T12:45:00Z","2026-09-01T13:30:00Z","true","APPROVED","DEMO","SYNTHETIC","10"
"SIM-S0030-Q-Solids","SIM-S0030","SIM-S0030-S","Solids","9.9724","wt%","SIM-M-Solids","SIM-Q02","9.5","10.5","EQ","2026-09-01T12:45:00Z","2026-09-01T13:30:00Z","true","APPROVED","DEMO","SYNTHETIC","10"
"SIM-S0030-Q-Viscosity","SIM-S0030","SIM-S0030-S","Viscosity","1.8127","mPa.s","SIM-M-Viscosity","SIM-Q02","1.2","2.2","EQ","2026-09-01T12:45:00Z","2026-09-01T13:30:00Z","true","APPROVED","DEMO","SYNTHETIC","1.7"
"SIM-S0030-Q-D50","SIM-S0030","SIM-S0030-S","D50","91.4342","nm","SIM-M-D50","SIM-Q02","75","105","EQ","2026-09-01T12:45:00Z","2026-09-01T13:30:00Z","true","APPROVED","DEMO","SYNTHETIC","90"
"SIM-S0030-Q-D90","SIM-S0030","SIM-S0030-S","D90","130.4252","nm","SIM-M-D90","SIM-Q02","110","180","EQ","2026-09-01T12:45:00Z","2026-09-01T13:30:00Z","true","APPROVED","DEMO","SYNTHETIC","130"
"SIM-S0030-Q-LPC_0p5","SIM-S0030","SIM-S0030-S","LPC_0p5","993.9064","count/mL","SIM-M-LPC_0p5","SIM-Q02","","3000","EQ","2026-09-01T12:45:00Z","2026-09-01T13:30:00Z","true","APPROVED","DEMO","SYNTHETIC","1000"
"SIM-S0030-Q-LPC_1p0","SIM-S0030","SIM-S0030-S","LPC_1p0","65.5398","count/mL","SIM-M-LPC_1p0","SIM-Q02","","600","EQ","2026-09-01T12:45:00Z","2026-09-01T13:30:00Z","true","APPROVED","DEMO","SYNTHETIC","80"
"SIM-S0030-Q-Zeta","SIM-S0030","SIM-S0030-S","Zeta","-39.1182","mV","SIM-M-Zeta","SIM-Q02","-50","-30","EQ","2026-09-01T12:45:00Z","2026-09-01T13:30:00Z","true","APPROVED","DEMO","SYNTHETIC","-40"
"SIM-S0030-Q-Fe","SIM-S0030","SIM-S0030-S","Fe","0.2867","ug/kg","SIM-M-Fe","SIM-Q02","","1","EQ","2026-09-01T12:45:00Z","2026-09-01T13:30:00Z","true","APPROVED","DEMO","SYNTHETIC","0.3"
"SIM-S0031-Q-pH","SIM-S0031","SIM-S0031-S","pH","9.9735","pH","SIM-M-pH","SIM-Q02","9.5","10.5","EQ","2026-09-01T14:15:00Z","2026-09-01T15:00:00Z","true","APPROVED","DEMO","SYNTHETIC","10"
"SIM-S0031-Q-Solids","SIM-S0031","SIM-S0031-S","Solids","10.0481","wt%","SIM-M-Solids","SIM-Q02","9.5","10.5","EQ","2026-09-01T14:15:00Z","2026-09-01T15:00:00Z","true","APPROVED","DEMO","SYNTHETIC","10"
"SIM-S0031-Q-Viscosity","SIM-S0031","SIM-S0031-S","Viscosity","1.6887","mPa.s","SIM-M-Viscosity","SIM-Q02","1.2","2.2","EQ","2026-09-01T14:15:00Z","2026-09-01T15:00:00Z","true","APPROVED","DEMO","SYNTHETIC","1.7"
"SIM-S0031-Q-D50","SIM-S0031","SIM-S0031-S","D50","89.2878","nm","SIM-M-D50","SIM-Q02","75","105","EQ","2026-09-01T14:15:00Z","2026-09-01T15:00:00Z","true","APPROVED","DEMO","SYNTHETIC","90"
"SIM-S0031-Q-D90","SIM-S0031","SIM-S0031-S","D90","129.3376","nm","SIM-M-D90","SIM-Q02","110","180","EQ","2026-09-01T14:15:00Z","2026-09-01T15:00:00Z","true","APPROVED","DEMO","SYNTHETIC","130"
"SIM-S0031-Q-LPC_0p5","SIM-S0031","SIM-S0031-S","LPC_0p5","1132.9725","count/mL","SIM-M-LPC_0p5","SIM-Q02","","3000","EQ","2026-09-01T14:15:00Z","2026-09-01T15:00:00Z","true","APPROVED","DEMO","SYNTHETIC","1000"
"SIM-S0031-Q-LPC_1p0","SIM-S0031","SIM-S0031-S","LPC_1p0","96.4894","count/mL","SIM-M-LPC_1p0","SIM-Q02","","600","EQ","2026-09-01T14:15:00Z","2026-09-01T15:00:00Z","true","APPROVED","DEMO","SYNTHETIC","80"
"SIM-S0031-Q-Zeta","SIM-S0031","SIM-S0031-S","Zeta","-39.7131","mV","SIM-M-Zeta","SIM-Q02","-50","-30","EQ","2026-09-01T14:15:00Z","2026-09-01T15:00:00Z","true","APPROVED","DEMO","SYNTHETIC","-40"
"SIM-S0031-Q-Fe","SIM-S0031","SIM-S0031-S","Fe","0.3749","ug/kg","SIM-M-Fe","SIM-Q02","","1","EQ","2026-09-01T14:15:00Z","2026-09-01T15:00:00Z","true","APPROVED","DEMO","SYNTHETIC","0.3"
"SIM-S0032-Q-pH","SIM-S0032","SIM-S0032-S","pH","9.9655","pH","SIM-M-pH","SIM-Q02","9.5","10.5","EQ","2026-09-01T14:15:00Z","2026-09-01T15:00:00Z","true","APPROVED","DEMO","SYNTHETIC","10"
"SIM-S0032-Q-Solids","SIM-S0032","SIM-S0032-S","Solids","9.9481","wt%","SIM-M-Solids","SIM-Q02","9.5","10.5","EQ","2026-09-01T14:15:00Z","2026-09-01T15:00:00Z","true","APPROVED","DEMO","SYNTHETIC","10"
"SIM-S0032-Q-Viscosity","SIM-S0032","SIM-S0032-S","Viscosity","1.7277","mPa.s","SIM-M-Viscosity","SIM-Q02","1.2","2.2","EQ","2026-09-01T14:15:00Z","2026-09-01T15:00:00Z","true","APPROVED","DEMO","SYNTHETIC","1.7"
"SIM-S0032-Q-D50","SIM-S0032","SIM-S0032-S","D50","89.9375","nm","SIM-M-D50","SIM-Q02","75","105","EQ","2026-09-01T14:15:00Z","2026-09-01T15:00:00Z","true","APPROVED","DEMO","SYNTHETIC","90"
"SIM-S0032-Q-D90","SIM-S0032","SIM-S0032-S","D90","140.6879","nm","SIM-M-D90","SIM-Q02","110","180","EQ","2026-09-01T14:15:00Z","2026-09-01T15:00:00Z","true","APPROVED","DEMO","SYNTHETIC","130"
"SIM-S0032-Q-LPC_0p5","SIM-S0032","SIM-S0032-S","LPC_0p5","901.9177","count/mL","SIM-M-LPC_0p5","SIM-Q02","","3000","EQ","2026-09-01T14:15:00Z","2026-09-01T15:00:00Z","true","APPROVED","DEMO","SYNTHETIC","1000"
"SIM-S0032-Q-LPC_1p0","SIM-S0032","SIM-S0032-S","LPC_1p0","53.0972","count/mL","SIM-M-LPC_1p0","SIM-Q02","","600","EQ","2026-09-01T14:15:00Z","2026-09-01T15:00:00Z","true","APPROVED","DEMO","SYNTHETIC","80"
"SIM-S0032-Q-Zeta","SIM-S0032","SIM-S0032-S","Zeta","-40.0544","mV","SIM-M-Zeta","SIM-Q02","-50","-30","EQ","2026-09-01T14:15:00Z","2026-09-01T15:00:00Z","true","APPROVED","DEMO","SYNTHETIC","-40"
"SIM-S0032-Q-Fe","SIM-S0032","SIM-S0032-S","Fe","0.3033","ug/kg","SIM-M-Fe","SIM-Q02","","1","EQ","2026-09-01T14:15:00Z","2026-09-01T15:00:00Z","true","APPROVED","DEMO","SYNTHETIC","0.3"
"SIM-S0033-Q-pH","SIM-S0033","SIM-S0033-S","pH","9.9635","pH","SIM-M-pH","SIM-Q02","9.5","10.5","EQ","2026-09-01T14:15:00Z","2026-09-01T15:00:00Z","true","APPROVED","DEMO","SYNTHETIC","10"
"SIM-S0033-Q-Solids","SIM-S0033","SIM-S0033-S","Solids","10.096","wt%","SIM-M-Solids","SIM-Q02","9.5","10.5","EQ","2026-09-01T14:15:00Z","2026-09-01T15:00:00Z","true","APPROVED","DEMO","SYNTHETIC","10"
"SIM-S0033-Q-Viscosity","SIM-S0033","SIM-S0033-S","Viscosity","1.6991","mPa.s","SIM-M-Viscosity","SIM-Q02","1.2","2.2","EQ","2026-09-01T14:15:00Z","2026-09-01T15:00:00Z","true","APPROVED","DEMO","SYNTHETIC","1.7"
"SIM-S0033-Q-D50","SIM-S0033","SIM-S0033-S","D50","91.4511","nm","SIM-M-D50","SIM-Q02","75","105","EQ","2026-09-01T14:15:00Z","2026-09-01T15:00:00Z","true","APPROVED","DEMO","SYNTHETIC","90"
"SIM-S0033-Q-D90","SIM-S0033","SIM-S0033-S","D90","135.561","nm","SIM-M-D90","SIM-Q02","110","180","EQ","2026-09-01T14:15:00Z","2026-09-01T15:00:00Z","true","APPROVED","DEMO","SYNTHETIC","130"
"SIM-S0033-Q-LPC_0p5","SIM-S0033","SIM-S0033-S","LPC_0p5","1087.2206","count/mL","SIM-M-LPC_0p5","SIM-Q02","","3000","EQ","2026-09-01T14:15:00Z","2026-09-01T15:00:00Z","true","APPROVED","DEMO","SYNTHETIC","1000"
"SIM-S0033-Q-LPC_1p0","SIM-S0033","SIM-S0033-S","LPC_1p0","73.4769","count/mL","SIM-M-LPC_1p0","SIM-Q02","","600","EQ","2026-09-01T14:15:00Z","2026-09-01T15:00:00Z","true","APPROVED","DEMO","SYNTHETIC","80"
"SIM-S0033-Q-Zeta","SIM-S0033","SIM-S0033-S","Zeta","-38.9133","mV","SIM-M-Zeta","SIM-Q02","-50","-30","EQ","2026-09-01T14:15:00Z","2026-09-01T15:00:00Z","true","APPROVED","DEMO","SYNTHETIC","-40"
"SIM-S0033-Q-Fe","SIM-S0033","SIM-S0033-S","Fe","0.2788","ug/kg","SIM-M-Fe","SIM-Q02","","1","EQ","2026-09-01T14:15:00Z","2026-09-01T15:00:00Z","true","APPROVED","DEMO","SYNTHETIC","0.3"
"SIM-S0034-Q-pH","SIM-S0034","SIM-S0034-S","pH","9.9322","pH","SIM-M-pH","SIM-Q02","9.5","10.5","EQ","2026-09-01T15:45:00Z","2026-09-01T16:30:00Z","true","APPROVED","DEMO","SYNTHETIC","10"
"SIM-S0034-Q-Solids","SIM-S0034","SIM-S0034-S","Solids","9.9455","wt%","SIM-M-Solids","SIM-Q02","9.5","10.5","EQ","2026-09-01T15:45:00Z","2026-09-01T16:30:00Z","true","APPROVED","DEMO","SYNTHETIC","10"
"SIM-S0034-Q-Viscosity","SIM-S0034","SIM-S0034-S","Viscosity","1.748","mPa.s","SIM-M-Viscosity","SIM-Q02","1.2","2.2","EQ","2026-09-01T15:45:00Z","2026-09-01T16:30:00Z","true","APPROVED","DEMO","SYNTHETIC","1.7"
"SIM-S0034-Q-D50","SIM-S0034","SIM-S0034-S","D50","93.5732","nm","SIM-M-D50","SIM-Q02","75","105","EQ","2026-09-01T15:45:00Z","2026-09-01T16:30:00Z","true","APPROVED","DEMO","SYNTHETIC","90"
"SIM-S0034-Q-D90","SIM-S0034","SIM-S0034-S","D90","127.7628","nm","SIM-M-D90","SIM-Q02","110","180","EQ","2026-09-01T15:45:00Z","2026-09-01T16:30:00Z","true","APPROVED","DEMO","SYNTHETIC","130"
"SIM-S0034-Q-LPC_0p5","SIM-S0034","SIM-S0034-S","LPC_0p5","906.6236","count/mL","SIM-M-LPC_0p5","SIM-Q02","","3000","EQ","2026-09-01T15:45:00Z","2026-09-01T16:30:00Z","true","APPROVED","DEMO","SYNTHETIC","1000"
"SIM-S0034-Q-LPC_1p0","SIM-S0034","SIM-S0034-S","LPC_1p0","76.2419","count/mL","SIM-M-LPC_1p0","SIM-Q02","","600","EQ","2026-09-01T15:45:00Z","2026-09-01T16:30:00Z","true","APPROVED","DEMO","SYNTHETIC","80"
"SIM-S0034-Q-Zeta","SIM-S0034","SIM-S0034-S","Zeta","-40.1812","mV","SIM-M-Zeta","SIM-Q02","-50","-30","EQ","2026-09-01T15:45:00Z","2026-09-01T16:30:00Z","true","APPROVED","DEMO","SYNTHETIC","-40"
"SIM-S0034-Q-Fe","SIM-S0034","SIM-S0034-S","Fe","0.261","ug/kg","SIM-M-Fe","SIM-Q02","","1","EQ","2026-09-01T15:45:00Z","2026-09-01T16:30:00Z","true","APPROVED","DEMO","SYNTHETIC","0.3"
"SIM-S0035-Q-pH","SIM-S0035","SIM-S0035-S","pH","9.9934","pH","SIM-M-pH","SIM-Q02","9.5","10.5","EQ","2026-09-01T15:45:00Z","2026-09-01T16:30:00Z","true","APPROVED","DEMO","SYNTHETIC","10"
"SIM-S0035-Q-Solids","SIM-S0035","SIM-S0035-S","Solids","9.9426","wt%","SIM-M-Solids","SIM-Q02","9.5","10.5","EQ","2026-09-01T15:45:00Z","2026-09-01T16:30:00Z","true","APPROVED","DEMO","SYNTHETIC","10"
"SIM-S0035-Q-Viscosity","SIM-S0035","SIM-S0035-S","Viscosity","1.7429","mPa.s","SIM-M-Viscosity","SIM-Q02","1.2","2.2","EQ","2026-09-01T15:45:00Z","2026-09-01T16:30:00Z","true","APPROVED","DEMO","SYNTHETIC","1.7"
"SIM-S0035-Q-D50","SIM-S0035","SIM-S0035-S","D50","89.9832","nm","SIM-M-D50","SIM-Q02","75","105","EQ","2026-09-01T15:45:00Z","2026-09-01T16:30:00Z","true","APPROVED","DEMO","SYNTHETIC","90"
"SIM-S0035-Q-D90","SIM-S0035","SIM-S0035-S","D90","143.0273","nm","SIM-M-D90","SIM-Q02","110","180","EQ","2026-09-01T15:45:00Z","2026-09-01T16:30:00Z","true","APPROVED","DEMO","SYNTHETIC","130"
"SIM-S0035-Q-LPC_0p5","SIM-S0035","SIM-S0035-S","LPC_0p5","887.3599","count/mL","SIM-M-LPC_0p5","SIM-Q02","","3000","EQ","2026-09-01T15:45:00Z","2026-09-01T16:30:00Z","true","APPROVED","DEMO","SYNTHETIC","1000"
"SIM-S0035-Q-LPC_1p0","SIM-S0035","SIM-S0035-S","LPC_1p0","102.2107","count/mL","SIM-M-LPC_1p0","SIM-Q02","","600","EQ","2026-09-01T15:45:00Z","2026-09-01T16:30:00Z","true","APPROVED","DEMO","SYNTHETIC","80"
"SIM-S0035-Q-Zeta","SIM-S0035","SIM-S0035-S","Zeta","-40.3223","mV","SIM-M-Zeta","SIM-Q02","-50","-30","EQ","2026-09-01T15:45:00Z","2026-09-01T16:30:00Z","true","APPROVED","DEMO","SYNTHETIC","-40"
"SIM-S0035-Q-Fe","SIM-S0035","SIM-S0035-S","Fe","0.3199","ug/kg","SIM-M-Fe","SIM-Q02","","1","EQ","2026-09-01T15:45:00Z","2026-09-01T16:30:00Z","true","APPROVED","DEMO","SYNTHETIC","0.3"
"SIM-S0036-Q-pH","SIM-S0036","SIM-S0036-S","pH","10.177","pH","SIM-M-pH","SIM-Q02","9.5","10.5","EQ","2026-09-01T15:45:00Z","2026-09-01T16:30:00Z","true","APPROVED","DEMO","SYNTHETIC","10"
"SIM-S0036-Q-Solids","SIM-S0036","SIM-S0036-S","Solids","9.9375","wt%","SIM-M-Solids","SIM-Q02","9.5","10.5","EQ","2026-09-01T15:45:00Z","2026-09-01T16:30:00Z","true","APPROVED","DEMO","SYNTHETIC","10"
"SIM-S0036-Q-Viscosity","SIM-S0036","SIM-S0036-S","Viscosity","1.6851","mPa.s","SIM-M-Viscosity","SIM-Q02","1.2","2.2","EQ","2026-09-01T15:45:00Z","2026-09-01T16:30:00Z","true","APPROVED","DEMO","SYNTHETIC","1.7"
"SIM-S0036-Q-D50","SIM-S0036","SIM-S0036-S","D50","88.1748","nm","SIM-M-D50","SIM-Q02","75","105","EQ","2026-09-01T15:45:00Z","2026-09-01T16:30:00Z","true","APPROVED","DEMO","SYNTHETIC","90"
"SIM-S0036-Q-D90","SIM-S0036","SIM-S0036-S","D90","133.8915","nm","SIM-M-D90","SIM-Q02","110","180","EQ","2026-09-01T15:45:00Z","2026-09-01T16:30:00Z","true","APPROVED","DEMO","SYNTHETIC","130"
"SIM-S0036-Q-LPC_0p5","SIM-S0036","SIM-S0036-S","LPC_0p5","1017.063","count/mL","SIM-M-LPC_0p5","SIM-Q02","","3000","EQ","2026-09-01T15:45:00Z","2026-09-01T16:30:00Z","true","APPROVED","DEMO","SYNTHETIC","1000"
"SIM-S0036-Q-LPC_1p0","SIM-S0036","SIM-S0036-S","LPC_1p0","85.7761","count/mL","SIM-M-LPC_1p0","SIM-Q02","","600","EQ","2026-09-01T15:45:00Z","2026-09-01T16:30:00Z","true","APPROVED","DEMO","SYNTHETIC","80"
"SIM-S0036-Q-Zeta","SIM-S0036","SIM-S0036-S","Zeta","-39.2392","mV","SIM-M-Zeta","SIM-Q02","-50","-30","EQ","2026-09-01T15:45:00Z","2026-09-01T16:30:00Z","true","APPROVED","DEMO","SYNTHETIC","-40"
"SIM-S0036-Q-Fe","SIM-S0036","SIM-S0036-S","Fe","0.2851","ug/kg","SIM-M-Fe","SIM-Q02","","1","EQ","2026-09-01T15:45:00Z","2026-09-01T16:30:00Z","true","APPROVED","DEMO","SYNTHETIC","0.3"
"SIM-S0037-Q-pH","SIM-S0037","SIM-S0037-S","pH","10.0925","pH","SIM-M-pH","SIM-Q02","9.5","10.5","EQ","2026-09-01T17:15:00Z","2026-09-01T18:00:00Z","true","APPROVED","DEMO","SYNTHETIC","10"
"SIM-S0037-Q-Solids","SIM-S0037","SIM-S0037-S","Solids","10.0979","wt%","SIM-M-Solids","SIM-Q02","9.5","10.5","EQ","2026-09-01T17:15:00Z","2026-09-01T18:00:00Z","true","APPROVED","DEMO","SYNTHETIC","10"
"SIM-S0037-Q-Viscosity","SIM-S0037","SIM-S0037-S","Viscosity","1.7078","mPa.s","SIM-M-Viscosity","SIM-Q02","1.2","2.2","EQ","2026-09-01T17:15:00Z","2026-09-01T18:00:00Z","true","APPROVED","DEMO","SYNTHETIC","1.7"
"SIM-S0037-Q-D50","SIM-S0037","SIM-S0037-S","D50","90.0897","nm","SIM-M-D50","SIM-Q02","75","105","EQ","2026-09-01T17:15:00Z","2026-09-01T18:00:00Z","true","APPROVED","DEMO","SYNTHETIC","90"
"SIM-S0037-Q-D90","SIM-S0037","SIM-S0037-S","D90","125.6117","nm","SIM-M-D90","SIM-Q02","110","180","EQ","2026-09-01T17:15:00Z","2026-09-01T18:00:00Z","true","APPROVED","DEMO","SYNTHETIC","130"
"SIM-S0037-Q-LPC_0p5","SIM-S0037","SIM-S0037-S","LPC_0p5","989.7419","count/mL","SIM-M-LPC_0p5","SIM-Q02","","3000","EQ","2026-09-01T17:15:00Z","2026-09-01T18:00:00Z","true","APPROVED","DEMO","SYNTHETIC","1000"
"SIM-S0037-Q-LPC_1p0","SIM-S0037","SIM-S0037-S","LPC_1p0","59.1507","count/mL","SIM-M-LPC_1p0","SIM-Q02","","600","EQ","2026-09-01T17:15:00Z","2026-09-01T18:00:00Z","true","APPROVED","DEMO","SYNTHETIC","80"
"SIM-S0037-Q-Zeta","SIM-S0037","SIM-S0037-S","Zeta","-40.1119","mV","SIM-M-Zeta","SIM-Q02","-50","-30","EQ","2026-09-01T17:15:00Z","2026-09-01T18:00:00Z","true","APPROVED","DEMO","SYNTHETIC","-40"
"SIM-S0037-Q-Fe","SIM-S0037","SIM-S0037-S","Fe","0.2229","ug/kg","SIM-M-Fe","SIM-Q02","","1","EQ","2026-09-01T17:15:00Z","2026-09-01T18:00:00Z","true","APPROVED","DEMO","SYNTHETIC","0.3"
"SIM-S0038-Q-pH","SIM-S0038","SIM-S0038-S","pH","10.047","pH","SIM-M-pH","SIM-Q02","9.5","10.5","EQ","2026-09-01T17:15:00Z","2026-09-01T18:00:00Z","true","APPROVED","DEMO","SYNTHETIC","10"
"SIM-S0038-Q-Solids","SIM-S0038","SIM-S0038-S","Solids","9.7652","wt%","SIM-M-Solids","SIM-Q02","9.5","10.5","EQ","2026-09-01T17:15:00Z","2026-09-01T18:00:00Z","true","APPROVED","DEMO","SYNTHETIC","10"
"SIM-S0038-Q-Viscosity","SIM-S0038","SIM-S0038-S","Viscosity","1.7439","mPa.s","SIM-M-Viscosity","SIM-Q02","1.2","2.2","EQ","2026-09-01T17:15:00Z","2026-09-01T18:00:00Z","true","APPROVED","DEMO","SYNTHETIC","1.7"
"SIM-S0038-Q-D50","SIM-S0038","SIM-S0038-S","D50","88.8231","nm","SIM-M-D50","SIM-Q02","75","105","EQ","2026-09-01T17:15:00Z","2026-09-01T18:00:00Z","true","APPROVED","DEMO","SYNTHETIC","90"
"SIM-S0038-Q-D90","SIM-S0038","SIM-S0038-S","D90","124.7538","nm","SIM-M-D90","SIM-Q02","110","180","EQ","2026-09-01T17:15:00Z","2026-09-01T18:00:00Z","true","APPROVED","DEMO","SYNTHETIC","130"
"SIM-S0038-Q-LPC_0p5","SIM-S0038","SIM-S0038-S","LPC_0p5","848.1248","count/mL","SIM-M-LPC_0p5","SIM-Q02","","3000","EQ","2026-09-01T17:15:00Z","2026-09-01T18:00:00Z","true","APPROVED","DEMO","SYNTHETIC","1000"
"SIM-S0038-Q-LPC_1p0","SIM-S0038","SIM-S0038-S","LPC_1p0","80.7037","count/mL","SIM-M-LPC_1p0","SIM-Q02","","600","EQ","2026-09-01T17:15:00Z","2026-09-01T18:00:00Z","true","APPROVED","DEMO","SYNTHETIC","80"
"SIM-S0038-Q-Zeta","SIM-S0038","SIM-S0038-S","Zeta","-39.7555","mV","SIM-M-Zeta","SIM-Q02","-50","-30","EQ","2026-09-01T17:15:00Z","2026-09-01T18:00:00Z","true","APPROVED","DEMO","SYNTHETIC","-40"
"SIM-S0038-Q-Fe","SIM-S0038","SIM-S0038-S","Fe","0.2985","ug/kg","SIM-M-Fe","SIM-Q02","","1","EQ","2026-09-01T17:15:00Z","2026-09-01T18:00:00Z","true","APPROVED","DEMO","SYNTHETIC","0.3"
"SIM-S0039-Q-pH","SIM-S0039","SIM-S0039-S","pH","9.9625","pH","SIM-M-pH","SIM-Q02","9.5","10.5","EQ","2026-09-01T17:15:00Z","2026-09-01T18:00:00Z","true","APPROVED","DEMO","SYNTHETIC","10"
"SIM-S0039-Q-Solids","SIM-S0039","SIM-S0039-S","Solids","10.0547","wt%","SIM-M-Solids","SIM-Q02","9.5","10.5","EQ","2026-09-01T17:15:00Z","2026-09-01T18:00:00Z","true","APPROVED","DEMO","SYNTHETIC","10"
"SIM-S0039-Q-Viscosity","SIM-S0039","SIM-S0039-S","Viscosity","1.7333","mPa.s","SIM-M-Viscosity","SIM-Q02","1.2","2.2","EQ","2026-09-01T17:15:00Z","2026-09-01T18:00:00Z","true","APPROVED","DEMO","SYNTHETIC","1.7"
"SIM-S0039-Q-D50","SIM-S0039","SIM-S0039-S","D50","87.4572","nm","SIM-M-D50","SIM-Q02","75","105","EQ","2026-09-01T17:15:00Z","2026-09-01T18:00:00Z","true","APPROVED","DEMO","SYNTHETIC","90"
"SIM-S0039-Q-D90","SIM-S0039","SIM-S0039-S","D90","129.8129","nm","SIM-M-D90","SIM-Q02","110","180","EQ","2026-09-01T17:15:00Z","2026-09-01T18:00:00Z","true","APPROVED","DEMO","SYNTHETIC","130"
"SIM-S0039-Q-LPC_0p5","SIM-S0039","SIM-S0039-S","LPC_0p5","980.6941","count/mL","SIM-M-LPC_0p5","SIM-Q02","","3000","EQ","2026-09-01T17:15:00Z","2026-09-01T18:00:00Z","true","APPROVED","DEMO","SYNTHETIC","1000"
"SIM-S0039-Q-LPC_1p0","SIM-S0039","SIM-S0039-S","LPC_1p0","82.0876","count/mL","SIM-M-LPC_1p0","SIM-Q02","","600","EQ","2026-09-01T17:15:00Z","2026-09-01T18:00:00Z","true","APPROVED","DEMO","SYNTHETIC","80"
"SIM-S0039-Q-Zeta","SIM-S0039","SIM-S0039-S","Zeta","-39.0862","mV","SIM-M-Zeta","SIM-Q02","-50","-30","EQ","2026-09-01T17:15:00Z","2026-09-01T18:00:00Z","true","APPROVED","DEMO","SYNTHETIC","-40"
"SIM-S0039-Q-Fe","SIM-S0039","SIM-S0039-S","Fe","0.3293","ug/kg","SIM-M-Fe","SIM-Q02","","1","EQ","2026-09-01T17:15:00Z","2026-09-01T18:00:00Z","true","APPROVED","DEMO","SYNTHETIC","0.3"
"SIM-S0040-Q-pH","SIM-S0040","SIM-S0040-S","pH","10.0586","pH","SIM-M-pH","SIM-Q02","9.5","10.5","EQ","2026-09-01T18:45:00Z","2026-09-01T19:30:00Z","true","APPROVED","DEMO","SYNTHETIC","10"
"SIM-S0040-Q-Solids","SIM-S0040","SIM-S0040-S","Solids","9.9876","wt%","SIM-M-Solids","SIM-Q02","9.5","10.5","EQ","2026-09-01T18:45:00Z","2026-09-01T19:30:00Z","true","APPROVED","DEMO","SYNTHETIC","10"
"SIM-S0040-Q-Viscosity","SIM-S0040","SIM-S0040-S","Viscosity","1.6724","mPa.s","SIM-M-Viscosity","SIM-Q02","1.2","2.2","EQ","2026-09-01T18:45:00Z","2026-09-01T19:30:00Z","true","APPROVED","DEMO","SYNTHETIC","1.7"
"SIM-S0040-Q-D50","SIM-S0040","SIM-S0040-S","D50","87.5205","nm","SIM-M-D50","SIM-Q02","75","105","EQ","2026-09-01T18:45:00Z","2026-09-01T19:30:00Z","true","APPROVED","DEMO","SYNTHETIC","90"
"SIM-S0040-Q-D90","SIM-S0040","SIM-S0040-S","D90","121.6109","nm","SIM-M-D90","SIM-Q02","110","180","EQ","2026-09-01T18:45:00Z","2026-09-01T19:30:00Z","true","APPROVED","DEMO","SYNTHETIC","130"
"SIM-S0040-Q-LPC_0p5","SIM-S0040","SIM-S0040-S","LPC_0p5","951.6266","count/mL","SIM-M-LPC_0p5","SIM-Q02","","3000","EQ","2026-09-01T18:45:00Z","2026-09-01T19:30:00Z","true","APPROVED","DEMO","SYNTHETIC","1000"
"SIM-S0040-Q-LPC_1p0","SIM-S0040","SIM-S0040-S","LPC_1p0","93.9398","count/mL","SIM-M-LPC_1p0","SIM-Q02","","600","EQ","2026-09-01T18:45:00Z","2026-09-01T19:30:00Z","true","APPROVED","DEMO","SYNTHETIC","80"
"SIM-S0040-Q-Zeta","SIM-S0040","SIM-S0040-S","Zeta","-41.2968","mV","SIM-M-Zeta","SIM-Q02","-50","-30","EQ","2026-09-01T18:45:00Z","2026-09-01T19:30:00Z","true","APPROVED","DEMO","SYNTHETIC","-40"
"SIM-S0040-Q-Fe","SIM-S0040","SIM-S0040-S","Fe","0.3141","ug/kg","SIM-M-Fe","SIM-Q02","","1","EQ","2026-09-01T18:45:00Z","2026-09-01T19:30:00Z","true","APPROVED","DEMO","SYNTHETIC","0.3"
"SIM-S0041-Q-pH","SIM-S0041","SIM-S0041-S","pH","9.9975","pH","SIM-M-pH","SIM-Q02","9.5","10.5","EQ","2026-09-01T18:45:00Z","2026-09-01T19:30:00Z","true","APPROVED","DEMO","SYNTHETIC","10"
"SIM-S0041-Q-Solids","SIM-S0041","SIM-S0041-S","Solids","9.9782","wt%","SIM-M-Solids","SIM-Q02","9.5","10.5","EQ","2026-09-01T18:45:00Z","2026-09-01T19:30:00Z","true","APPROVED","DEMO","SYNTHETIC","10"
"SIM-S0041-Q-Viscosity","SIM-S0041","SIM-S0041-S","Viscosity","1.6957","mPa.s","SIM-M-Viscosity","SIM-Q02","1.2","2.2","EQ","2026-09-01T18:45:00Z","2026-09-01T19:30:00Z","true","APPROVED","DEMO","SYNTHETIC","1.7"
"SIM-S0041-Q-D50","SIM-S0041","SIM-S0041-S","D50","92.1418","nm","SIM-M-D50","SIM-Q02","75","105","EQ","2026-09-01T18:45:00Z","2026-09-01T19:30:00Z","true","APPROVED","DEMO","SYNTHETIC","90"
"SIM-S0041-Q-D90","SIM-S0041","SIM-S0041-S","D90","132.0354","nm","SIM-M-D90","SIM-Q02","110","180","EQ","2026-09-01T18:45:00Z","2026-09-01T19:30:00Z","true","APPROVED","DEMO","SYNTHETIC","130"
"SIM-S0041-Q-LPC_0p5","SIM-S0041","SIM-S0041-S","LPC_0p5","1155.6625","count/mL","SIM-M-LPC_0p5","SIM-Q02","","3000","EQ","2026-09-01T18:45:00Z","2026-09-01T19:30:00Z","true","APPROVED","DEMO","SYNTHETIC","1000"
"SIM-S0041-Q-LPC_1p0","SIM-S0041","SIM-S0041-S","LPC_1p0","92.192","count/mL","SIM-M-LPC_1p0","SIM-Q02","","600","EQ","2026-09-01T18:45:00Z","2026-09-01T19:30:00Z","true","APPROVED","DEMO","SYNTHETIC","80"
"SIM-S0041-Q-Zeta","SIM-S0041","SIM-S0041-S","Zeta","-39.9284","mV","SIM-M-Zeta","SIM-Q02","-50","-30","EQ","2026-09-01T18:45:00Z","2026-09-01T19:30:00Z","true","APPROVED","DEMO","SYNTHETIC","-40"
"SIM-S0041-Q-Fe","SIM-S0041","SIM-S0041-S","Fe","0.2965","ug/kg","SIM-M-Fe","SIM-Q02","","1","EQ","2026-09-01T18:45:00Z","2026-09-01T19:30:00Z","true","APPROVED","DEMO","SYNTHETIC","0.3"
"SIM-S0042-Q-pH","SIM-S0042","SIM-S0042-S","pH","9.9477","pH","SIM-M-pH","SIM-Q02","9.5","10.5","EQ","2026-09-01T18:45:00Z","2026-09-01T19:30:00Z","true","APPROVED","DEMO","SYNTHETIC","10"
"SIM-S0042-Q-Solids","SIM-S0042","SIM-S0042-S","Solids","9.9881","wt%","SIM-M-Solids","SIM-Q02","9.5","10.5","EQ","2026-09-01T18:45:00Z","2026-09-01T19:30:00Z","true","APPROVED","DEMO","SYNTHETIC","10"
"SIM-S0042-Q-Viscosity","SIM-S0042","SIM-S0042-S","Viscosity","1.7026","mPa.s","SIM-M-Viscosity","SIM-Q02","1.2","2.2","EQ","2026-09-01T18:45:00Z","2026-09-01T19:30:00Z","true","APPROVED","DEMO","SYNTHETIC","1.7"
"SIM-S0042-Q-D50","SIM-S0042","SIM-S0042-S","D50","91.4091","nm","SIM-M-D50","SIM-Q02","75","105","EQ","2026-09-01T18:45:00Z","2026-09-01T19:30:00Z","true","APPROVED","DEMO","SYNTHETIC","90"
"SIM-S0042-Q-D90","SIM-S0042","SIM-S0042-S","D90","133.9486","nm","SIM-M-D90","SIM-Q02","110","180","EQ","2026-09-01T18:45:00Z","2026-09-01T19:30:00Z","true","APPROVED","DEMO","SYNTHETIC","130"
"SIM-S0042-Q-LPC_0p5","SIM-S0042","SIM-S0042-S","LPC_0p5","922.6634","count/mL","SIM-M-LPC_0p5","SIM-Q02","","3000","EQ","2026-09-01T18:45:00Z","2026-09-01T19:30:00Z","true","APPROVED","DEMO","SYNTHETIC","1000"
"SIM-S0042-Q-LPC_1p0","SIM-S0042","SIM-S0042-S","LPC_1p0","88.9165","count/mL","SIM-M-LPC_1p0","SIM-Q02","","600","EQ","2026-09-01T18:45:00Z","2026-09-01T19:30:00Z","true","APPROVED","DEMO","SYNTHETIC","80"
"SIM-S0042-Q-Zeta","SIM-S0042","SIM-S0042-S","Zeta","-38.1951","mV","SIM-M-Zeta","SIM-Q02","-50","-30","EQ","2026-09-01T18:45:00Z","2026-09-01T19:30:00Z","true","APPROVED","DEMO","SYNTHETIC","-40"
"SIM-S0042-Q-Fe","SIM-S0042","SIM-S0042-S","Fe","0.2921","ug/kg","SIM-M-Fe","SIM-Q02","","1","EQ","2026-09-01T18:45:00Z","2026-09-01T19:30:00Z","true","APPROVED","DEMO","SYNTHETIC","0.3"
"SIM-S0043-Q-pH","SIM-S0043","SIM-S0043-S","pH","9.9289","pH","SIM-M-pH","SIM-Q02","9.5","10.5","EQ","2026-09-01T20:15:00Z","2026-09-01T21:00:00Z","true","APPROVED","DEMO","SYNTHETIC","10"
"SIM-S0043-Q-Solids","SIM-S0043","SIM-S0043-S","Solids","9.9316","wt%","SIM-M-Solids","SIM-Q02","9.5","10.5","EQ","2026-09-01T20:15:00Z","2026-09-01T21:00:00Z","true","APPROVED","DEMO","SYNTHETIC","10"
"SIM-S0043-Q-Viscosity","SIM-S0043","SIM-S0043-S","Viscosity","1.8098","mPa.s","SIM-M-Viscosity","SIM-Q02","1.2","2.2","EQ","2026-09-01T20:15:00Z","2026-09-01T21:00:00Z","true","APPROVED","DEMO","SYNTHETIC","1.7"
"SIM-S0043-Q-D50","SIM-S0043","SIM-S0043-S","D50","94.4051","nm","SIM-M-D50","SIM-Q02","75","105","EQ","2026-09-01T20:15:00Z","2026-09-01T21:00:00Z","true","APPROVED","DEMO","SYNTHETIC","90"
"SIM-S0043-Q-D90","SIM-S0043","SIM-S0043-S","D90","128.617","nm","SIM-M-D90","SIM-Q02","110","180","EQ","2026-09-01T20:15:00Z","2026-09-01T21:00:00Z","true","APPROVED","DEMO","SYNTHETIC","130"
"SIM-S0043-Q-LPC_0p5","SIM-S0043","SIM-S0043-S","LPC_0p5","1100.8555","count/mL","SIM-M-LPC_0p5","SIM-Q02","","3000","EQ","2026-09-01T20:15:00Z","2026-09-01T21:00:00Z","true","APPROVED","DEMO","SYNTHETIC","1000"
"SIM-S0043-Q-LPC_1p0","SIM-S0043","SIM-S0043-S","LPC_1p0","95.0798","count/mL","SIM-M-LPC_1p0","SIM-Q02","","600","EQ","2026-09-01T20:15:00Z","2026-09-01T21:00:00Z","true","APPROVED","DEMO","SYNTHETIC","80"
"SIM-S0043-Q-Zeta","SIM-S0043","SIM-S0043-S","Zeta","-39.8977","mV","SIM-M-Zeta","SIM-Q02","-50","-30","EQ","2026-09-01T20:15:00Z","2026-09-01T21:00:00Z","true","APPROVED","DEMO","SYNTHETIC","-40"
"SIM-S0043-Q-Fe","SIM-S0043","SIM-S0043-S","Fe","0.3091","ug/kg","SIM-M-Fe","SIM-Q02","","1","EQ","2026-09-01T20:15:00Z","2026-09-01T21:00:00Z","true","APPROVED","DEMO","SYNTHETIC","0.3"
"SIM-S0044-Q-pH","SIM-S0044","SIM-S0044-S","pH","10.1083","pH","SIM-M-pH","SIM-Q02","9.5","10.5","EQ","2026-09-01T20:15:00Z","2026-09-01T21:00:00Z","true","APPROVED","DEMO","SYNTHETIC","10"
"SIM-S0044-Q-Solids","SIM-S0044","SIM-S0044-S","Solids","9.9465","wt%","SIM-M-Solids","SIM-Q02","9.5","10.5","EQ","2026-09-01T20:15:00Z","2026-09-01T21:00:00Z","true","APPROVED","DEMO","SYNTHETIC","10"
"SIM-S0044-Q-Viscosity","SIM-S0044","SIM-S0044-S","Viscosity","1.6822","mPa.s","SIM-M-Viscosity","SIM-Q02","1.2","2.2","EQ","2026-09-01T20:15:00Z","2026-09-01T21:00:00Z","true","APPROVED","DEMO","SYNTHETIC","1.7"
"SIM-S0044-Q-D50","SIM-S0044","SIM-S0044-S","D50","90.6603","nm","SIM-M-D50","SIM-Q02","75","105","EQ","2026-09-01T20:15:00Z","2026-09-01T21:00:00Z","true","APPROVED","DEMO","SYNTHETIC","90"
"SIM-S0044-Q-D90","SIM-S0044","SIM-S0044-S","D90","129.1262","nm","SIM-M-D90","SIM-Q02","110","180","EQ","2026-09-01T20:15:00Z","2026-09-01T21:00:00Z","true","APPROVED","DEMO","SYNTHETIC","130"
"SIM-S0044-Q-LPC_0p5","SIM-S0044","SIM-S0044-S","LPC_0p5","947.4611","count/mL","SIM-M-LPC_0p5","SIM-Q02","","3000","EQ","2026-09-01T20:15:00Z","2026-09-01T21:00:00Z","true","APPROVED","DEMO","SYNTHETIC","1000"
"SIM-S0044-Q-LPC_1p0","SIM-S0044","SIM-S0044-S","LPC_1p0","75.6619","count/mL","SIM-M-LPC_1p0","SIM-Q02","","600","EQ","2026-09-01T20:15:00Z","2026-09-01T21:00:00Z","true","APPROVED","DEMO","SYNTHETIC","80"
"SIM-S0044-Q-Zeta","SIM-S0044","SIM-S0044-S","Zeta","-39.2333","mV","SIM-M-Zeta","SIM-Q02","-50","-30","EQ","2026-09-01T20:15:00Z","2026-09-01T21:00:00Z","true","APPROVED","DEMO","SYNTHETIC","-40"
"SIM-S0044-Q-Fe","SIM-S0044","SIM-S0044-S","Fe","0.3502","ug/kg","SIM-M-Fe","SIM-Q02","","1","EQ","2026-09-01T20:15:00Z","2026-09-01T21:00:00Z","true","APPROVED","DEMO","SYNTHETIC","0.3"
"SIM-S0045-Q-pH","SIM-S0045","SIM-S0045-S","pH","9.9146","pH","SIM-M-pH","SIM-Q02","9.5","10.5","EQ","2026-09-01T20:15:00Z","2026-09-01T21:00:00Z","true","APPROVED","DEMO","SYNTHETIC","10"
"SIM-S0045-Q-Solids","SIM-S0045","SIM-S0045-S","Solids","9.9675","wt%","SIM-M-Solids","SIM-Q02","9.5","10.5","EQ","2026-09-01T20:15:00Z","2026-09-01T21:00:00Z","true","APPROVED","DEMO","SYNTHETIC","10"
"SIM-S0045-Q-Viscosity","SIM-S0045","SIM-S0045-S","Viscosity","1.6962","mPa.s","SIM-M-Viscosity","SIM-Q02","1.2","2.2","EQ","2026-09-01T20:15:00Z","2026-09-01T21:00:00Z","true","APPROVED","DEMO","SYNTHETIC","1.7"
"SIM-S0045-Q-D50","SIM-S0045","SIM-S0045-S","D50","86.3683","nm","SIM-M-D50","SIM-Q02","75","105","EQ","2026-09-01T20:15:00Z","2026-09-01T21:00:00Z","true","APPROVED","DEMO","SYNTHETIC","90"
"SIM-S0045-Q-D90","SIM-S0045","SIM-S0045-S","D90","131.5958","nm","SIM-M-D90","SIM-Q02","110","180","EQ","2026-09-01T20:15:00Z","2026-09-01T21:00:00Z","true","APPROVED","DEMO","SYNTHETIC","130"
"SIM-S0045-Q-LPC_0p5","SIM-S0045","SIM-S0045-S","LPC_0p5","1067.6853","count/mL","SIM-M-LPC_0p5","SIM-Q02","","3000","EQ","2026-09-01T20:15:00Z","2026-09-01T21:00:00Z","true","APPROVED","DEMO","SYNTHETIC","1000"
"SIM-S0045-Q-LPC_1p0","SIM-S0045","SIM-S0045-S","LPC_1p0","103.9298","count/mL","SIM-M-LPC_1p0","SIM-Q02","","600","EQ","2026-09-01T20:15:00Z","2026-09-01T21:00:00Z","true","APPROVED","DEMO","SYNTHETIC","80"
"SIM-S0045-Q-Zeta","SIM-S0045","SIM-S0045-S","Zeta","-39.233","mV","SIM-M-Zeta","SIM-Q02","-50","-30","EQ","2026-09-01T20:15:00Z","2026-09-01T21:00:00Z","true","APPROVED","DEMO","SYNTHETIC","-40"
"SIM-S0045-Q-Fe","SIM-S0045","SIM-S0045-S","Fe","0.3183","ug/kg","SIM-M-Fe","SIM-Q02","","1","EQ","2026-09-01T20:15:00Z","2026-09-01T21:00:00Z","true","APPROVED","DEMO","SYNTHETIC","0.3"
"SIM-S0046-Q-pH","SIM-S0046","SIM-S0046-S","pH","9.9241","pH","SIM-M-pH","SIM-Q02","9.5","10.5","EQ","2026-09-01T21:45:00Z","2026-09-01T22:30:00Z","true","APPROVED","DEMO","SYNTHETIC","10"
"SIM-S0046-Q-Solids","SIM-S0046","SIM-S0046-S","Solids","10.0118","wt%","SIM-M-Solids","SIM-Q02","9.5","10.5","EQ","2026-09-01T21:45:00Z","2026-09-01T22:30:00Z","true","APPROVED","DEMO","SYNTHETIC","10"
"SIM-S0046-Q-Viscosity","SIM-S0046","SIM-S0046-S","Viscosity","1.6365","mPa.s","SIM-M-Viscosity","SIM-Q02","1.2","2.2","EQ","2026-09-01T21:45:00Z","2026-09-01T22:30:00Z","true","APPROVED","DEMO","SYNTHETIC","1.7"
"SIM-S0046-Q-D50","SIM-S0046","SIM-S0046-S","D50","87.4316","nm","SIM-M-D50","SIM-Q02","75","105","EQ","2026-09-01T21:45:00Z","2026-09-01T22:30:00Z","true","APPROVED","DEMO","SYNTHETIC","90"
"SIM-S0046-Q-D90","SIM-S0046","SIM-S0046-S","D90","131.7622","nm","SIM-M-D90","SIM-Q02","110","180","EQ","2026-09-01T21:45:00Z","2026-09-01T22:30:00Z","true","APPROVED","DEMO","SYNTHETIC","130"
"SIM-S0046-Q-LPC_0p5","SIM-S0046","SIM-S0046-S","LPC_0p5","956.2536","count/mL","SIM-M-LPC_0p5","SIM-Q02","","3000","EQ","2026-09-01T21:45:00Z","2026-09-01T22:30:00Z","true","APPROVED","DEMO","SYNTHETIC","1000"
"SIM-S0046-Q-LPC_1p0","SIM-S0046","SIM-S0046-S","LPC_1p0","99.8274","count/mL","SIM-M-LPC_1p0","SIM-Q02","","600","EQ","2026-09-01T21:45:00Z","2026-09-01T22:30:00Z","true","APPROVED","DEMO","SYNTHETIC","80"
"SIM-S0046-Q-Zeta","SIM-S0046","SIM-S0046-S","Zeta","-39.532","mV","SIM-M-Zeta","SIM-Q02","-50","-30","EQ","2026-09-01T21:45:00Z","2026-09-01T22:30:00Z","true","APPROVED","DEMO","SYNTHETIC","-40"
"SIM-S0046-Q-Fe","SIM-S0046","SIM-S0046-S","Fe","0.253","ug/kg","SIM-M-Fe","SIM-Q02","","1","EQ","2026-09-01T21:45:00Z","2026-09-01T22:30:00Z","true","APPROVED","DEMO","SYNTHETIC","0.3"
"SIM-S0047-Q-pH","SIM-S0047","SIM-S0047-S","pH","10.0898","pH","SIM-M-pH","SIM-Q02","9.5","10.5","EQ","2026-09-01T21:45:00Z","2026-09-01T22:30:00Z","true","APPROVED","DEMO","SYNTHETIC","10"
"SIM-S0047-Q-Solids","SIM-S0047","SIM-S0047-S","Solids","10.0232","wt%","SIM-M-Solids","SIM-Q02","9.5","10.5","EQ","2026-09-01T21:45:00Z","2026-09-01T22:30:00Z","true","APPROVED","DEMO","SYNTHETIC","10"
"SIM-S0047-Q-Viscosity","SIM-S0047","SIM-S0047-S","Viscosity","1.8272","mPa.s","SIM-M-Viscosity","SIM-Q02","1.2","2.2","EQ","2026-09-01T21:45:00Z","2026-09-01T22:30:00Z","true","APPROVED","DEMO","SYNTHETIC","1.7"
"SIM-S0047-Q-D50","SIM-S0047","SIM-S0047-S","D50","90.826","nm","SIM-M-D50","SIM-Q02","75","105","EQ","2026-09-01T21:45:00Z","2026-09-01T22:30:00Z","true","APPROVED","DEMO","SYNTHETIC","90"
"SIM-S0047-Q-D90","SIM-S0047","SIM-S0047-S","D90","138.8097","nm","SIM-M-D90","SIM-Q02","110","180","EQ","2026-09-01T21:45:00Z","2026-09-01T22:30:00Z","true","APPROVED","DEMO","SYNTHETIC","130"
"SIM-S0047-Q-LPC_0p5","SIM-S0047","SIM-S0047-S","LPC_0p5","1108.4248","count/mL","SIM-M-LPC_0p5","SIM-Q02","","3000","EQ","2026-09-01T21:45:00Z","2026-09-01T22:30:00Z","true","APPROVED","DEMO","SYNTHETIC","1000"
"SIM-S0047-Q-LPC_1p0","SIM-S0047","SIM-S0047-S","LPC_1p0","62.305","count/mL","SIM-M-LPC_1p0","SIM-Q02","","600","EQ","2026-09-01T21:45:00Z","2026-09-01T22:30:00Z","true","APPROVED","DEMO","SYNTHETIC","80"
"SIM-S0047-Q-Zeta","SIM-S0047","SIM-S0047-S","Zeta","-39.1252","mV","SIM-M-Zeta","SIM-Q02","-50","-30","EQ","2026-09-01T21:45:00Z","2026-09-01T22:30:00Z","true","APPROVED","DEMO","SYNTHETIC","-40"
"SIM-S0047-Q-Fe","SIM-S0047","SIM-S0047-S","Fe","0.2988","ug/kg","SIM-M-Fe","SIM-Q02","","1","EQ","2026-09-01T21:45:00Z","2026-09-01T22:30:00Z","true","APPROVED","DEMO","SYNTHETIC","0.3"
"SIM-S0048-Q-pH","SIM-S0048","SIM-S0048-S","pH","9.9616","pH","SIM-M-pH","SIM-Q02","9.5","10.5","EQ","2026-09-01T21:45:00Z","2026-09-01T22:30:00Z","true","APPROVED","DEMO","SYNTHETIC","10"
"SIM-S0048-Q-Solids","SIM-S0048","SIM-S0048-S","Solids","10.0348","wt%","SIM-M-Solids","SIM-Q02","9.5","10.5","EQ","2026-09-01T21:45:00Z","2026-09-01T22:30:00Z","true","APPROVED","DEMO","SYNTHETIC","10"
"SIM-S0048-Q-Viscosity","SIM-S0048","SIM-S0048-S","Viscosity","1.8093","mPa.s","SIM-M-Viscosity","SIM-Q02","1.2","2.2","EQ","2026-09-01T21:45:00Z","2026-09-01T22:30:00Z","true","APPROVED","DEMO","SYNTHETIC","1.7"
"SIM-S0048-Q-D50","SIM-S0048","SIM-S0048-S","D50","91.634","nm","SIM-M-D50","SIM-Q02","75","105","EQ","2026-09-01T21:45:00Z","2026-09-01T22:30:00Z","true","APPROVED","DEMO","SYNTHETIC","90"
"SIM-S0048-Q-D90","SIM-S0048","SIM-S0048-S","D90","127.1408","nm","SIM-M-D90","SIM-Q02","110","180","EQ","2026-09-01T21:45:00Z","2026-09-01T22:30:00Z","true","APPROVED","DEMO","SYNTHETIC","130"
"SIM-S0048-Q-LPC_0p5","SIM-S0048","SIM-S0048-S","LPC_0p5","1318.6886","count/mL","SIM-M-LPC_0p5","SIM-Q02","","3000","EQ","2026-09-01T21:45:00Z","2026-09-01T22:30:00Z","true","APPROVED","DEMO","SYNTHETIC","1000"
"SIM-S0048-Q-LPC_1p0","SIM-S0048","SIM-S0048-S","LPC_1p0","60.4686","count/mL","SIM-M-LPC_1p0","SIM-Q02","","600","EQ","2026-09-01T21:45:00Z","2026-09-01T22:30:00Z","true","APPROVED","DEMO","SYNTHETIC","80"
"SIM-S0048-Q-Zeta","SIM-S0048","SIM-S0048-S","Zeta","-38.1471","mV","SIM-M-Zeta","SIM-Q02","-50","-30","EQ","2026-09-01T21:45:00Z","2026-09-01T22:30:00Z","true","APPROVED","DEMO","SYNTHETIC","-40"
"SIM-S0048-Q-Fe","SIM-S0048","SIM-S0048-S","Fe","0.3038","ug/kg","SIM-M-Fe","SIM-Q02","","1","EQ","2026-09-01T21:45:00Z","2026-09-01T22:30:00Z","true","APPROVED","DEMO","SYNTHETIC","0.3"
"SIM-S0049-Q-pH","SIM-S0049","SIM-S0049-S","pH","9.9985","pH","SIM-M-pH","SIM-Q02","9.5","10.5","EQ","2026-09-01T23:15:00Z","2026-09-02T00:00:00Z","true","APPROVED","DEMO","SYNTHETIC","10"
"SIM-S0049-Q-Solids","SIM-S0049","SIM-S0049-S","Solids","10.1113","wt%","SIM-M-Solids","SIM-Q02","9.5","10.5","EQ","2026-09-01T23:15:00Z","2026-09-02T00:00:00Z","true","APPROVED","DEMO","SYNTHETIC","10"
"SIM-S0049-Q-Viscosity","SIM-S0049","SIM-S0049-S","Viscosity","1.7534","mPa.s","SIM-M-Viscosity","SIM-Q02","1.2","2.2","EQ","2026-09-01T23:15:00Z","2026-09-02T00:00:00Z","true","APPROVED","DEMO","SYNTHETIC","1.7"
"SIM-S0049-Q-D50","SIM-S0049","SIM-S0049-S","D50","92.5886","nm","SIM-M-D50","SIM-Q02","75","105","EQ","2026-09-01T23:15:00Z","2026-09-02T00:00:00Z","true","APPROVED","DEMO","SYNTHETIC","90"
"SIM-S0049-Q-D90","SIM-S0049","SIM-S0049-S","D90","127.5535","nm","SIM-M-D90","SIM-Q02","110","180","EQ","2026-09-01T23:15:00Z","2026-09-02T00:00:00Z","true","APPROVED","DEMO","SYNTHETIC","130"
"SIM-S0049-Q-LPC_0p5","SIM-S0049","SIM-S0049-S","LPC_0p5","1095.8028","count/mL","SIM-M-LPC_0p5","SIM-Q02","","3000","EQ","2026-09-01T23:15:00Z","2026-09-02T00:00:00Z","true","APPROVED","DEMO","SYNTHETIC","1000"
"SIM-S0049-Q-LPC_1p0","SIM-S0049","SIM-S0049-S","LPC_1p0","70.8541","count/mL","SIM-M-LPC_1p0","SIM-Q02","","600","EQ","2026-09-01T23:15:00Z","2026-09-02T00:00:00Z","true","APPROVED","DEMO","SYNTHETIC","80"
"SIM-S0049-Q-Zeta","SIM-S0049","SIM-S0049-S","Zeta","-40.5422","mV","SIM-M-Zeta","SIM-Q02","-50","-30","EQ","2026-09-01T23:15:00Z","2026-09-02T00:00:00Z","true","APPROVED","DEMO","SYNTHETIC","-40"
"SIM-S0049-Q-Fe","SIM-S0049","SIM-S0049-S","Fe","0.3134","ug/kg","SIM-M-Fe","SIM-Q02","","1","EQ","2026-09-01T23:15:00Z","2026-09-02T00:00:00Z","true","APPROVED","DEMO","SYNTHETIC","0.3"
"SIM-S0050-Q-pH","SIM-S0050","SIM-S0050-S","pH","9.9319","pH","SIM-M-pH","SIM-Q02","9.5","10.5","EQ","2026-09-01T23:15:00Z","2026-09-02T00:00:00Z","true","APPROVED","DEMO","SYNTHETIC","10"
"SIM-S0050-Q-Solids","SIM-S0050","SIM-S0050-S","Solids","10.0308","wt%","SIM-M-Solids","SIM-Q02","9.5","10.5","EQ","2026-09-01T23:15:00Z","2026-09-02T00:00:00Z","true","APPROVED","DEMO","SYNTHETIC","10"
"SIM-S0050-Q-Viscosity","SIM-S0050","SIM-S0050-S","Viscosity","1.8168","mPa.s","SIM-M-Viscosity","SIM-Q02","1.2","2.2","EQ","2026-09-01T23:15:00Z","2026-09-02T00:00:00Z","true","APPROVED","DEMO","SYNTHETIC","1.7"
"SIM-S0050-Q-D50","SIM-S0050","SIM-S0050-S","D50","91.7689","nm","SIM-M-D50","SIM-Q02","75","105","EQ","2026-09-01T23:15:00Z","2026-09-02T00:00:00Z","true","APPROVED","DEMO","SYNTHETIC","90"
"SIM-S0050-Q-D90","SIM-S0050","SIM-S0050-S","D90","138.9631","nm","SIM-M-D90","SIM-Q02","110","180","EQ","2026-09-01T23:15:00Z","2026-09-02T00:00:00Z","true","APPROVED","DEMO","SYNTHETIC","130"
"SIM-S0050-Q-LPC_0p5","SIM-S0050","SIM-S0050-S","LPC_0p5","1177.7659","count/mL","SIM-M-LPC_0p5","SIM-Q02","","3000","EQ","2026-09-01T23:15:00Z","2026-09-02T00:00:00Z","true","APPROVED","DEMO","SYNTHETIC","1000"
"SIM-S0050-Q-LPC_1p0","SIM-S0050","SIM-S0050-S","LPC_1p0","86.4114","count/mL","SIM-M-LPC_1p0","SIM-Q02","","600","EQ","2026-09-01T23:15:00Z","2026-09-02T00:00:00Z","true","APPROVED","DEMO","SYNTHETIC","80"
"SIM-S0050-Q-Zeta","SIM-S0050","SIM-S0050-S","Zeta","-39.7923","mV","SIM-M-Zeta","SIM-Q02","-50","-30","EQ","2026-09-01T23:15:00Z","2026-09-02T00:00:00Z","true","APPROVED","DEMO","SYNTHETIC","-40"
"SIM-S0050-Q-Fe","SIM-S0050","SIM-S0050-S","Fe","0.3206","ug/kg","SIM-M-Fe","SIM-Q02","","1","EQ","2026-09-01T23:15:00Z","2026-09-02T00:00:00Z","true","APPROVED","DEMO","SYNTHETIC","0.3"
"SIM-S0051-Q-pH","SIM-S0051","SIM-S0051-S","pH","10.0163","pH","SIM-M-pH","SIM-Q02","9.5","10.5","EQ","2026-09-01T23:15:00Z","2026-09-02T00:00:00Z","true","APPROVED","DEMO","SYNTHETIC","10"
"SIM-S0051-Q-Solids","SIM-S0051","SIM-S0051-S","Solids","9.9563","wt%","SIM-M-Solids","SIM-Q02","9.5","10.5","EQ","2026-09-01T23:15:00Z","2026-09-02T00:00:00Z","true","APPROVED","DEMO","SYNTHETIC","10"
"SIM-S0051-Q-Viscosity","SIM-S0051","SIM-S0051-S","Viscosity","1.7517","mPa.s","SIM-M-Viscosity","SIM-Q02","1.2","2.2","EQ","2026-09-01T23:15:00Z","2026-09-02T00:00:00Z","true","APPROVED","DEMO","SYNTHETIC","1.7"
"SIM-S0051-Q-D50","SIM-S0051","SIM-S0051-S","D50","92.3976","nm","SIM-M-D50","SIM-Q02","75","105","EQ","2026-09-01T23:15:00Z","2026-09-02T00:00:00Z","true","APPROVED","DEMO","SYNTHETIC","90"
"SIM-S0051-Q-D90","SIM-S0051","SIM-S0051-S","D90","122.2484","nm","SIM-M-D90","SIM-Q02","110","180","EQ","2026-09-01T23:15:00Z","2026-09-02T00:00:00Z","true","APPROVED","DEMO","SYNTHETIC","130"
"SIM-S0051-Q-LPC_0p5","SIM-S0051","SIM-S0051-S","LPC_0p5","1246.6885","count/mL","SIM-M-LPC_0p5","SIM-Q02","","3000","EQ","2026-09-01T23:15:00Z","2026-09-02T00:00:00Z","true","APPROVED","DEMO","SYNTHETIC","1000"
"SIM-S0051-Q-LPC_1p0","SIM-S0051","SIM-S0051-S","LPC_1p0","93.0196","count/mL","SIM-M-LPC_1p0","SIM-Q02","","600","EQ","2026-09-01T23:15:00Z","2026-09-02T00:00:00Z","true","APPROVED","DEMO","SYNTHETIC","80"
"SIM-S0051-Q-Zeta","SIM-S0051","SIM-S0051-S","Zeta","-39.3126","mV","SIM-M-Zeta","SIM-Q02","-50","-30","EQ","2026-09-01T23:15:00Z","2026-09-02T00:00:00Z","true","APPROVED","DEMO","SYNTHETIC","-40"
"SIM-S0051-Q-Fe","SIM-S0051","SIM-S0051-S","Fe","0.3203","ug/kg","SIM-M-Fe","SIM-Q02","","1","EQ","2026-09-01T23:15:00Z","2026-09-02T00:00:00Z","true","APPROVED","DEMO","SYNTHETIC","0.3"
"SIM-S0052-Q-pH","SIM-S0052","SIM-S0052-S","pH","9.9929","pH","SIM-M-pH","SIM-Q02","9.5","10.5","EQ","2026-09-02T00:45:00Z","2026-09-02T01:30:00Z","true","APPROVED","DEMO","SYNTHETIC","10"
"SIM-S0052-Q-Solids","SIM-S0052","SIM-S0052-S","Solids","10.0884","wt%","SIM-M-Solids","SIM-Q02","9.5","10.5","EQ","2026-09-02T00:45:00Z","2026-09-02T01:30:00Z","true","APPROVED","DEMO","SYNTHETIC","10"
"SIM-S0052-Q-Viscosity","SIM-S0052","SIM-S0052-S","Viscosity","1.7175","mPa.s","SIM-M-Viscosity","SIM-Q02","1.2","2.2","EQ","2026-09-02T00:45:00Z","2026-09-02T01:30:00Z","true","APPROVED","DEMO","SYNTHETIC","1.7"
"SIM-S0052-Q-D50","SIM-S0052","SIM-S0052-S","D50","86.7935","nm","SIM-M-D50","SIM-Q02","75","105","EQ","2026-09-02T00:45:00Z","2026-09-02T01:30:00Z","true","APPROVED","DEMO","SYNTHETIC","90"
"SIM-S0052-Q-D90","SIM-S0052","SIM-S0052-S","D90","141.9297","nm","SIM-M-D90","SIM-Q02","110","180","EQ","2026-09-02T00:45:00Z","2026-09-02T01:30:00Z","true","APPROVED","DEMO","SYNTHETIC","130"
"SIM-S0052-Q-LPC_0p5","SIM-S0052","SIM-S0052-S","LPC_0p5","993.8224","count/mL","SIM-M-LPC_0p5","SIM-Q02","","3000","EQ","2026-09-02T00:45:00Z","2026-09-02T01:30:00Z","true","APPROVED","DEMO","SYNTHETIC","1000"
"SIM-S0052-Q-LPC_1p0","SIM-S0052","SIM-S0052-S","LPC_1p0","79.4802","count/mL","SIM-M-LPC_1p0","SIM-Q02","","600","EQ","2026-09-02T00:45:00Z","2026-09-02T01:30:00Z","true","APPROVED","DEMO","SYNTHETIC","80"
"SIM-S0052-Q-Zeta","SIM-S0052","SIM-S0052-S","Zeta","-41.1278","mV","SIM-M-Zeta","SIM-Q02","-50","-30","EQ","2026-09-02T00:45:00Z","2026-09-02T01:30:00Z","true","APPROVED","DEMO","SYNTHETIC","-40"
"SIM-S0052-Q-Fe","SIM-S0052","SIM-S0052-S","Fe","0.3251","ug/kg","SIM-M-Fe","SIM-Q02","","1","EQ","2026-09-02T00:45:00Z","2026-09-02T01:30:00Z","true","APPROVED","DEMO","SYNTHETIC","0.3"
"SIM-S0053-Q-pH","SIM-S0053","SIM-S0053-S","pH","9.9162","pH","SIM-M-pH","SIM-Q02","9.5","10.5","EQ","2026-09-02T00:45:00Z","2026-09-02T01:30:00Z","true","APPROVED","DEMO","SYNTHETIC","10"
"SIM-S0053-Q-Solids","SIM-S0053","SIM-S0053-S","Solids","9.9774","wt%","SIM-M-Solids","SIM-Q02","9.5","10.5","EQ","2026-09-02T00:45:00Z","2026-09-02T01:30:00Z","true","APPROVED","DEMO","SYNTHETIC","10"
"SIM-S0053-Q-Viscosity","SIM-S0053","SIM-S0053-S","Viscosity","1.7582","mPa.s","SIM-M-Viscosity","SIM-Q02","1.2","2.2","EQ","2026-09-02T00:45:00Z","2026-09-02T01:30:00Z","true","APPROVED","DEMO","SYNTHETIC","1.7"
"SIM-S0053-Q-D50","SIM-S0053","SIM-S0053-S","D50","90.4307","nm","SIM-M-D50","SIM-Q02","75","105","EQ","2026-09-02T00:45:00Z","2026-09-02T01:30:00Z","true","APPROVED","DEMO","SYNTHETIC","90"
"SIM-S0053-Q-D90","SIM-S0053","SIM-S0053-S","D90","135.2062","nm","SIM-M-D90","SIM-Q02","110","180","EQ","2026-09-02T00:45:00Z","2026-09-02T01:30:00Z","true","APPROVED","DEMO","SYNTHETIC","130"
"SIM-S0053-Q-LPC_0p5","SIM-S0053","SIM-S0053-S","LPC_0p5","1018.7982","count/mL","SIM-M-LPC_0p5","SIM-Q02","","3000","EQ","2026-09-02T00:45:00Z","2026-09-02T01:30:00Z","true","APPROVED","DEMO","SYNTHETIC","1000"
"SIM-S0053-Q-LPC_1p0","SIM-S0053","SIM-S0053-S","LPC_1p0","95.7825","count/mL","SIM-M-LPC_1p0","SIM-Q02","","600","EQ","2026-09-02T00:45:00Z","2026-09-02T01:30:00Z","true","APPROVED","DEMO","SYNTHETIC","80"
"SIM-S0053-Q-Zeta","SIM-S0053","SIM-S0053-S","Zeta","-42.2425","mV","SIM-M-Zeta","SIM-Q02","-50","-30","EQ","2026-09-02T00:45:00Z","2026-09-02T01:30:00Z","true","APPROVED","DEMO","SYNTHETIC","-40"
"SIM-S0053-Q-Fe","SIM-S0053","SIM-S0053-S","Fe","0.3121","ug/kg","SIM-M-Fe","SIM-Q02","","1","EQ","2026-09-02T00:45:00Z","2026-09-02T01:30:00Z","true","APPROVED","DEMO","SYNTHETIC","0.3"
"SIM-S0054-Q-pH","SIM-S0054","SIM-S0054-S","pH","9.8644","pH","SIM-M-pH","SIM-Q02","9.5","10.5","EQ","2026-09-02T00:45:00Z","2026-09-02T01:30:00Z","true","APPROVED","DEMO","SYNTHETIC","10"
"SIM-S0054-Q-Solids","SIM-S0054","SIM-S0054-S","Solids","9.9595","wt%","SIM-M-Solids","SIM-Q02","9.5","10.5","EQ","2026-09-02T00:45:00Z","2026-09-02T01:30:00Z","true","APPROVED","DEMO","SYNTHETIC","10"
"SIM-S0054-Q-Viscosity","SIM-S0054","SIM-S0054-S","Viscosity","1.6735","mPa.s","SIM-M-Viscosity","SIM-Q02","1.2","2.2","EQ","2026-09-02T00:45:00Z","2026-09-02T01:30:00Z","true","APPROVED","DEMO","SYNTHETIC","1.7"
"SIM-S0054-Q-D50","SIM-S0054","SIM-S0054-S","D50","93.2872","nm","SIM-M-D50","SIM-Q02","75","105","EQ","2026-09-02T00:45:00Z","2026-09-02T01:30:00Z","true","APPROVED","DEMO","SYNTHETIC","90"
"SIM-S0054-Q-D90","SIM-S0054","SIM-S0054-S","D90","127.3489","nm","SIM-M-D90","SIM-Q02","110","180","EQ","2026-09-02T00:45:00Z","2026-09-02T01:30:00Z","true","APPROVED","DEMO","SYNTHETIC","130"
"SIM-S0054-Q-LPC_0p5","SIM-S0054","SIM-S0054-S","LPC_0p5","1034.0908","count/mL","SIM-M-LPC_0p5","SIM-Q02","","3000","EQ","2026-09-02T00:45:00Z","2026-09-02T01:30:00Z","true","APPROVED","DEMO","SYNTHETIC","1000"
"SIM-S0054-Q-LPC_1p0","SIM-S0054","SIM-S0054-S","LPC_1p0","72.6536","count/mL","SIM-M-LPC_1p0","SIM-Q02","","600","EQ","2026-09-02T00:45:00Z","2026-09-02T01:30:00Z","true","APPROVED","DEMO","SYNTHETIC","80"
"SIM-S0054-Q-Zeta","SIM-S0054","SIM-S0054-S","Zeta","-39.7074","mV","SIM-M-Zeta","SIM-Q02","-50","-30","EQ","2026-09-02T00:45:00Z","2026-09-02T01:30:00Z","true","APPROVED","DEMO","SYNTHETIC","-40"
"SIM-S0054-Q-Fe","SIM-S0054","SIM-S0054-S","Fe","0.3348","ug/kg","SIM-M-Fe","SIM-Q02","","1","EQ","2026-09-02T00:45:00Z","2026-09-02T01:30:00Z","true","APPROVED","DEMO","SYNTHETIC","0.3"
"SIM-S0055-Q-pH","SIM-S0055","SIM-S0055-S","pH","9.8796","pH","SIM-M-pH","SIM-Q02","9.5","10.5","EQ","2026-09-02T02:15:00Z","2026-09-02T03:00:00Z","true","APPROVED","DEMO","SYNTHETIC","10"
"SIM-S0055-Q-Solids","SIM-S0055","SIM-S0055-S","Solids","9.9783","wt%","SIM-M-Solids","SIM-Q02","9.5","10.5","EQ","2026-09-02T02:15:00Z","2026-09-02T03:00:00Z","true","APPROVED","DEMO","SYNTHETIC","10"
"SIM-S0055-Q-Viscosity","SIM-S0055","SIM-S0055-S","Viscosity","1.5703","mPa.s","SIM-M-Viscosity","SIM-Q02","1.2","2.2","EQ","2026-09-02T02:15:00Z","2026-09-02T03:00:00Z","true","APPROVED","DEMO","SYNTHETIC","1.7"
"SIM-S0055-Q-D50","SIM-S0055","SIM-S0055-S","D50","91.4399","nm","SIM-M-D50","SIM-Q02","75","105","EQ","2026-09-02T02:15:00Z","2026-09-02T03:00:00Z","true","APPROVED","DEMO","SYNTHETIC","90"
"SIM-S0055-Q-D90","SIM-S0055","SIM-S0055-S","D90","134.6099","nm","SIM-M-D90","SIM-Q02","110","180","EQ","2026-09-02T02:15:00Z","2026-09-02T03:00:00Z","true","APPROVED","DEMO","SYNTHETIC","130"
"SIM-S0055-Q-LPC_0p5","SIM-S0055","SIM-S0055-S","LPC_0p5","989.3497","count/mL","SIM-M-LPC_0p5","SIM-Q02","","3000","EQ","2026-09-02T02:15:00Z","2026-09-02T03:00:00Z","true","APPROVED","DEMO","SYNTHETIC","1000"
"SIM-S0055-Q-LPC_1p0","SIM-S0055","SIM-S0055-S","LPC_1p0","77.2762","count/mL","SIM-M-LPC_1p0","SIM-Q02","","600","EQ","2026-09-02T02:15:00Z","2026-09-02T03:00:00Z","true","APPROVED","DEMO","SYNTHETIC","80"
"SIM-S0055-Q-Zeta","SIM-S0055","SIM-S0055-S","Zeta","-39.9338","mV","SIM-M-Zeta","SIM-Q02","-50","-30","EQ","2026-09-02T02:15:00Z","2026-09-02T03:00:00Z","true","APPROVED","DEMO","SYNTHETIC","-40"
"SIM-S0055-Q-Fe","SIM-S0055","SIM-S0055-S","Fe","0.2705","ug/kg","SIM-M-Fe","SIM-Q02","","1","EQ","2026-09-02T02:15:00Z","2026-09-02T03:00:00Z","true","APPROVED","DEMO","SYNTHETIC","0.3"
"SIM-S0056-Q-pH","SIM-S0056","SIM-S0056-S","pH","9.9601","pH","SIM-M-pH","SIM-Q02","9.5","10.5","EQ","2026-09-02T02:15:00Z","2026-09-02T03:00:00Z","true","APPROVED","DEMO","SYNTHETIC","10"
"SIM-S0056-Q-Solids","SIM-S0056","SIM-S0056-S","Solids","10.0227","wt%","SIM-M-Solids","SIM-Q02","9.5","10.5","EQ","2026-09-02T02:15:00Z","2026-09-02T03:00:00Z","true","APPROVED","DEMO","SYNTHETIC","10"
"SIM-S0056-Q-Viscosity","SIM-S0056","SIM-S0056-S","Viscosity","1.7344","mPa.s","SIM-M-Viscosity","SIM-Q02","1.2","2.2","EQ","2026-09-02T02:15:00Z","2026-09-02T03:00:00Z","true","APPROVED","DEMO","SYNTHETIC","1.7"
"SIM-S0056-Q-D50","SIM-S0056","SIM-S0056-S","D50","89.3174","nm","SIM-M-D50","SIM-Q02","75","105","EQ","2026-09-02T02:15:00Z","2026-09-02T03:00:00Z","true","APPROVED","DEMO","SYNTHETIC","90"
"SIM-S0056-Q-D90","SIM-S0056","SIM-S0056-S","D90","140.6472","nm","SIM-M-D90","SIM-Q02","110","180","EQ","2026-09-02T02:15:00Z","2026-09-02T03:00:00Z","true","APPROVED","DEMO","SYNTHETIC","130"
"SIM-S0056-Q-LPC_0p5","SIM-S0056","SIM-S0056-S","LPC_0p5","1012.3205","count/mL","SIM-M-LPC_0p5","SIM-Q02","","3000","EQ","2026-09-02T02:15:00Z","2026-09-02T03:00:00Z","true","APPROVED","DEMO","SYNTHETIC","1000"
"SIM-S0056-Q-LPC_1p0","SIM-S0056","SIM-S0056-S","LPC_1p0","90.5055","count/mL","SIM-M-LPC_1p0","SIM-Q02","","600","EQ","2026-09-02T02:15:00Z","2026-09-02T03:00:00Z","true","APPROVED","DEMO","SYNTHETIC","80"
"SIM-S0056-Q-Zeta","SIM-S0056","SIM-S0056-S","Zeta","-41.0607","mV","SIM-M-Zeta","SIM-Q02","-50","-30","EQ","2026-09-02T02:15:00Z","2026-09-02T03:00:00Z","true","APPROVED","DEMO","SYNTHETIC","-40"
"SIM-S0056-Q-Fe","SIM-S0056","SIM-S0056-S","Fe","0.2506","ug/kg","SIM-M-Fe","SIM-Q02","","1","EQ","2026-09-02T02:15:00Z","2026-09-02T03:00:00Z","true","APPROVED","DEMO","SYNTHETIC","0.3"
"SIM-S0057-Q-pH","SIM-S0057","SIM-S0057-S","pH","10.0956","pH","SIM-M-pH","SIM-Q02","9.5","10.5","EQ","2026-09-02T02:15:00Z","2026-09-02T03:00:00Z","true","APPROVED","DEMO","SYNTHETIC","10"
"SIM-S0057-Q-Solids","SIM-S0057","SIM-S0057-S","Solids","9.9367","wt%","SIM-M-Solids","SIM-Q02","9.5","10.5","EQ","2026-09-02T02:15:00Z","2026-09-02T03:00:00Z","true","APPROVED","DEMO","SYNTHETIC","10"
"SIM-S0057-Q-Viscosity","SIM-S0057","SIM-S0057-S","Viscosity","1.7475","mPa.s","SIM-M-Viscosity","SIM-Q02","1.2","2.2","EQ","2026-09-02T02:15:00Z","2026-09-02T03:00:00Z","true","APPROVED","DEMO","SYNTHETIC","1.7"
"SIM-S0057-Q-D50","SIM-S0057","SIM-S0057-S","D50","89.9054","nm","SIM-M-D50","SIM-Q02","75","105","EQ","2026-09-02T02:15:00Z","2026-09-02T03:00:00Z","true","APPROVED","DEMO","SYNTHETIC","90"
"SIM-S0057-Q-D90","SIM-S0057","SIM-S0057-S","D90","127.0082","nm","SIM-M-D90","SIM-Q02","110","180","EQ","2026-09-02T02:15:00Z","2026-09-02T03:00:00Z","true","APPROVED","DEMO","SYNTHETIC","130"
"SIM-S0057-Q-LPC_0p5","SIM-S0057","SIM-S0057-S","LPC_0p5","978.286","count/mL","SIM-M-LPC_0p5","SIM-Q02","","3000","EQ","2026-09-02T02:15:00Z","2026-09-02T03:00:00Z","true","APPROVED","DEMO","SYNTHETIC","1000"
"SIM-S0057-Q-LPC_1p0","SIM-S0057","SIM-S0057-S","LPC_1p0","85.6178","count/mL","SIM-M-LPC_1p0","SIM-Q02","","600","EQ","2026-09-02T02:15:00Z","2026-09-02T03:00:00Z","true","APPROVED","DEMO","SYNTHETIC","80"
"SIM-S0057-Q-Zeta","SIM-S0057","SIM-S0057-S","Zeta","-38.4317","mV","SIM-M-Zeta","SIM-Q02","-50","-30","EQ","2026-09-02T02:15:00Z","2026-09-02T03:00:00Z","true","APPROVED","DEMO","SYNTHETIC","-40"
"SIM-S0057-Q-Fe","SIM-S0057","SIM-S0057-S","Fe","0.2923","ug/kg","SIM-M-Fe","SIM-Q02","","1","EQ","2026-09-02T02:15:00Z","2026-09-02T03:00:00Z","true","APPROVED","DEMO","SYNTHETIC","0.3"
"SIM-S0058-Q-pH","SIM-S0058","SIM-S0058-S","pH","9.9789","pH","SIM-M-pH","SIM-Q02","9.5","10.5","EQ","2026-09-02T03:45:00Z","2026-09-02T04:30:00Z","true","APPROVED","DEMO","SYNTHETIC","10"
"SIM-S0058-Q-Solids","SIM-S0058","SIM-S0058-S","Solids","10.0407","wt%","SIM-M-Solids","SIM-Q02","9.5","10.5","EQ","2026-09-02T03:45:00Z","2026-09-02T04:30:00Z","true","APPROVED","DEMO","SYNTHETIC","10"
"SIM-S0058-Q-Viscosity","SIM-S0058","SIM-S0058-S","Viscosity","1.7097","mPa.s","SIM-M-Viscosity","SIM-Q02","1.2","2.2","EQ","2026-09-02T03:45:00Z","2026-09-02T04:30:00Z","true","APPROVED","DEMO","SYNTHETIC","1.7"
"SIM-S0058-Q-D50","SIM-S0058","SIM-S0058-S","D50","94.0271","nm","SIM-M-D50","SIM-Q02","75","105","EQ","2026-09-02T03:45:00Z","2026-09-02T04:30:00Z","true","APPROVED","DEMO","SYNTHETIC","90"
"SIM-S0058-Q-D90","SIM-S0058","SIM-S0058-S","D90","119.3194","nm","SIM-M-D90","SIM-Q02","110","180","EQ","2026-09-02T03:45:00Z","2026-09-02T04:30:00Z","true","APPROVED","DEMO","SYNTHETIC","130"
"SIM-S0058-Q-LPC_0p5","SIM-S0058","SIM-S0058-S","LPC_0p5","773.2882","count/mL","SIM-M-LPC_0p5","SIM-Q02","","3000","EQ","2026-09-02T03:45:00Z","2026-09-02T04:30:00Z","true","APPROVED","DEMO","SYNTHETIC","1000"
"SIM-S0058-Q-LPC_1p0","SIM-S0058","SIM-S0058-S","LPC_1p0","73.0993","count/mL","SIM-M-LPC_1p0","SIM-Q02","","600","EQ","2026-09-02T03:45:00Z","2026-09-02T04:30:00Z","true","APPROVED","DEMO","SYNTHETIC","80"
"SIM-S0058-Q-Zeta","SIM-S0058","SIM-S0058-S","Zeta","-38.619","mV","SIM-M-Zeta","SIM-Q02","-50","-30","EQ","2026-09-02T03:45:00Z","2026-09-02T04:30:00Z","true","APPROVED","DEMO","SYNTHETIC","-40"
"SIM-S0058-Q-Fe","SIM-S0058","SIM-S0058-S","Fe","0.2986","ug/kg","SIM-M-Fe","SIM-Q02","","1","EQ","2026-09-02T03:45:00Z","2026-09-02T04:30:00Z","true","APPROVED","DEMO","SYNTHETIC","0.3"
"SIM-S0059-Q-pH","SIM-S0059","SIM-S0059-S","pH","10.0014","pH","SIM-M-pH","SIM-Q02","9.5","10.5","EQ","2026-09-02T03:45:00Z","2026-09-02T04:30:00Z","true","APPROVED","DEMO","SYNTHETIC","10"
"SIM-S0059-Q-Solids","SIM-S0059","SIM-S0059-S","Solids","10.0338","wt%","SIM-M-Solids","SIM-Q02","9.5","10.5","EQ","2026-09-02T03:45:00Z","2026-09-02T04:30:00Z","true","APPROVED","DEMO","SYNTHETIC","10"
"SIM-S0059-Q-Viscosity","SIM-S0059","SIM-S0059-S","Viscosity","1.8017","mPa.s","SIM-M-Viscosity","SIM-Q02","1.2","2.2","EQ","2026-09-02T03:45:00Z","2026-09-02T04:30:00Z","true","APPROVED","DEMO","SYNTHETIC","1.7"
"SIM-S0059-Q-D50","SIM-S0059","SIM-S0059-S","D50","89.536","nm","SIM-M-D50","SIM-Q02","75","105","EQ","2026-09-02T03:45:00Z","2026-09-02T04:30:00Z","true","APPROVED","DEMO","SYNTHETIC","90"
"SIM-S0059-Q-D90","SIM-S0059","SIM-S0059-S","D90","128.7272","nm","SIM-M-D90","SIM-Q02","110","180","EQ","2026-09-02T03:45:00Z","2026-09-02T04:30:00Z","true","APPROVED","DEMO","SYNTHETIC","130"
"SIM-S0059-Q-LPC_0p5","SIM-S0059","SIM-S0059-S","LPC_0p5","826.6442","count/mL","SIM-M-LPC_0p5","SIM-Q02","","3000","EQ","2026-09-02T03:45:00Z","2026-09-02T04:30:00Z","true","APPROVED","DEMO","SYNTHETIC","1000"
"SIM-S0059-Q-LPC_1p0","SIM-S0059","SIM-S0059-S","LPC_1p0","88.9796","count/mL","SIM-M-LPC_1p0","SIM-Q02","","600","EQ","2026-09-02T03:45:00Z","2026-09-02T04:30:00Z","true","APPROVED","DEMO","SYNTHETIC","80"
"SIM-S0059-Q-Zeta","SIM-S0059","SIM-S0059-S","Zeta","-40.395","mV","SIM-M-Zeta","SIM-Q02","-50","-30","EQ","2026-09-02T03:45:00Z","2026-09-02T04:30:00Z","true","APPROVED","DEMO","SYNTHETIC","-40"
"SIM-S0059-Q-Fe","SIM-S0059","SIM-S0059-S","Fe","0.2822","ug/kg","SIM-M-Fe","SIM-Q02","","1","EQ","2026-09-02T03:45:00Z","2026-09-02T04:30:00Z","true","APPROVED","DEMO","SYNTHETIC","0.3"
"SIM-S0060-Q-pH","SIM-S0060","SIM-S0060-S","pH","9.9595","pH","SIM-M-pH","SIM-Q02","9.5","10.5","EQ","2026-09-02T03:45:00Z","2026-09-02T04:30:00Z","true","APPROVED","DEMO","SYNTHETIC","10"
"SIM-S0060-Q-Solids","SIM-S0060","SIM-S0060-S","Solids","10.104","wt%","SIM-M-Solids","SIM-Q02","9.5","10.5","EQ","2026-09-02T03:45:00Z","2026-09-02T04:30:00Z","true","APPROVED","DEMO","SYNTHETIC","10"
"SIM-S0060-Q-Viscosity","SIM-S0060","SIM-S0060-S","Viscosity","1.6828","mPa.s","SIM-M-Viscosity","SIM-Q02","1.2","2.2","EQ","2026-09-02T03:45:00Z","2026-09-02T04:30:00Z","true","APPROVED","DEMO","SYNTHETIC","1.7"
"SIM-S0060-Q-D50","SIM-S0060","SIM-S0060-S","D50","88.388","nm","SIM-M-D50","SIM-Q02","75","105","EQ","2026-09-02T03:45:00Z","2026-09-02T04:30:00Z","true","APPROVED","DEMO","SYNTHETIC","90"
"SIM-S0060-Q-D90","SIM-S0060","SIM-S0060-S","D90","130.2985","nm","SIM-M-D90","SIM-Q02","110","180","EQ","2026-09-02T03:45:00Z","2026-09-02T04:30:00Z","true","APPROVED","DEMO","SYNTHETIC","130"
"SIM-S0060-Q-LPC_0p5","SIM-S0060","SIM-S0060-S","LPC_0p5","765.6977","count/mL","SIM-M-LPC_0p5","SIM-Q02","","3000","EQ","2026-09-02T03:45:00Z","2026-09-02T04:30:00Z","true","APPROVED","DEMO","SYNTHETIC","1000"
"SIM-S0060-Q-LPC_1p0","SIM-S0060","SIM-S0060-S","LPC_1p0","63.9564","count/mL","SIM-M-LPC_1p0","SIM-Q02","","600","EQ","2026-09-02T03:45:00Z","2026-09-02T04:30:00Z","true","APPROVED","DEMO","SYNTHETIC","80"
"SIM-S0060-Q-Zeta","SIM-S0060","SIM-S0060-S","Zeta","-39.7587","mV","SIM-M-Zeta","SIM-Q02","-50","-30","EQ","2026-09-02T03:45:00Z","2026-09-02T04:30:00Z","true","APPROVED","DEMO","SYNTHETIC","-40"
"SIM-S0060-Q-Fe","SIM-S0060","SIM-S0060-S","Fe","0.3503","ug/kg","SIM-M-Fe","SIM-Q02","","1","EQ","2026-09-02T03:45:00Z","2026-09-02T04:30:00Z","true","APPROVED","DEMO","SYNTHETIC","0.3"
"SIM-S0061-Q-pH","SIM-S0061","SIM-S0061-S","pH","10.113","pH","SIM-M-pH","SIM-Q02","9.5","10.5","EQ","2026-09-02T05:15:00Z","2026-09-02T06:00:00Z","true","APPROVED","DEMO","SYNTHETIC","10"
"SIM-S0061-Q-Solids","SIM-S0061","SIM-S0061-S","Solids","10.0034","wt%","SIM-M-Solids","SIM-Q02","9.5","10.5","EQ","2026-09-02T05:15:00Z","2026-09-02T06:00:00Z","true","APPROVED","DEMO","SYNTHETIC","10"
"SIM-S0061-Q-Viscosity","SIM-S0061","SIM-S0061-S","Viscosity","1.6686","mPa.s","SIM-M-Viscosity","SIM-Q02","1.2","2.2","EQ","2026-09-02T05:15:00Z","2026-09-02T06:00:00Z","true","APPROVED","DEMO","SYNTHETIC","1.7"
"SIM-S0061-Q-D50","SIM-S0061","SIM-S0061-S","D50","89.0858","nm","SIM-M-D50","SIM-Q02","75","105","EQ","2026-09-02T05:15:00Z","2026-09-02T06:00:00Z","true","APPROVED","DEMO","SYNTHETIC","90"
"SIM-S0061-Q-D90","SIM-S0061","SIM-S0061-S","D90","133.8797","nm","SIM-M-D90","SIM-Q02","110","180","EQ","2026-09-02T05:15:00Z","2026-09-02T06:00:00Z","true","APPROVED","DEMO","SYNTHETIC","130"
"SIM-S0061-Q-LPC_0p5","SIM-S0061","SIM-S0061-S","LPC_0p5","1032.7302","count/mL","SIM-M-LPC_0p5","SIM-Q02","","3000","EQ","2026-09-02T05:15:00Z","2026-09-02T06:00:00Z","true","APPROVED","DEMO","SYNTHETIC","1000"
"SIM-S0061-Q-LPC_1p0","SIM-S0061","SIM-S0061-S","LPC_1p0","71.4564","count/mL","SIM-M-LPC_1p0","SIM-Q02","","600","EQ","2026-09-02T05:15:00Z","2026-09-02T06:00:00Z","true","APPROVED","DEMO","SYNTHETIC","80"
"SIM-S0061-Q-Zeta","SIM-S0061","SIM-S0061-S","Zeta","-39.9969","mV","SIM-M-Zeta","SIM-Q02","-50","-30","EQ","2026-09-02T05:15:00Z","2026-09-02T06:00:00Z","true","APPROVED","DEMO","SYNTHETIC","-40"
"SIM-S0061-Q-Fe","SIM-S0061","SIM-S0061-S","Fe","0.3325","ug/kg","SIM-M-Fe","SIM-Q02","","1","EQ","2026-09-02T05:15:00Z","2026-09-02T06:00:00Z","true","APPROVED","DEMO","SYNTHETIC","0.3"
"SIM-S0062-Q-pH","SIM-S0062","SIM-S0062-S","pH","10.046","pH","SIM-M-pH","SIM-Q02","9.5","10.5","EQ","2026-09-02T05:15:00Z","2026-09-02T06:00:00Z","true","APPROVED","DEMO","SYNTHETIC","10"
"SIM-S0062-Q-Solids","SIM-S0062","SIM-S0062-S","Solids","9.8399","wt%","SIM-M-Solids","SIM-Q02","9.5","10.5","EQ","2026-09-02T05:15:00Z","2026-09-02T06:00:00Z","true","APPROVED","DEMO","SYNTHETIC","10"
"SIM-S0062-Q-Viscosity","SIM-S0062","SIM-S0062-S","Viscosity","1.6716","mPa.s","SIM-M-Viscosity","SIM-Q02","1.2","2.2","EQ","2026-09-02T05:15:00Z","2026-09-02T06:00:00Z","true","APPROVED","DEMO","SYNTHETIC","1.7"
"SIM-S0062-Q-D50","SIM-S0062","SIM-S0062-S","D50","89.6651","nm","SIM-M-D50","SIM-Q02","75","105","EQ","2026-09-02T05:15:00Z","2026-09-02T06:00:00Z","true","APPROVED","DEMO","SYNTHETIC","90"
"SIM-S0062-Q-D90","SIM-S0062","SIM-S0062-S","D90","129.8179","nm","SIM-M-D90","SIM-Q02","110","180","EQ","2026-09-02T05:15:00Z","2026-09-02T06:00:00Z","true","APPROVED","DEMO","SYNTHETIC","130"
"SIM-S0062-Q-LPC_0p5","SIM-S0062","SIM-S0062-S","LPC_0p5","1137.4395","count/mL","SIM-M-LPC_0p5","SIM-Q02","","3000","EQ","2026-09-02T05:15:00Z","2026-09-02T06:00:00Z","true","APPROVED","DEMO","SYNTHETIC","1000"
"SIM-S0062-Q-LPC_1p0","SIM-S0062","SIM-S0062-S","LPC_1p0","66.7995","count/mL","SIM-M-LPC_1p0","SIM-Q02","","600","EQ","2026-09-02T05:15:00Z","2026-09-02T06:00:00Z","true","APPROVED","DEMO","SYNTHETIC","80"
"SIM-S0062-Q-Zeta","SIM-S0062","SIM-S0062-S","Zeta","-40.2954","mV","SIM-M-Zeta","SIM-Q02","-50","-30","EQ","2026-09-02T05:15:00Z","2026-09-02T06:00:00Z","true","APPROVED","DEMO","SYNTHETIC","-40"
"SIM-S0062-Q-Fe","SIM-S0062","SIM-S0062-S","Fe","0.2877","ug/kg","SIM-M-Fe","SIM-Q02","","1","EQ","2026-09-02T05:15:00Z","2026-09-02T06:00:00Z","true","APPROVED","DEMO","SYNTHETIC","0.3"
"SIM-S0063-Q-pH","SIM-S0063","SIM-S0063-S","pH","9.909","pH","SIM-M-pH","SIM-Q02","9.5","10.5","EQ","2026-09-02T05:15:00Z","2026-09-02T06:00:00Z","true","APPROVED","DEMO","SYNTHETIC","10"
"SIM-S0063-Q-Solids","SIM-S0063","SIM-S0063-S","Solids","9.93","wt%","SIM-M-Solids","SIM-Q02","9.5","10.5","EQ","2026-09-02T05:15:00Z","2026-09-02T06:00:00Z","true","APPROVED","DEMO","SYNTHETIC","10"
"SIM-S0063-Q-Viscosity","SIM-S0063","SIM-S0063-S","Viscosity","1.7041","mPa.s","SIM-M-Viscosity","SIM-Q02","1.2","2.2","EQ","2026-09-02T05:15:00Z","2026-09-02T06:00:00Z","true","APPROVED","DEMO","SYNTHETIC","1.7"
"SIM-S0063-Q-D50","SIM-S0063","SIM-S0063-S","D50","92.8648","nm","SIM-M-D50","SIM-Q02","75","105","EQ","2026-09-02T05:15:00Z","2026-09-02T06:00:00Z","true","APPROVED","DEMO","SYNTHETIC","90"
"SIM-S0063-Q-D90","SIM-S0063","SIM-S0063-S","D90","127.1196","nm","SIM-M-D90","SIM-Q02","110","180","EQ","2026-09-02T05:15:00Z","2026-09-02T06:00:00Z","true","APPROVED","DEMO","SYNTHETIC","130"
"SIM-S0063-Q-LPC_0p5","SIM-S0063","SIM-S0063-S","LPC_0p5","1027.3568","count/mL","SIM-M-LPC_0p5","SIM-Q02","","3000","EQ","2026-09-02T05:15:00Z","2026-09-02T06:00:00Z","true","APPROVED","DEMO","SYNTHETIC","1000"
"SIM-S0063-Q-LPC_1p0","SIM-S0063","SIM-S0063-S","LPC_1p0","74.7768","count/mL","SIM-M-LPC_1p0","SIM-Q02","","600","EQ","2026-09-02T05:15:00Z","2026-09-02T06:00:00Z","true","APPROVED","DEMO","SYNTHETIC","80"
"SIM-S0063-Q-Zeta","SIM-S0063","SIM-S0063-S","Zeta","-40.888","mV","SIM-M-Zeta","SIM-Q02","-50","-30","EQ","2026-09-02T05:15:00Z","2026-09-02T06:00:00Z","true","APPROVED","DEMO","SYNTHETIC","-40"
"SIM-S0063-Q-Fe","SIM-S0063","SIM-S0063-S","Fe","0.3309","ug/kg","SIM-M-Fe","SIM-Q02","","1","EQ","2026-09-02T05:15:00Z","2026-09-02T06:00:00Z","true","APPROVED","DEMO","SYNTHETIC","0.3"
"SIM-S0064-Q-pH","SIM-S0064","SIM-S0064-S","pH","9.87","pH","SIM-M-pH","SIM-Q02","9.5","10.5","EQ","2026-09-02T06:45:00Z","2026-09-02T07:30:00Z","true","APPROVED","DEMO","SYNTHETIC","10"
"SIM-S0064-Q-Solids","SIM-S0064","SIM-S0064-S","Solids","9.9437","wt%","SIM-M-Solids","SIM-Q02","9.5","10.5","EQ","2026-09-02T06:45:00Z","2026-09-02T07:30:00Z","true","APPROVED","DEMO","SYNTHETIC","10"
"SIM-S0064-Q-Viscosity","SIM-S0064","SIM-S0064-S","Viscosity","1.5978","mPa.s","SIM-M-Viscosity","SIM-Q02","1.2","2.2","EQ","2026-09-02T06:45:00Z","2026-09-02T07:30:00Z","true","APPROVED","DEMO","SYNTHETIC","1.7"
"SIM-S0064-Q-D50","SIM-S0064","SIM-S0064-S","D50","90.0165","nm","SIM-M-D50","SIM-Q02","75","105","EQ","2026-09-02T06:45:00Z","2026-09-02T07:30:00Z","true","APPROVED","DEMO","SYNTHETIC","90"
"SIM-S0064-Q-D90","SIM-S0064","SIM-S0064-S","D90","127.0745","nm","SIM-M-D90","SIM-Q02","110","180","EQ","2026-09-02T06:45:00Z","2026-09-02T07:30:00Z","true","APPROVED","DEMO","SYNTHETIC","130"
"SIM-S0064-Q-LPC_0p5","SIM-S0064","SIM-S0064-S","LPC_0p5","949.92","count/mL","SIM-M-LPC_0p5","SIM-Q02","","3000","EQ","2026-09-02T06:45:00Z","2026-09-02T07:30:00Z","true","APPROVED","DEMO","SYNTHETIC","1000"
"SIM-S0064-Q-LPC_1p0","SIM-S0064","SIM-S0064-S","LPC_1p0","74.4267","count/mL","SIM-M-LPC_1p0","SIM-Q02","","600","EQ","2026-09-02T06:45:00Z","2026-09-02T07:30:00Z","true","APPROVED","DEMO","SYNTHETIC","80"
"SIM-S0064-Q-Zeta","SIM-S0064","SIM-S0064-S","Zeta","-39.7513","mV","SIM-M-Zeta","SIM-Q02","-50","-30","EQ","2026-09-02T06:45:00Z","2026-09-02T07:30:00Z","true","APPROVED","DEMO","SYNTHETIC","-40"
"SIM-S0064-Q-Fe","SIM-S0064","SIM-S0064-S","Fe","0.2668","ug/kg","SIM-M-Fe","SIM-Q02","","1","EQ","2026-09-02T06:45:00Z","2026-09-02T07:30:00Z","true","APPROVED","DEMO","SYNTHETIC","0.3"
"SIM-S0065-Q-pH","SIM-S0065","SIM-S0065-S","pH","10.0663","pH","SIM-M-pH","SIM-Q02","9.5","10.5","EQ","2026-09-02T06:45:00Z","2026-09-02T07:30:00Z","true","APPROVED","DEMO","SYNTHETIC","10"
"SIM-S0065-Q-Solids","SIM-S0065","SIM-S0065-S","Solids","9.9571","wt%","SIM-M-Solids","SIM-Q02","9.5","10.5","EQ","2026-09-02T06:45:00Z","2026-09-02T07:30:00Z","true","APPROVED","DEMO","SYNTHETIC","10"
"SIM-S0065-Q-Viscosity","SIM-S0065","SIM-S0065-S","Viscosity","1.7412","mPa.s","SIM-M-Viscosity","SIM-Q02","1.2","2.2","EQ","2026-09-02T06:45:00Z","2026-09-02T07:30:00Z","true","APPROVED","DEMO","SYNTHETIC","1.7"
"SIM-S0065-Q-D50","SIM-S0065","SIM-S0065-S","D50","91.5753","nm","SIM-M-D50","SIM-Q02","75","105","EQ","2026-09-02T06:45:00Z","2026-09-02T07:30:00Z","true","APPROVED","DEMO","SYNTHETIC","90"
"SIM-S0065-Q-D90","SIM-S0065","SIM-S0065-S","D90","123.9823","nm","SIM-M-D90","SIM-Q02","110","180","EQ","2026-09-02T06:45:00Z","2026-09-02T07:30:00Z","true","APPROVED","DEMO","SYNTHETIC","130"
"SIM-S0065-Q-LPC_0p5","SIM-S0065","SIM-S0065-S","LPC_0p5","1006.6289","count/mL","SIM-M-LPC_0p5","SIM-Q02","","3000","EQ","2026-09-02T06:45:00Z","2026-09-02T07:30:00Z","true","APPROVED","DEMO","SYNTHETIC","1000"
"SIM-S0065-Q-LPC_1p0","SIM-S0065","SIM-S0065-S","LPC_1p0","87.8062","count/mL","SIM-M-LPC_1p0","SIM-Q02","","600","EQ","2026-09-02T06:45:00Z","2026-09-02T07:30:00Z","true","APPROVED","DEMO","SYNTHETIC","80"
"SIM-S0065-Q-Zeta","SIM-S0065","SIM-S0065-S","Zeta","-41.0578","mV","SIM-M-Zeta","SIM-Q02","-50","-30","EQ","2026-09-02T06:45:00Z","2026-09-02T07:30:00Z","true","APPROVED","DEMO","SYNTHETIC","-40"
"SIM-S0065-Q-Fe","SIM-S0065","SIM-S0065-S","Fe","0.2952","ug/kg","SIM-M-Fe","SIM-Q02","","1","EQ","2026-09-02T06:45:00Z","2026-09-02T07:30:00Z","true","APPROVED","DEMO","SYNTHETIC","0.3"
"SIM-S0066-Q-pH","SIM-S0066","SIM-S0066-S","pH","10.0378","pH","SIM-M-pH","SIM-Q02","9.5","10.5","EQ","2026-09-02T06:45:00Z","2026-09-02T07:30:00Z","true","APPROVED","DEMO","SYNTHETIC","10"
"SIM-S0066-Q-Solids","SIM-S0066","SIM-S0066-S","Solids","10.0603","wt%","SIM-M-Solids","SIM-Q02","9.5","10.5","EQ","2026-09-02T06:45:00Z","2026-09-02T07:30:00Z","true","APPROVED","DEMO","SYNTHETIC","10"
"SIM-S0066-Q-Viscosity","SIM-S0066","SIM-S0066-S","Viscosity","1.7259","mPa.s","SIM-M-Viscosity","SIM-Q02","1.2","2.2","EQ","2026-09-02T06:45:00Z","2026-09-02T07:30:00Z","true","APPROVED","DEMO","SYNTHETIC","1.7"
"SIM-S0066-Q-D50","SIM-S0066","SIM-S0066-S","D50","86.8568","nm","SIM-M-D50","SIM-Q02","75","105","EQ","2026-09-02T06:45:00Z","2026-09-02T07:30:00Z","true","APPROVED","DEMO","SYNTHETIC","90"
"SIM-S0066-Q-D90","SIM-S0066","SIM-S0066-S","D90","123.8126","nm","SIM-M-D90","SIM-Q02","110","180","EQ","2026-09-02T06:45:00Z","2026-09-02T07:30:00Z","true","APPROVED","DEMO","SYNTHETIC","130"
"SIM-S0066-Q-LPC_0p5","SIM-S0066","SIM-S0066-S","LPC_0p5","944.6061","count/mL","SIM-M-LPC_0p5","SIM-Q02","","3000","EQ","2026-09-02T06:45:00Z","2026-09-02T07:30:00Z","true","APPROVED","DEMO","SYNTHETIC","1000"
"SIM-S0066-Q-LPC_1p0","SIM-S0066","SIM-S0066-S","LPC_1p0","73.4143","count/mL","SIM-M-LPC_1p0","SIM-Q02","","600","EQ","2026-09-02T06:45:00Z","2026-09-02T07:30:00Z","true","APPROVED","DEMO","SYNTHETIC","80"
"SIM-S0066-Q-Zeta","SIM-S0066","SIM-S0066-S","Zeta","-40.4308","mV","SIM-M-Zeta","SIM-Q02","-50","-30","EQ","2026-09-02T06:45:00Z","2026-09-02T07:30:00Z","true","APPROVED","DEMO","SYNTHETIC","-40"
"SIM-S0066-Q-Fe","SIM-S0066","SIM-S0066-S","Fe","0.2828","ug/kg","SIM-M-Fe","SIM-Q02","","1","EQ","2026-09-02T06:45:00Z","2026-09-02T07:30:00Z","true","APPROVED","DEMO","SYNTHETIC","0.3"
"SIM-S0067-Q-pH","SIM-S0067","SIM-S0067-S","pH","9.9629","pH","SIM-M-pH","SIM-Q02","9.5","10.5","EQ","2026-09-02T08:15:00Z","2026-09-02T09:00:00Z","true","APPROVED","DEMO","SYNTHETIC","10"
"SIM-S0067-Q-Solids","SIM-S0067","SIM-S0067-S","Solids","9.9425","wt%","SIM-M-Solids","SIM-Q02","9.5","10.5","EQ","2026-09-02T08:15:00Z","2026-09-02T09:00:00Z","true","APPROVED","DEMO","SYNTHETIC","10"
"SIM-S0067-Q-Viscosity","SIM-S0067","SIM-S0067-S","Viscosity","1.7218","mPa.s","SIM-M-Viscosity","SIM-Q02","1.2","2.2","EQ","2026-09-02T08:15:00Z","2026-09-02T09:00:00Z","true","APPROVED","DEMO","SYNTHETIC","1.7"
"SIM-S0067-Q-D50","SIM-S0067","SIM-S0067-S","D50","90.5968","nm","SIM-M-D50","SIM-Q02","75","105","EQ","2026-09-02T08:15:00Z","2026-09-02T09:00:00Z","true","APPROVED","DEMO","SYNTHETIC","90"
"SIM-S0067-Q-D90","SIM-S0067","SIM-S0067-S","D90","134.3726","nm","SIM-M-D90","SIM-Q02","110","180","EQ","2026-09-02T08:15:00Z","2026-09-02T09:00:00Z","true","APPROVED","DEMO","SYNTHETIC","130"
"SIM-S0067-Q-LPC_0p5","SIM-S0067","SIM-S0067-S","LPC_0p5","871.1151","count/mL","SIM-M-LPC_0p5","SIM-Q02","","3000","EQ","2026-09-02T08:15:00Z","2026-09-02T09:00:00Z","true","APPROVED","DEMO","SYNTHETIC","1000"
"SIM-S0067-Q-LPC_1p0","SIM-S0067","SIM-S0067-S","LPC_1p0","91.8657","count/mL","SIM-M-LPC_1p0","SIM-Q02","","600","EQ","2026-09-02T08:15:00Z","2026-09-02T09:00:00Z","true","APPROVED","DEMO","SYNTHETIC","80"
"SIM-S0067-Q-Zeta","SIM-S0067","SIM-S0067-S","Zeta","-40.7995","mV","SIM-M-Zeta","SIM-Q02","-50","-30","EQ","2026-09-02T08:15:00Z","2026-09-02T09:00:00Z","true","APPROVED","DEMO","SYNTHETIC","-40"
"SIM-S0067-Q-Fe","SIM-S0067","SIM-S0067-S","Fe","0.3346","ug/kg","SIM-M-Fe","SIM-Q02","","1","EQ","2026-09-02T08:15:00Z","2026-09-02T09:00:00Z","true","APPROVED","DEMO","SYNTHETIC","0.3"
"SIM-S0068-Q-pH","SIM-S0068","SIM-S0068-S","pH","10.0796","pH","SIM-M-pH","SIM-Q02","9.5","10.5","EQ","2026-09-02T08:15:00Z","2026-09-02T09:00:00Z","true","APPROVED","DEMO","SYNTHETIC","10"
"SIM-S0068-Q-Solids","SIM-S0068","SIM-S0068-S","Solids","9.9154","wt%","SIM-M-Solids","SIM-Q02","9.5","10.5","EQ","2026-09-02T08:15:00Z","2026-09-02T09:00:00Z","true","APPROVED","DEMO","SYNTHETIC","10"
"SIM-S0068-Q-Viscosity","SIM-S0068","SIM-S0068-S","Viscosity","1.6358","mPa.s","SIM-M-Viscosity","SIM-Q02","1.2","2.2","EQ","2026-09-02T08:15:00Z","2026-09-02T09:00:00Z","true","APPROVED","DEMO","SYNTHETIC","1.7"
"SIM-S0068-Q-D50","SIM-S0068","SIM-S0068-S","D50","89.9383","nm","SIM-M-D50","SIM-Q02","75","105","EQ","2026-09-02T08:15:00Z","2026-09-02T09:00:00Z","true","APPROVED","DEMO","SYNTHETIC","90"
"SIM-S0068-Q-D90","SIM-S0068","SIM-S0068-S","D90","129.9666","nm","SIM-M-D90","SIM-Q02","110","180","EQ","2026-09-02T08:15:00Z","2026-09-02T09:00:00Z","true","APPROVED","DEMO","SYNTHETIC","130"
"SIM-S0068-Q-LPC_0p5","SIM-S0068","SIM-S0068-S","LPC_0p5","991.9547","count/mL","SIM-M-LPC_0p5","SIM-Q02","","3000","EQ","2026-09-02T08:15:00Z","2026-09-02T09:00:00Z","true","APPROVED","DEMO","SYNTHETIC","1000"
"SIM-S0068-Q-LPC_1p0","SIM-S0068","SIM-S0068-S","LPC_1p0","71.6747","count/mL","SIM-M-LPC_1p0","SIM-Q02","","600","EQ","2026-09-02T08:15:00Z","2026-09-02T09:00:00Z","true","APPROVED","DEMO","SYNTHETIC","80"
"SIM-S0068-Q-Zeta","SIM-S0068","SIM-S0068-S","Zeta","-40.3216","mV","SIM-M-Zeta","SIM-Q02","-50","-30","EQ","2026-09-02T08:15:00Z","2026-09-02T09:00:00Z","true","APPROVED","DEMO","SYNTHETIC","-40"
"SIM-S0068-Q-Fe","SIM-S0068","SIM-S0068-S","Fe","0.2981","ug/kg","SIM-M-Fe","SIM-Q02","","1","EQ","2026-09-02T08:15:00Z","2026-09-02T09:00:00Z","true","APPROVED","DEMO","SYNTHETIC","0.3"
"SIM-S0069-Q-pH","SIM-S0069","SIM-S0069-S","pH","9.9618","pH","SIM-M-pH","SIM-Q02","9.5","10.5","EQ","2026-09-02T08:15:00Z","2026-09-02T09:00:00Z","true","APPROVED","DEMO","SYNTHETIC","10"
"SIM-S0069-Q-Solids","SIM-S0069","SIM-S0069-S","Solids","9.8717","wt%","SIM-M-Solids","SIM-Q02","9.5","10.5","EQ","2026-09-02T08:15:00Z","2026-09-02T09:00:00Z","true","APPROVED","DEMO","SYNTHETIC","10"
"SIM-S0069-Q-Viscosity","SIM-S0069","SIM-S0069-S","Viscosity","1.8761","mPa.s","SIM-M-Viscosity","SIM-Q02","1.2","2.2","EQ","2026-09-02T08:15:00Z","2026-09-02T09:00:00Z","true","APPROVED","DEMO","SYNTHETIC","1.7"
"SIM-S0069-Q-D50","SIM-S0069","SIM-S0069-S","D50","95.4338","nm","SIM-M-D50","SIM-Q02","75","105","EQ","2026-09-02T08:15:00Z","2026-09-02T09:00:00Z","true","APPROVED","DEMO","SYNTHETIC","90"
"SIM-S0069-Q-D90","SIM-S0069","SIM-S0069-S","D90","130.834","nm","SIM-M-D90","SIM-Q02","110","180","EQ","2026-09-02T08:15:00Z","2026-09-02T09:00:00Z","true","APPROVED","DEMO","SYNTHETIC","130"
"SIM-S0069-Q-LPC_0p5","SIM-S0069","SIM-S0069-S","LPC_0p5","1021.0473","count/mL","SIM-M-LPC_0p5","SIM-Q02","","3000","EQ","2026-09-02T08:15:00Z","2026-09-02T09:00:00Z","true","APPROVED","DEMO","SYNTHETIC","1000"
"SIM-S0069-Q-LPC_1p0","SIM-S0069","SIM-S0069-S","LPC_1p0","54.3336","count/mL","SIM-M-LPC_1p0","SIM-Q02","","600","EQ","2026-09-02T08:15:00Z","2026-09-02T09:00:00Z","true","APPROVED","DEMO","SYNTHETIC","80"
"SIM-S0069-Q-Zeta","SIM-S0069","SIM-S0069-S","Zeta","-39.7917","mV","SIM-M-Zeta","SIM-Q02","-50","-30","EQ","2026-09-02T08:15:00Z","2026-09-02T09:00:00Z","true","APPROVED","DEMO","SYNTHETIC","-40"
"SIM-S0069-Q-Fe","SIM-S0069","SIM-S0069-S","Fe","0.3086","ug/kg","SIM-M-Fe","SIM-Q02","","1","EQ","2026-09-02T08:15:00Z","2026-09-02T09:00:00Z","true","APPROVED","DEMO","SYNTHETIC","0.3"
"SIM-S0070-Q-pH","SIM-S0070","SIM-S0070-S","pH","10.1135","pH","SIM-M-pH","SIM-Q02","9.5","10.5","EQ","2026-09-02T09:45:00Z","2026-09-02T10:30:00Z","true","APPROVED","DEMO","SYNTHETIC","10"
"SIM-S0070-Q-Solids","SIM-S0070","SIM-S0070-S","Solids","9.9772","wt%","SIM-M-Solids","SIM-Q02","9.5","10.5","EQ","2026-09-02T09:45:00Z","2026-09-02T10:30:00Z","true","APPROVED","DEMO","SYNTHETIC","10"
"SIM-S0070-Q-Viscosity","SIM-S0070","SIM-S0070-S","Viscosity","1.7593","mPa.s","SIM-M-Viscosity","SIM-Q02","1.2","2.2","EQ","2026-09-02T09:45:00Z","2026-09-02T10:30:00Z","true","APPROVED","DEMO","SYNTHETIC","1.7"
"SIM-S0070-Q-D50","SIM-S0070","SIM-S0070-S","D50","90.8615","nm","SIM-M-D50","SIM-Q02","75","105","EQ","2026-09-02T09:45:00Z","2026-09-02T10:30:00Z","true","APPROVED","DEMO","SYNTHETIC","90"
"SIM-S0070-Q-D90","SIM-S0070","SIM-S0070-S","D90","129.2784","nm","SIM-M-D90","SIM-Q02","110","180","EQ","2026-09-02T09:45:00Z","2026-09-02T10:30:00Z","true","APPROVED","DEMO","SYNTHETIC","130"
"SIM-S0070-Q-LPC_0p5","SIM-S0070","SIM-S0070-S","LPC_0p5","1028.1143","count/mL","SIM-M-LPC_0p5","SIM-Q02","","3000","EQ","2026-09-02T09:45:00Z","2026-09-02T10:30:00Z","true","APPROVED","DEMO","SYNTHETIC","1000"
"SIM-S0070-Q-LPC_1p0","SIM-S0070","SIM-S0070-S","LPC_1p0","89.5651","count/mL","SIM-M-LPC_1p0","SIM-Q02","","600","EQ","2026-09-02T09:45:00Z","2026-09-02T10:30:00Z","true","APPROVED","DEMO","SYNTHETIC","80"
"SIM-S0070-Q-Zeta","SIM-S0070","SIM-S0070-S","Zeta","-38.3909","mV","SIM-M-Zeta","SIM-Q02","-50","-30","EQ","2026-09-02T09:45:00Z","2026-09-02T10:30:00Z","true","APPROVED","DEMO","SYNTHETIC","-40"
"SIM-S0070-Q-Fe","SIM-S0070","SIM-S0070-S","Fe","0.3256","ug/kg","SIM-M-Fe","SIM-Q02","","1","EQ","2026-09-02T09:45:00Z","2026-09-02T10:30:00Z","true","APPROVED","DEMO","SYNTHETIC","0.3"
"SIM-S0071-Q-pH","SIM-S0071","SIM-S0071-S","pH","9.9426","pH","SIM-M-pH","SIM-Q02","9.5","10.5","EQ","2026-09-02T09:45:00Z","2026-09-02T10:30:00Z","true","APPROVED","DEMO","SYNTHETIC","10"
"SIM-S0071-Q-Solids","SIM-S0071","SIM-S0071-S","Solids","10.0371","wt%","SIM-M-Solids","SIM-Q02","9.5","10.5","EQ","2026-09-02T09:45:00Z","2026-09-02T10:30:00Z","true","APPROVED","DEMO","SYNTHETIC","10"
"SIM-S0071-Q-Viscosity","SIM-S0071","SIM-S0071-S","Viscosity","1.7848","mPa.s","SIM-M-Viscosity","SIM-Q02","1.2","2.2","EQ","2026-09-02T09:45:00Z","2026-09-02T10:30:00Z","true","APPROVED","DEMO","SYNTHETIC","1.7"
"SIM-S0071-Q-D50","SIM-S0071","SIM-S0071-S","D50","90.6351","nm","SIM-M-D50","SIM-Q02","75","105","EQ","2026-09-02T09:45:00Z","2026-09-02T10:30:00Z","true","APPROVED","DEMO","SYNTHETIC","90"
"SIM-S0071-Q-D90","SIM-S0071","SIM-S0071-S","D90","124.1561","nm","SIM-M-D90","SIM-Q02","110","180","EQ","2026-09-02T09:45:00Z","2026-09-02T10:30:00Z","true","APPROVED","DEMO","SYNTHETIC","130"
"SIM-S0071-Q-LPC_0p5","SIM-S0071","SIM-S0071-S","LPC_0p5","936.287","count/mL","SIM-M-LPC_0p5","SIM-Q02","","3000","EQ","2026-09-02T09:45:00Z","2026-09-02T10:30:00Z","true","APPROVED","DEMO","SYNTHETIC","1000"
"SIM-S0071-Q-LPC_1p0","SIM-S0071","SIM-S0071-S","LPC_1p0","81.2689","count/mL","SIM-M-LPC_1p0","SIM-Q02","","600","EQ","2026-09-02T09:45:00Z","2026-09-02T10:30:00Z","true","APPROVED","DEMO","SYNTHETIC","80"
"SIM-S0071-Q-Zeta","SIM-S0071","SIM-S0071-S","Zeta","-39.4069","mV","SIM-M-Zeta","SIM-Q02","-50","-30","EQ","2026-09-02T09:45:00Z","2026-09-02T10:30:00Z","true","APPROVED","DEMO","SYNTHETIC","-40"
"SIM-S0071-Q-Fe","SIM-S0071","SIM-S0071-S","Fe","0.301","ug/kg","SIM-M-Fe","SIM-Q02","","1","EQ","2026-09-02T09:45:00Z","2026-09-02T10:30:00Z","true","APPROVED","DEMO","SYNTHETIC","0.3"
"SIM-S0072-Q-pH","SIM-S0072","SIM-S0072-S","pH","10.191","pH","SIM-M-pH","SIM-Q02","9.5","10.5","EQ","2026-09-02T09:45:00Z","2026-09-02T10:30:00Z","true","APPROVED","DEMO","SYNTHETIC","10"
"SIM-S0072-Q-Solids","SIM-S0072","SIM-S0072-S","Solids","9.9385","wt%","SIM-M-Solids","SIM-Q02","9.5","10.5","EQ","2026-09-02T09:45:00Z","2026-09-02T10:30:00Z","true","APPROVED","DEMO","SYNTHETIC","10"
"SIM-S0072-Q-Viscosity","SIM-S0072","SIM-S0072-S","Viscosity","1.6659","mPa.s","SIM-M-Viscosity","SIM-Q02","1.2","2.2","EQ","2026-09-02T09:45:00Z","2026-09-02T10:30:00Z","true","APPROVED","DEMO","SYNTHETIC","1.7"
"SIM-S0072-Q-D50","SIM-S0072","SIM-S0072-S","D50","93.5026","nm","SIM-M-D50","SIM-Q02","75","105","EQ","2026-09-02T09:45:00Z","2026-09-02T10:30:00Z","true","APPROVED","DEMO","SYNTHETIC","90"
"SIM-S0072-Q-D90","SIM-S0072","SIM-S0072-S","D90","118.8595","nm","SIM-M-D90","SIM-Q02","110","180","EQ","2026-09-02T09:45:00Z","2026-09-02T10:30:00Z","true","APPROVED","DEMO","SYNTHETIC","130"
"SIM-S0072-Q-LPC_0p5","SIM-S0072","SIM-S0072-S","LPC_0p5","1156.2928","count/mL","SIM-M-LPC_0p5","SIM-Q02","","3000","EQ","2026-09-02T09:45:00Z","2026-09-02T10:30:00Z","true","APPROVED","DEMO","SYNTHETIC","1000"
"SIM-S0072-Q-LPC_1p0","SIM-S0072","SIM-S0072-S","LPC_1p0","67.618","count/mL","SIM-M-LPC_1p0","SIM-Q02","","600","EQ","2026-09-02T09:45:00Z","2026-09-02T10:30:00Z","true","APPROVED","DEMO","SYNTHETIC","80"
"SIM-S0072-Q-Zeta","SIM-S0072","SIM-S0072-S","Zeta","-39.1471","mV","SIM-M-Zeta","SIM-Q02","-50","-30","EQ","2026-09-02T09:45:00Z","2026-09-02T10:30:00Z","true","APPROVED","DEMO","SYNTHETIC","-40"
"SIM-S0072-Q-Fe","SIM-S0072","SIM-S0072-S","Fe","0.3098","ug/kg","SIM-M-Fe","SIM-Q02","","1","EQ","2026-09-02T09:45:00Z","2026-09-02T10:30:00Z","true","APPROVED","DEMO","SYNTHETIC","0.3"
"SIM-S0073-Q-pH","SIM-S0073","SIM-S0073-S","pH","9.9751","pH","SIM-M-pH","SIM-Q02","9.5","10.5","EQ","2026-09-02T11:15:00Z","2026-09-02T12:00:00Z","true","APPROVED","DEMO","SYNTHETIC","10"
"SIM-S0073-Q-Solids","SIM-S0073","SIM-S0073-S","Solids","9.9321","wt%","SIM-M-Solids","SIM-Q02","9.5","10.5","EQ","2026-09-02T11:15:00Z","2026-09-02T12:00:00Z","true","APPROVED","DEMO","SYNTHETIC","10"
"SIM-S0073-Q-Viscosity","SIM-S0073","SIM-S0073-S","Viscosity","1.5874","mPa.s","SIM-M-Viscosity","SIM-Q02","1.2","2.2","EQ","2026-09-02T11:15:00Z","2026-09-02T12:00:00Z","true","APPROVED","DEMO","SYNTHETIC","1.7"
"SIM-S0073-Q-D50","SIM-S0073","SIM-S0073-S","D50","87.2468","nm","SIM-M-D50","SIM-Q02","75","105","EQ","2026-09-02T11:15:00Z","2026-09-02T12:00:00Z","true","APPROVED","DEMO","SYNTHETIC","90"
"SIM-S0073-Q-D90","SIM-S0073","SIM-S0073-S","D90","132.3259","nm","SIM-M-D90","SIM-Q02","110","180","EQ","2026-09-02T11:15:00Z","2026-09-02T12:00:00Z","true","APPROVED","DEMO","SYNTHETIC","130"
"SIM-S0073-Q-LPC_0p5","SIM-S0073","SIM-S0073-S","LPC_0p5","1230.6537","count/mL","SIM-M-LPC_0p5","SIM-Q02","","3000","EQ","2026-09-02T11:15:00Z","2026-09-02T12:00:00Z","true","APPROVED","DEMO","SYNTHETIC","1000"
"SIM-S0073-Q-LPC_1p0","SIM-S0073","SIM-S0073-S","LPC_1p0","79.142","count/mL","SIM-M-LPC_1p0","SIM-Q02","","600","EQ","2026-09-02T11:15:00Z","2026-09-02T12:00:00Z","true","APPROVED","DEMO","SYNTHETIC","80"
"SIM-S0073-Q-Zeta","SIM-S0073","SIM-S0073-S","Zeta","-39.8634","mV","SIM-M-Zeta","SIM-Q02","-50","-30","EQ","2026-09-02T11:15:00Z","2026-09-02T12:00:00Z","true","APPROVED","DEMO","SYNTHETIC","-40"
"SIM-S0073-Q-Fe","SIM-S0073","SIM-S0073-S","Fe","0.299","ug/kg","SIM-M-Fe","SIM-Q02","","1","EQ","2026-09-02T11:15:00Z","2026-09-02T12:00:00Z","true","APPROVED","DEMO","SYNTHETIC","0.3"
"SIM-S0074-Q-pH","SIM-S0074","SIM-S0074-S","pH","9.9574","pH","SIM-M-pH","SIM-Q02","9.5","10.5","EQ","2026-09-02T11:15:00Z","2026-09-02T12:00:00Z","true","APPROVED","DEMO","SYNTHETIC","10"
"SIM-S0074-Q-Solids","SIM-S0074","SIM-S0074-S","Solids","10.0822","wt%","SIM-M-Solids","SIM-Q02","9.5","10.5","EQ","2026-09-02T11:15:00Z","2026-09-02T12:00:00Z","true","APPROVED","DEMO","SYNTHETIC","10"
"SIM-S0074-Q-Viscosity","SIM-S0074","SIM-S0074-S","Viscosity","1.7395","mPa.s","SIM-M-Viscosity","SIM-Q02","1.2","2.2","EQ","2026-09-02T11:15:00Z","2026-09-02T12:00:00Z","true","APPROVED","DEMO","SYNTHETIC","1.7"
"SIM-S0074-Q-D50","SIM-S0074","SIM-S0074-S","D50","88.8518","nm","SIM-M-D50","SIM-Q02","75","105","EQ","2026-09-02T11:15:00Z","2026-09-02T12:00:00Z","true","APPROVED","DEMO","SYNTHETIC","90"
"SIM-S0074-Q-D90","SIM-S0074","SIM-S0074-S","D90","128.8714","nm","SIM-M-D90","SIM-Q02","110","180","EQ","2026-09-02T11:15:00Z","2026-09-02T12:00:00Z","true","APPROVED","DEMO","SYNTHETIC","130"
"SIM-S0074-Q-LPC_0p5","SIM-S0074","SIM-S0074-S","LPC_0p5","1040.7268","count/mL","SIM-M-LPC_0p5","SIM-Q02","","3000","EQ","2026-09-02T11:15:00Z","2026-09-02T12:00:00Z","true","APPROVED","DEMO","SYNTHETIC","1000"
"SIM-S0074-Q-LPC_1p0","SIM-S0074","SIM-S0074-S","LPC_1p0","85.0007","count/mL","SIM-M-LPC_1p0","SIM-Q02","","600","EQ","2026-09-02T11:15:00Z","2026-09-02T12:00:00Z","true","APPROVED","DEMO","SYNTHETIC","80"
"SIM-S0074-Q-Zeta","SIM-S0074","SIM-S0074-S","Zeta","-39.7434","mV","SIM-M-Zeta","SIM-Q02","-50","-30","EQ","2026-09-02T11:15:00Z","2026-09-02T12:00:00Z","true","APPROVED","DEMO","SYNTHETIC","-40"
"SIM-S0074-Q-Fe","SIM-S0074","SIM-S0074-S","Fe","0.2652","ug/kg","SIM-M-Fe","SIM-Q02","","1","EQ","2026-09-02T11:15:00Z","2026-09-02T12:00:00Z","true","APPROVED","DEMO","SYNTHETIC","0.3"
"SIM-S0075-Q-pH","SIM-S0075","SIM-S0075-S","pH","9.8826","pH","SIM-M-pH","SIM-Q02","9.5","10.5","EQ","2026-09-02T11:15:00Z","2026-09-02T12:00:00Z","true","APPROVED","DEMO","SYNTHETIC","10"
"SIM-S0075-Q-Solids","SIM-S0075","SIM-S0075-S","Solids","10.0195","wt%","SIM-M-Solids","SIM-Q02","9.5","10.5","EQ","2026-09-02T11:15:00Z","2026-09-02T12:00:00Z","true","APPROVED","DEMO","SYNTHETIC","10"
"SIM-S0075-Q-Viscosity","SIM-S0075","SIM-S0075-S","Viscosity","1.7081","mPa.s","SIM-M-Viscosity","SIM-Q02","1.2","2.2","EQ","2026-09-02T11:15:00Z","2026-09-02T12:00:00Z","true","APPROVED","DEMO","SYNTHETIC","1.7"
"SIM-S0075-Q-D50","SIM-S0075","SIM-S0075-S","D50","86.0342","nm","SIM-M-D50","SIM-Q02","75","105","EQ","2026-09-02T11:15:00Z","2026-09-02T12:00:00Z","true","APPROVED","DEMO","SYNTHETIC","90"
"SIM-S0075-Q-D90","SIM-S0075","SIM-S0075-S","D90","125.7507","nm","SIM-M-D90","SIM-Q02","110","180","EQ","2026-09-02T11:15:00Z","2026-09-02T12:00:00Z","true","APPROVED","DEMO","SYNTHETIC","130"
"SIM-S0075-Q-LPC_0p5","SIM-S0075","SIM-S0075-S","LPC_0p5","1033.8185","count/mL","SIM-M-LPC_0p5","SIM-Q02","","3000","EQ","2026-09-02T11:15:00Z","2026-09-02T12:00:00Z","true","APPROVED","DEMO","SYNTHETIC","1000"
"SIM-S0075-Q-LPC_1p0","SIM-S0075","SIM-S0075-S","LPC_1p0","97.5455","count/mL","SIM-M-LPC_1p0","SIM-Q02","","600","EQ","2026-09-02T11:15:00Z","2026-09-02T12:00:00Z","true","APPROVED","DEMO","SYNTHETIC","80"
"SIM-S0075-Q-Zeta","SIM-S0075","SIM-S0075-S","Zeta","-39.692","mV","SIM-M-Zeta","SIM-Q02","-50","-30","EQ","2026-09-02T11:15:00Z","2026-09-02T12:00:00Z","true","APPROVED","DEMO","SYNTHETIC","-40"
"SIM-S0075-Q-Fe","SIM-S0075","SIM-S0075-S","Fe","0.3033","ug/kg","SIM-M-Fe","SIM-Q02","","1","EQ","2026-09-02T11:15:00Z","2026-09-02T12:00:00Z","true","APPROVED","DEMO","SYNTHETIC","0.3"
"SIM-S0076-Q-pH","SIM-S0076","SIM-S0076-S","pH","9.9497","pH","SIM-M-pH","SIM-Q02","9.5","10.5","EQ","2026-09-02T12:45:00Z","2026-09-02T13:30:00Z","true","APPROVED","DEMO","SYNTHETIC","10"
"SIM-S0076-Q-Solids","SIM-S0076","SIM-S0076-S","Solids","10.0298","wt%","SIM-M-Solids","SIM-Q02","9.5","10.5","EQ","2026-09-02T12:45:00Z","2026-09-02T13:30:00Z","true","APPROVED","DEMO","SYNTHETIC","10"
"SIM-S0076-Q-Viscosity","SIM-S0076","SIM-S0076-S","Viscosity","1.6619","mPa.s","SIM-M-Viscosity","SIM-Q02","1.2","2.2","EQ","2026-09-02T12:45:00Z","2026-09-02T13:30:00Z","true","APPROVED","DEMO","SYNTHETIC","1.7"
"SIM-S0076-Q-D50","SIM-S0076","SIM-S0076-S","D50","93.0535","nm","SIM-M-D50","SIM-Q02","75","105","EQ","2026-09-02T12:45:00Z","2026-09-02T13:30:00Z","true","APPROVED","DEMO","SYNTHETIC","90"
"SIM-S0076-Q-D90","SIM-S0076","SIM-S0076-S","D90","129.8733","nm","SIM-M-D90","SIM-Q02","110","180","EQ","2026-09-02T12:45:00Z","2026-09-02T13:30:00Z","true","APPROVED","DEMO","SYNTHETIC","130"
"SIM-S0076-Q-LPC_0p5","SIM-S0076","SIM-S0076-S","LPC_0p5","1163.7654","count/mL","SIM-M-LPC_0p5","SIM-Q02","","3000","EQ","2026-09-02T12:45:00Z","2026-09-02T13:30:00Z","true","APPROVED","DEMO","SYNTHETIC","1000"
"SIM-S0076-Q-LPC_1p0","SIM-S0076","SIM-S0076-S","LPC_1p0","91.8741","count/mL","SIM-M-LPC_1p0","SIM-Q02","","600","EQ","2026-09-02T12:45:00Z","2026-09-02T13:30:00Z","true","APPROVED","DEMO","SYNTHETIC","80"
"SIM-S0076-Q-Zeta","SIM-S0076","SIM-S0076-S","Zeta","-41.215","mV","SIM-M-Zeta","SIM-Q02","-50","-30","EQ","2026-09-02T12:45:00Z","2026-09-02T13:30:00Z","true","APPROVED","DEMO","SYNTHETIC","-40"
"SIM-S0076-Q-Fe","SIM-S0076","SIM-S0076-S","Fe","0.2919","ug/kg","SIM-M-Fe","SIM-Q02","","1","EQ","2026-09-02T12:45:00Z","2026-09-02T13:30:00Z","true","APPROVED","DEMO","SYNTHETIC","0.3"
"SIM-S0077-Q-pH","SIM-S0077","SIM-S0077-S","pH","10.0639","pH","SIM-M-pH","SIM-Q02","9.5","10.5","EQ","2026-09-02T12:45:00Z","2026-09-02T13:30:00Z","true","APPROVED","DEMO","SYNTHETIC","10"
"SIM-S0077-Q-Solids","SIM-S0077","SIM-S0077-S","Solids","10.0761","wt%","SIM-M-Solids","SIM-Q02","9.5","10.5","EQ","2026-09-02T12:45:00Z","2026-09-02T13:30:00Z","true","APPROVED","DEMO","SYNTHETIC","10"
"SIM-S0077-Q-Viscosity","SIM-S0077","SIM-S0077-S","Viscosity","1.8044","mPa.s","SIM-M-Viscosity","SIM-Q02","1.2","2.2","EQ","2026-09-02T12:45:00Z","2026-09-02T13:30:00Z","true","APPROVED","DEMO","SYNTHETIC","1.7"
"SIM-S0077-Q-D50","SIM-S0077","SIM-S0077-S","D50","89.8674","nm","SIM-M-D50","SIM-Q02","75","105","EQ","2026-09-02T12:45:00Z","2026-09-02T13:30:00Z","true","APPROVED","DEMO","SYNTHETIC","90"
"SIM-S0077-Q-D90","SIM-S0077","SIM-S0077-S","D90","124.2975","nm","SIM-M-D90","SIM-Q02","110","180","EQ","2026-09-02T12:45:00Z","2026-09-02T13:30:00Z","true","APPROVED","DEMO","SYNTHETIC","130"
"SIM-S0077-Q-LPC_0p5","SIM-S0077","SIM-S0077-S","LPC_0p5","799.6097","count/mL","SIM-M-LPC_0p5","SIM-Q02","","3000","EQ","2026-09-02T12:45:00Z","2026-09-02T13:30:00Z","true","APPROVED","DEMO","SYNTHETIC","1000"
"SIM-S0077-Q-LPC_1p0","SIM-S0077","SIM-S0077-S","LPC_1p0","88.4613","count/mL","SIM-M-LPC_1p0","SIM-Q02","","600","EQ","2026-09-02T12:45:00Z","2026-09-02T13:30:00Z","true","APPROVED","DEMO","SYNTHETIC","80"
"SIM-S0077-Q-Zeta","SIM-S0077","SIM-S0077-S","Zeta","-39.0931","mV","SIM-M-Zeta","SIM-Q02","-50","-30","EQ","2026-09-02T12:45:00Z","2026-09-02T13:30:00Z","true","APPROVED","DEMO","SYNTHETIC","-40"
"SIM-S0077-Q-Fe","SIM-S0077","SIM-S0077-S","Fe","0.3041","ug/kg","SIM-M-Fe","SIM-Q02","","1","EQ","2026-09-02T12:45:00Z","2026-09-02T13:30:00Z","true","APPROVED","DEMO","SYNTHETIC","0.3"
"SIM-S0078-Q-pH","SIM-S0078","SIM-S0078-S","pH","10.0194","pH","SIM-M-pH","SIM-Q02","9.5","10.5","EQ","2026-09-02T12:45:00Z","2026-09-02T13:30:00Z","true","APPROVED","DEMO","SYNTHETIC","10"
"SIM-S0078-Q-Solids","SIM-S0078","SIM-S0078-S","Solids","10.0964","wt%","SIM-M-Solids","SIM-Q02","9.5","10.5","EQ","2026-09-02T12:45:00Z","2026-09-02T13:30:00Z","true","APPROVED","DEMO","SYNTHETIC","10"
"SIM-S0078-Q-Viscosity","SIM-S0078","SIM-S0078-S","Viscosity","1.7103","mPa.s","SIM-M-Viscosity","SIM-Q02","1.2","2.2","EQ","2026-09-02T12:45:00Z","2026-09-02T13:30:00Z","true","APPROVED","DEMO","SYNTHETIC","1.7"
"SIM-S0078-Q-D50","SIM-S0078","SIM-S0078-S","D50","91.8149","nm","SIM-M-D50","SIM-Q02","75","105","EQ","2026-09-02T12:45:00Z","2026-09-02T13:30:00Z","true","APPROVED","DEMO","SYNTHETIC","90"
"SIM-S0078-Q-D90","SIM-S0078","SIM-S0078-S","D90","125.4626","nm","SIM-M-D90","SIM-Q02","110","180","EQ","2026-09-02T12:45:00Z","2026-09-02T13:30:00Z","true","APPROVED","DEMO","SYNTHETIC","130"
"SIM-S0078-Q-LPC_0p5","SIM-S0078","SIM-S0078-S","LPC_0p5","728.3743","count/mL","SIM-M-LPC_0p5","SIM-Q02","","3000","EQ","2026-09-02T12:45:00Z","2026-09-02T13:30:00Z","true","APPROVED","DEMO","SYNTHETIC","1000"
"SIM-S0078-Q-LPC_1p0","SIM-S0078","SIM-S0078-S","LPC_1p0","69.9646","count/mL","SIM-M-LPC_1p0","SIM-Q02","","600","EQ","2026-09-02T12:45:00Z","2026-09-02T13:30:00Z","true","APPROVED","DEMO","SYNTHETIC","80"
"SIM-S0078-Q-Zeta","SIM-S0078","SIM-S0078-S","Zeta","-39.8262","mV","SIM-M-Zeta","SIM-Q02","-50","-30","EQ","2026-09-02T12:45:00Z","2026-09-02T13:30:00Z","true","APPROVED","DEMO","SYNTHETIC","-40"
"SIM-S0078-Q-Fe","SIM-S0078","SIM-S0078-S","Fe","0.2951","ug/kg","SIM-M-Fe","SIM-Q02","","1","EQ","2026-09-02T12:45:00Z","2026-09-02T13:30:00Z","true","APPROVED","DEMO","SYNTHETIC","0.3"
"SIM-S0079-Q-pH","SIM-S0079","SIM-S0079-S","pH","10.0685","pH","SIM-M-pH","SIM-Q02","9.5","10.5","EQ","2026-09-02T14:15:00Z","2026-09-02T15:00:00Z","true","APPROVED","DEMO","SYNTHETIC","10"
"SIM-S0079-Q-Solids","SIM-S0079","SIM-S0079-S","Solids","10.0325","wt%","SIM-M-Solids","SIM-Q02","9.5","10.5","EQ","2026-09-02T14:15:00Z","2026-09-02T15:00:00Z","true","APPROVED","DEMO","SYNTHETIC","10"
"SIM-S0079-Q-Viscosity","SIM-S0079","SIM-S0079-S","Viscosity","1.7911","mPa.s","SIM-M-Viscosity","SIM-Q02","1.2","2.2","EQ","2026-09-02T14:15:00Z","2026-09-02T15:00:00Z","true","APPROVED","DEMO","SYNTHETIC","1.7"
"SIM-S0079-Q-D50","SIM-S0079","SIM-S0079-S","D50","90.6193","nm","SIM-M-D50","SIM-Q02","75","105","EQ","2026-09-02T14:15:00Z","2026-09-02T15:00:00Z","true","APPROVED","DEMO","SYNTHETIC","90"
"SIM-S0079-Q-D90","SIM-S0079","SIM-S0079-S","D90","130.1533","nm","SIM-M-D90","SIM-Q02","110","180","EQ","2026-09-02T14:15:00Z","2026-09-02T15:00:00Z","true","APPROVED","DEMO","SYNTHETIC","130"
"SIM-S0079-Q-LPC_0p5","SIM-S0079","SIM-S0079-S","LPC_0p5","977.6406","count/mL","SIM-M-LPC_0p5","SIM-Q02","","3000","EQ","2026-09-02T14:15:00Z","2026-09-02T15:00:00Z","true","APPROVED","DEMO","SYNTHETIC","1000"
"SIM-S0079-Q-LPC_1p0","SIM-S0079","SIM-S0079-S","LPC_1p0","91.289","count/mL","SIM-M-LPC_1p0","SIM-Q02","","600","EQ","2026-09-02T14:15:00Z","2026-09-02T15:00:00Z","true","APPROVED","DEMO","SYNTHETIC","80"
"SIM-S0079-Q-Zeta","SIM-S0079","SIM-S0079-S","Zeta","-41.065","mV","SIM-M-Zeta","SIM-Q02","-50","-30","EQ","2026-09-02T14:15:00Z","2026-09-02T15:00:00Z","true","APPROVED","DEMO","SYNTHETIC","-40"
"SIM-S0079-Q-Fe","SIM-S0079","SIM-S0079-S","Fe","0.3028","ug/kg","SIM-M-Fe","SIM-Q02","","1","EQ","2026-09-02T14:15:00Z","2026-09-02T15:00:00Z","true","APPROVED","DEMO","SYNTHETIC","0.3"
"SIM-S0080-Q-pH","SIM-S0080","SIM-S0080-S","pH","9.7927","pH","SIM-M-pH","SIM-Q02","9.5","10.5","EQ","2026-09-02T14:15:00Z","2026-09-02T15:00:00Z","true","APPROVED","DEMO","SYNTHETIC","10"
"SIM-S0080-Q-Solids","SIM-S0080","SIM-S0080-S","Solids","10.0881","wt%","SIM-M-Solids","SIM-Q02","9.5","10.5","EQ","2026-09-02T14:15:00Z","2026-09-02T15:00:00Z","true","APPROVED","DEMO","SYNTHETIC","10"
"SIM-S0080-Q-Viscosity","SIM-S0080","SIM-S0080-S","Viscosity","1.6274","mPa.s","SIM-M-Viscosity","SIM-Q02","1.2","2.2","EQ","2026-09-02T14:15:00Z","2026-09-02T15:00:00Z","true","APPROVED","DEMO","SYNTHETIC","1.7"
"SIM-S0080-Q-D50","SIM-S0080","SIM-S0080-S","D50","88.6839","nm","SIM-M-D50","SIM-Q02","75","105","EQ","2026-09-02T14:15:00Z","2026-09-02T15:00:00Z","true","APPROVED","DEMO","SYNTHETIC","90"
"SIM-S0080-Q-D90","SIM-S0080","SIM-S0080-S","D90","126.3893","nm","SIM-M-D90","SIM-Q02","110","180","EQ","2026-09-02T14:15:00Z","2026-09-02T15:00:00Z","true","APPROVED","DEMO","SYNTHETIC","130"
"SIM-S0080-Q-LPC_0p5","SIM-S0080","SIM-S0080-S","LPC_0p5","1016.1861","count/mL","SIM-M-LPC_0p5","SIM-Q02","","3000","EQ","2026-09-02T14:15:00Z","2026-09-02T15:00:00Z","true","APPROVED","DEMO","SYNTHETIC","1000"
"SIM-S0080-Q-LPC_1p0","SIM-S0080","SIM-S0080-S","LPC_1p0","86.6479","count/mL","SIM-M-LPC_1p0","SIM-Q02","","600","EQ","2026-09-02T14:15:00Z","2026-09-02T15:00:00Z","true","APPROVED","DEMO","SYNTHETIC","80"
"SIM-S0080-Q-Zeta","SIM-S0080","SIM-S0080-S","Zeta","-39.8091","mV","SIM-M-Zeta","SIM-Q02","-50","-30","EQ","2026-09-02T14:15:00Z","2026-09-02T15:00:00Z","true","APPROVED","DEMO","SYNTHETIC","-40"
"SIM-S0080-Q-Fe","SIM-S0080","SIM-S0080-S","Fe","0.3165","ug/kg","SIM-M-Fe","SIM-Q02","","1","EQ","2026-09-02T14:15:00Z","2026-09-02T15:00:00Z","true","APPROVED","DEMO","SYNTHETIC","0.3"
"SIM-S0081-Q-pH","SIM-S0081","SIM-S0081-S","pH","10.0209","pH","SIM-M-pH","SIM-Q02","9.5","10.5","EQ","2026-09-02T14:15:00Z","2026-09-02T15:00:00Z","true","APPROVED","DEMO","SYNTHETIC","10"
"SIM-S0081-Q-Solids","SIM-S0081","SIM-S0081-S","Solids","9.9075","wt%","SIM-M-Solids","SIM-Q02","9.5","10.5","EQ","2026-09-02T14:15:00Z","2026-09-02T15:00:00Z","true","APPROVED","DEMO","SYNTHETIC","10"
"SIM-S0081-Q-Viscosity","SIM-S0081","SIM-S0081-S","Viscosity","1.67","mPa.s","SIM-M-Viscosity","SIM-Q02","1.2","2.2","EQ","2026-09-02T14:15:00Z","2026-09-02T15:00:00Z","true","APPROVED","DEMO","SYNTHETIC","1.7"
"SIM-S0081-Q-D50","SIM-S0081","SIM-S0081-S","D50","92.3467","nm","SIM-M-D50","SIM-Q02","75","105","EQ","2026-09-02T14:15:00Z","2026-09-02T15:00:00Z","true","APPROVED","DEMO","SYNTHETIC","90"
"SIM-S0081-Q-D90","SIM-S0081","SIM-S0081-S","D90","128.7374","nm","SIM-M-D90","SIM-Q02","110","180","EQ","2026-09-02T14:15:00Z","2026-09-02T15:00:00Z","true","APPROVED","DEMO","SYNTHETIC","130"
"SIM-S0081-Q-LPC_0p5","SIM-S0081","SIM-S0081-S","LPC_0p5","1237.8656","count/mL","SIM-M-LPC_0p5","SIM-Q02","","3000","EQ","2026-09-02T14:15:00Z","2026-09-02T15:00:00Z","true","APPROVED","DEMO","SYNTHETIC","1000"
"SIM-S0081-Q-LPC_1p0","SIM-S0081","SIM-S0081-S","LPC_1p0","82.7613","count/mL","SIM-M-LPC_1p0","SIM-Q02","","600","EQ","2026-09-02T14:15:00Z","2026-09-02T15:00:00Z","true","APPROVED","DEMO","SYNTHETIC","80"
"SIM-S0081-Q-Zeta","SIM-S0081","SIM-S0081-S","Zeta","-41.482","mV","SIM-M-Zeta","SIM-Q02","-50","-30","EQ","2026-09-02T14:15:00Z","2026-09-02T15:00:00Z","true","APPROVED","DEMO","SYNTHETIC","-40"
"SIM-S0081-Q-Fe","SIM-S0081","SIM-S0081-S","Fe","0.3211","ug/kg","SIM-M-Fe","SIM-Q02","","1","EQ","2026-09-02T14:15:00Z","2026-09-02T15:00:00Z","true","APPROVED","DEMO","SYNTHETIC","0.3"
"SIM-S0082-Q-pH","SIM-S0082","SIM-S0082-S","pH","9.8953","pH","SIM-M-pH","SIM-Q02","9.5","10.5","EQ","2026-09-02T15:45:00Z","2026-09-02T16:30:00Z","true","APPROVED","DEMO","SYNTHETIC","10"
"SIM-S0082-Q-Solids","SIM-S0082","SIM-S0082-S","Solids","9.9529","wt%","SIM-M-Solids","SIM-Q02","9.5","10.5","EQ","2026-09-02T15:45:00Z","2026-09-02T16:30:00Z","true","APPROVED","DEMO","SYNTHETIC","10"
"SIM-S0082-Q-Viscosity","SIM-S0082","SIM-S0082-S","Viscosity","1.6957","mPa.s","SIM-M-Viscosity","SIM-Q02","1.2","2.2","EQ","2026-09-02T15:45:00Z","2026-09-02T16:30:00Z","true","APPROVED","DEMO","SYNTHETIC","1.7"
"SIM-S0082-Q-D50","SIM-S0082","SIM-S0082-S","D50","86.5818","nm","SIM-M-D50","SIM-Q02","75","105","EQ","2026-09-02T15:45:00Z","2026-09-02T16:30:00Z","true","APPROVED","DEMO","SYNTHETIC","90"
"SIM-S0082-Q-D90","SIM-S0082","SIM-S0082-S","D90","125.1272","nm","SIM-M-D90","SIM-Q02","110","180","EQ","2026-09-02T15:45:00Z","2026-09-02T16:30:00Z","true","APPROVED","DEMO","SYNTHETIC","130"
"SIM-S0082-Q-LPC_0p5","SIM-S0082","SIM-S0082-S","LPC_0p5","894.6862","count/mL","SIM-M-LPC_0p5","SIM-Q02","","3000","EQ","2026-09-02T15:45:00Z","2026-09-02T16:30:00Z","true","APPROVED","DEMO","SYNTHETIC","1000"
"SIM-S0082-Q-LPC_1p0","SIM-S0082","SIM-S0082-S","LPC_1p0","79.8352","count/mL","SIM-M-LPC_1p0","SIM-Q02","","600","EQ","2026-09-02T15:45:00Z","2026-09-02T16:30:00Z","true","APPROVED","DEMO","SYNTHETIC","80"
"SIM-S0082-Q-Zeta","SIM-S0082","SIM-S0082-S","Zeta","-39.7787","mV","SIM-M-Zeta","SIM-Q02","-50","-30","EQ","2026-09-02T15:45:00Z","2026-09-02T16:30:00Z","true","APPROVED","DEMO","SYNTHETIC","-40"
"SIM-S0082-Q-Fe","SIM-S0082","SIM-S0082-S","Fe","0.3373","ug/kg","SIM-M-Fe","SIM-Q02","","1","EQ","2026-09-02T15:45:00Z","2026-09-02T16:30:00Z","true","APPROVED","DEMO","SYNTHETIC","0.3"
"SIM-S0083-Q-pH","SIM-S0083","SIM-S0083-S","pH","10.0332","pH","SIM-M-pH","SIM-Q02","9.5","10.5","EQ","2026-09-02T15:45:00Z","2026-09-02T16:30:00Z","true","APPROVED","DEMO","SYNTHETIC","10"
"SIM-S0083-Q-Solids","SIM-S0083","SIM-S0083-S","Solids","9.9581","wt%","SIM-M-Solids","SIM-Q02","9.5","10.5","EQ","2026-09-02T15:45:00Z","2026-09-02T16:30:00Z","true","APPROVED","DEMO","SYNTHETIC","10"
"SIM-S0083-Q-Viscosity","SIM-S0083","SIM-S0083-S","Viscosity","1.6717","mPa.s","SIM-M-Viscosity","SIM-Q02","1.2","2.2","EQ","2026-09-02T15:45:00Z","2026-09-02T16:30:00Z","true","APPROVED","DEMO","SYNTHETIC","1.7"
"SIM-S0083-Q-D50","SIM-S0083","SIM-S0083-S","D50","92.1336","nm","SIM-M-D50","SIM-Q02","75","105","EQ","2026-09-02T15:45:00Z","2026-09-02T16:30:00Z","true","APPROVED","DEMO","SYNTHETIC","90"
"SIM-S0083-Q-D90","SIM-S0083","SIM-S0083-S","D90","135.0233","nm","SIM-M-D90","SIM-Q02","110","180","EQ","2026-09-02T15:45:00Z","2026-09-02T16:30:00Z","true","APPROVED","DEMO","SYNTHETIC","130"
"SIM-S0083-Q-LPC_0p5","SIM-S0083","SIM-S0083-S","LPC_0p5","1039.2647","count/mL","SIM-M-LPC_0p5","SIM-Q02","","3000","EQ","2026-09-02T15:45:00Z","2026-09-02T16:30:00Z","true","APPROVED","DEMO","SYNTHETIC","1000"
"SIM-S0083-Q-LPC_1p0","SIM-S0083","SIM-S0083-S","LPC_1p0","92.8457","count/mL","SIM-M-LPC_1p0","SIM-Q02","","600","EQ","2026-09-02T15:45:00Z","2026-09-02T16:30:00Z","true","APPROVED","DEMO","SYNTHETIC","80"
"SIM-S0083-Q-Zeta","SIM-S0083","SIM-S0083-S","Zeta","-38.9153","mV","SIM-M-Zeta","SIM-Q02","-50","-30","EQ","2026-09-02T15:45:00Z","2026-09-02T16:30:00Z","true","APPROVED","DEMO","SYNTHETIC","-40"
"SIM-S0083-Q-Fe","SIM-S0083","SIM-S0083-S","Fe","0.3172","ug/kg","SIM-M-Fe","SIM-Q02","","1","EQ","2026-09-02T15:45:00Z","2026-09-02T16:30:00Z","true","APPROVED","DEMO","SYNTHETIC","0.3"
"SIM-S0084-Q-pH","SIM-S0084","SIM-S0084-S","pH","9.939","pH","SIM-M-pH","SIM-Q02","9.5","10.5","EQ","2026-09-02T15:45:00Z","2026-09-02T16:30:00Z","true","APPROVED","DEMO","SYNTHETIC","10"
"SIM-S0084-Q-Solids","SIM-S0084","SIM-S0084-S","Solids","10.003","wt%","SIM-M-Solids","SIM-Q02","9.5","10.5","EQ","2026-09-02T15:45:00Z","2026-09-02T16:30:00Z","true","APPROVED","DEMO","SYNTHETIC","10"
"SIM-S0084-Q-Viscosity","SIM-S0084","SIM-S0084-S","Viscosity","1.7786","mPa.s","SIM-M-Viscosity","SIM-Q02","1.2","2.2","EQ","2026-09-02T15:45:00Z","2026-09-02T16:30:00Z","true","APPROVED","DEMO","SYNTHETIC","1.7"
"SIM-S0084-Q-D50","SIM-S0084","SIM-S0084-S","D50","87.3441","nm","SIM-M-D50","SIM-Q02","75","105","EQ","2026-09-02T15:45:00Z","2026-09-02T16:30:00Z","true","APPROVED","DEMO","SYNTHETIC","90"
"SIM-S0084-Q-D90","SIM-S0084","SIM-S0084-S","D90","136.6394","nm","SIM-M-D90","SIM-Q02","110","180","EQ","2026-09-02T15:45:00Z","2026-09-02T16:30:00Z","true","APPROVED","DEMO","SYNTHETIC","130"
"SIM-S0084-Q-LPC_0p5","SIM-S0084","SIM-S0084-S","LPC_0p5","952.7247","count/mL","SIM-M-LPC_0p5","SIM-Q02","","3000","EQ","2026-09-02T15:45:00Z","2026-09-02T16:30:00Z","true","APPROVED","DEMO","SYNTHETIC","1000"
"SIM-S0084-Q-LPC_1p0","SIM-S0084","SIM-S0084-S","LPC_1p0","70.2447","count/mL","SIM-M-LPC_1p0","SIM-Q02","","600","EQ","2026-09-02T15:45:00Z","2026-09-02T16:30:00Z","true","APPROVED","DEMO","SYNTHETIC","80"
"SIM-S0084-Q-Zeta","SIM-S0084","SIM-S0084-S","Zeta","-39","mV","SIM-M-Zeta","SIM-Q02","-50","-30","EQ","2026-09-02T15:45:00Z","2026-09-02T16:30:00Z","true","APPROVED","DEMO","SYNTHETIC","-40"
"SIM-S0084-Q-Fe","SIM-S0084","SIM-S0084-S","Fe","0.3006","ug/kg","SIM-M-Fe","SIM-Q02","","1","EQ","2026-09-02T15:45:00Z","2026-09-02T16:30:00Z","true","APPROVED","DEMO","SYNTHETIC","0.3"
"SIM-S0085-Q-pH","SIM-S0085","SIM-S0085-S","pH","10.0018","pH","SIM-M-pH","SIM-Q02","9.5","10.5","EQ","2026-09-02T17:15:00Z","2026-09-02T18:00:00Z","true","APPROVED","DEMO","SYNTHETIC","10"
"SIM-S0085-Q-Solids","SIM-S0085","SIM-S0085-S","Solids","9.9427","wt%","SIM-M-Solids","SIM-Q02","9.5","10.5","EQ","2026-09-02T17:15:00Z","2026-09-02T18:00:00Z","true","APPROVED","DEMO","SYNTHETIC","10"
"SIM-S0085-Q-Viscosity","SIM-S0085","SIM-S0085-S","Viscosity","1.6281","mPa.s","SIM-M-Viscosity","SIM-Q02","1.2","2.2","EQ","2026-09-02T17:15:00Z","2026-09-02T18:00:00Z","true","APPROVED","DEMO","SYNTHETIC","1.7"
"SIM-S0085-Q-D50","SIM-S0085","SIM-S0085-S","D50","89.1155","nm","SIM-M-D50","SIM-Q02","75","105","EQ","2026-09-02T17:15:00Z","2026-09-02T18:00:00Z","true","APPROVED","DEMO","SYNTHETIC","90"
"SIM-S0085-Q-D90","SIM-S0085","SIM-S0085-S","D90","135.0616","nm","SIM-M-D90","SIM-Q02","110","180","EQ","2026-09-02T17:15:00Z","2026-09-02T18:00:00Z","true","APPROVED","DEMO","SYNTHETIC","130"
"SIM-S0085-Q-LPC_0p5","SIM-S0085","SIM-S0085-S","LPC_0p5","863.6402","count/mL","SIM-M-LPC_0p5","SIM-Q02","","3000","EQ","2026-09-02T17:15:00Z","2026-09-02T18:00:00Z","true","APPROVED","DEMO","SYNTHETIC","1000"
"SIM-S0085-Q-LPC_1p0","SIM-S0085","SIM-S0085-S","LPC_1p0","68.5206","count/mL","SIM-M-LPC_1p0","SIM-Q02","","600","EQ","2026-09-02T17:15:00Z","2026-09-02T18:00:00Z","true","APPROVED","DEMO","SYNTHETIC","80"
"SIM-S0085-Q-Zeta","SIM-S0085","SIM-S0085-S","Zeta","-39.635","mV","SIM-M-Zeta","SIM-Q02","-50","-30","EQ","2026-09-02T17:15:00Z","2026-09-02T18:00:00Z","true","APPROVED","DEMO","SYNTHETIC","-40"
"SIM-S0085-Q-Fe","SIM-S0085","SIM-S0085-S","Fe","0.306","ug/kg","SIM-M-Fe","SIM-Q02","","1","EQ","2026-09-02T17:15:00Z","2026-09-02T18:00:00Z","true","APPROVED","DEMO","SYNTHETIC","0.3"
"SIM-S0086-Q-pH","SIM-S0086","SIM-S0086-S","pH","9.9592","pH","SIM-M-pH","SIM-Q02","9.5","10.5","EQ","2026-09-02T17:15:00Z","2026-09-02T18:00:00Z","true","APPROVED","DEMO","SYNTHETIC","10"
"SIM-S0086-Q-Solids","SIM-S0086","SIM-S0086-S","Solids","10.071","wt%","SIM-M-Solids","SIM-Q02","9.5","10.5","EQ","2026-09-02T17:15:00Z","2026-09-02T18:00:00Z","true","APPROVED","DEMO","SYNTHETIC","10"
"SIM-S0086-Q-Viscosity","SIM-S0086","SIM-S0086-S","Viscosity","1.6672","mPa.s","SIM-M-Viscosity","SIM-Q02","1.2","2.2","EQ","2026-09-02T17:15:00Z","2026-09-02T18:00:00Z","true","APPROVED","DEMO","SYNTHETIC","1.7"
"SIM-S0086-Q-D50","SIM-S0086","SIM-S0086-S","D50","84.8715","nm","SIM-M-D50","SIM-Q02","75","105","EQ","2026-09-02T17:15:00Z","2026-09-02T18:00:00Z","true","APPROVED","DEMO","SYNTHETIC","90"
"SIM-S0086-Q-D90","SIM-S0086","SIM-S0086-S","D90","126.6062","nm","SIM-M-D90","SIM-Q02","110","180","EQ","2026-09-02T17:15:00Z","2026-09-02T18:00:00Z","true","APPROVED","DEMO","SYNTHETIC","130"
"SIM-S0086-Q-LPC_0p5","SIM-S0086","SIM-S0086-S","LPC_0p5","1080.3112","count/mL","SIM-M-LPC_0p5","SIM-Q02","","3000","EQ","2026-09-02T17:15:00Z","2026-09-02T18:00:00Z","true","APPROVED","DEMO","SYNTHETIC","1000"
"SIM-S0086-Q-LPC_1p0","SIM-S0086","SIM-S0086-S","LPC_1p0","67.5417","count/mL","SIM-M-LPC_1p0","SIM-Q02","","600","EQ","2026-09-02T17:15:00Z","2026-09-02T18:00:00Z","true","APPROVED","DEMO","SYNTHETIC","80"
"SIM-S0086-Q-Zeta","SIM-S0086","SIM-S0086-S","Zeta","-40.2062","mV","SIM-M-Zeta","SIM-Q02","-50","-30","EQ","2026-09-02T17:15:00Z","2026-09-02T18:00:00Z","true","APPROVED","DEMO","SYNTHETIC","-40"
"SIM-S0086-Q-Fe","SIM-S0086","SIM-S0086-S","Fe","0.3187","ug/kg","SIM-M-Fe","SIM-Q02","","1","EQ","2026-09-02T17:15:00Z","2026-09-02T18:00:00Z","true","APPROVED","DEMO","SYNTHETIC","0.3"
"SIM-S0087-Q-pH","SIM-S0087","SIM-S0087-S","pH","9.9988","pH","SIM-M-pH","SIM-Q02","9.5","10.5","EQ","2026-09-02T17:15:00Z","2026-09-02T18:00:00Z","true","APPROVED","DEMO","SYNTHETIC","10"
"SIM-S0087-Q-Solids","SIM-S0087","SIM-S0087-S","Solids","10.0278","wt%","SIM-M-Solids","SIM-Q02","9.5","10.5","EQ","2026-09-02T17:15:00Z","2026-09-02T18:00:00Z","true","APPROVED","DEMO","SYNTHETIC","10"
"SIM-S0087-Q-Viscosity","SIM-S0087","SIM-S0087-S","Viscosity","1.6607","mPa.s","SIM-M-Viscosity","SIM-Q02","1.2","2.2","EQ","2026-09-02T17:15:00Z","2026-09-02T18:00:00Z","true","APPROVED","DEMO","SYNTHETIC","1.7"
"SIM-S0087-Q-D50","SIM-S0087","SIM-S0087-S","D50","88.4606","nm","SIM-M-D50","SIM-Q02","75","105","EQ","2026-09-02T17:15:00Z","2026-09-02T18:00:00Z","true","APPROVED","DEMO","SYNTHETIC","90"
"SIM-S0087-Q-D90","SIM-S0087","SIM-S0087-S","D90","127.22","nm","SIM-M-D90","SIM-Q02","110","180","EQ","2026-09-02T17:15:00Z","2026-09-02T18:00:00Z","true","APPROVED","DEMO","SYNTHETIC","130"
"SIM-S0087-Q-LPC_0p5","SIM-S0087","SIM-S0087-S","LPC_0p5","1164.1588","count/mL","SIM-M-LPC_0p5","SIM-Q02","","3000","EQ","2026-09-02T17:15:00Z","2026-09-02T18:00:00Z","true","APPROVED","DEMO","SYNTHETIC","1000"
"SIM-S0087-Q-LPC_1p0","SIM-S0087","SIM-S0087-S","LPC_1p0","75.2017","count/mL","SIM-M-LPC_1p0","SIM-Q02","","600","EQ","2026-09-02T17:15:00Z","2026-09-02T18:00:00Z","true","APPROVED","DEMO","SYNTHETIC","80"
"SIM-S0087-Q-Zeta","SIM-S0087","SIM-S0087-S","Zeta","-38.1779","mV","SIM-M-Zeta","SIM-Q02","-50","-30","EQ","2026-09-02T17:15:00Z","2026-09-02T18:00:00Z","true","APPROVED","DEMO","SYNTHETIC","-40"
"SIM-S0087-Q-Fe","SIM-S0087","SIM-S0087-S","Fe","0.3362","ug/kg","SIM-M-Fe","SIM-Q02","","1","EQ","2026-09-02T17:15:00Z","2026-09-02T18:00:00Z","true","APPROVED","DEMO","SYNTHETIC","0.3"
"SIM-S0088-Q-pH","SIM-S0088","SIM-S0088-S","pH","10.065","pH","SIM-M-pH","SIM-Q02","9.5","10.5","EQ","2026-09-02T18:45:00Z","2026-09-02T19:30:00Z","true","APPROVED","DEMO","SYNTHETIC","10"
"SIM-S0088-Q-Solids","SIM-S0088","SIM-S0088-S","Solids","10.0012","wt%","SIM-M-Solids","SIM-Q02","9.5","10.5","EQ","2026-09-02T18:45:00Z","2026-09-02T19:30:00Z","true","APPROVED","DEMO","SYNTHETIC","10"
"SIM-S0088-Q-Viscosity","SIM-S0088","SIM-S0088-S","Viscosity","1.7812","mPa.s","SIM-M-Viscosity","SIM-Q02","1.2","2.2","EQ","2026-09-02T18:45:00Z","2026-09-02T19:30:00Z","true","APPROVED","DEMO","SYNTHETIC","1.7"
"SIM-S0088-Q-D50","SIM-S0088","SIM-S0088-S","D50","89.7457","nm","SIM-M-D50","SIM-Q02","75","105","EQ","2026-09-02T18:45:00Z","2026-09-02T19:30:00Z","true","APPROVED","DEMO","SYNTHETIC","90"
"SIM-S0088-Q-D90","SIM-S0088","SIM-S0088-S","D90","128.2218","nm","SIM-M-D90","SIM-Q02","110","180","EQ","2026-09-02T18:45:00Z","2026-09-02T19:30:00Z","true","APPROVED","DEMO","SYNTHETIC","130"
"SIM-S0088-Q-LPC_0p5","SIM-S0088","SIM-S0088-S","LPC_0p5","1042.0433","count/mL","SIM-M-LPC_0p5","SIM-Q02","","3000","EQ","2026-09-02T18:45:00Z","2026-09-02T19:30:00Z","true","APPROVED","DEMO","SYNTHETIC","1000"
"SIM-S0088-Q-LPC_1p0","SIM-S0088","SIM-S0088-S","LPC_1p0","91.5607","count/mL","SIM-M-LPC_1p0","SIM-Q02","","600","EQ","2026-09-02T18:45:00Z","2026-09-02T19:30:00Z","true","APPROVED","DEMO","SYNTHETIC","80"
"SIM-S0088-Q-Zeta","SIM-S0088","SIM-S0088-S","Zeta","-40.378","mV","SIM-M-Zeta","SIM-Q02","-50","-30","EQ","2026-09-02T18:45:00Z","2026-09-02T19:30:00Z","true","APPROVED","DEMO","SYNTHETIC","-40"
"SIM-S0088-Q-Fe","SIM-S0088","SIM-S0088-S","Fe","0.3182","ug/kg","SIM-M-Fe","SIM-Q02","","1","EQ","2026-09-02T18:45:00Z","2026-09-02T19:30:00Z","true","APPROVED","DEMO","SYNTHETIC","0.3"
"SIM-S0089-Q-pH","SIM-S0089","SIM-S0089-S","pH","10.0073","pH","SIM-M-pH","SIM-Q02","9.5","10.5","EQ","2026-09-02T18:45:00Z","2026-09-02T19:30:00Z","true","APPROVED","DEMO","SYNTHETIC","10"
"SIM-S0089-Q-Solids","SIM-S0089","SIM-S0089-S","Solids","10.0734","wt%","SIM-M-Solids","SIM-Q02","9.5","10.5","EQ","2026-09-02T18:45:00Z","2026-09-02T19:30:00Z","true","APPROVED","DEMO","SYNTHETIC","10"
"SIM-S0089-Q-Viscosity","SIM-S0089","SIM-S0089-S","Viscosity","1.6908","mPa.s","SIM-M-Viscosity","SIM-Q02","1.2","2.2","EQ","2026-09-02T18:45:00Z","2026-09-02T19:30:00Z","true","APPROVED","DEMO","SYNTHETIC","1.7"
"SIM-S0089-Q-D50","SIM-S0089","SIM-S0089-S","D50","90.2508","nm","SIM-M-D50","SIM-Q02","75","105","EQ","2026-09-02T18:45:00Z","2026-09-02T19:30:00Z","true","APPROVED","DEMO","SYNTHETIC","90"
"SIM-S0089-Q-D90","SIM-S0089","SIM-S0089-S","D90","133.0821","nm","SIM-M-D90","SIM-Q02","110","180","EQ","2026-09-02T18:45:00Z","2026-09-02T19:30:00Z","true","APPROVED","DEMO","SYNTHETIC","130"
"SIM-S0089-Q-LPC_0p5","SIM-S0089","SIM-S0089-S","LPC_0p5","757.075","count/mL","SIM-M-LPC_0p5","SIM-Q02","","3000","EQ","2026-09-02T18:45:00Z","2026-09-02T19:30:00Z","true","APPROVED","DEMO","SYNTHETIC","1000"
"SIM-S0089-Q-LPC_1p0","SIM-S0089","SIM-S0089-S","LPC_1p0","86.2506","count/mL","SIM-M-LPC_1p0","SIM-Q02","","600","EQ","2026-09-02T18:45:00Z","2026-09-02T19:30:00Z","true","APPROVED","DEMO","SYNTHETIC","80"
"SIM-S0089-Q-Zeta","SIM-S0089","SIM-S0089-S","Zeta","-39.8065","mV","SIM-M-Zeta","SIM-Q02","-50","-30","EQ","2026-09-02T18:45:00Z","2026-09-02T19:30:00Z","true","APPROVED","DEMO","SYNTHETIC","-40"
"SIM-S0089-Q-Fe","SIM-S0089","SIM-S0089-S","Fe","0.3255","ug/kg","SIM-M-Fe","SIM-Q02","","1","EQ","2026-09-02T18:45:00Z","2026-09-02T19:30:00Z","true","APPROVED","DEMO","SYNTHETIC","0.3"
"SIM-S0090-Q-pH","SIM-S0090","SIM-S0090-S","pH","10.0519","pH","SIM-M-pH","SIM-Q02","9.5","10.5","EQ","2026-09-02T18:45:00Z","2026-09-02T19:30:00Z","true","APPROVED","DEMO","SYNTHETIC","10"
"SIM-S0090-Q-Solids","SIM-S0090","SIM-S0090-S","Solids","9.8244","wt%","SIM-M-Solids","SIM-Q02","9.5","10.5","EQ","2026-09-02T18:45:00Z","2026-09-02T19:30:00Z","true","APPROVED","DEMO","SYNTHETIC","10"
"SIM-S0090-Q-Viscosity","SIM-S0090","SIM-S0090-S","Viscosity","1.7526","mPa.s","SIM-M-Viscosity","SIM-Q02","1.2","2.2","EQ","2026-09-02T18:45:00Z","2026-09-02T19:30:00Z","true","APPROVED","DEMO","SYNTHETIC","1.7"
"SIM-S0090-Q-D50","SIM-S0090","SIM-S0090-S","D50","88.861","nm","SIM-M-D50","SIM-Q02","75","105","EQ","2026-09-02T18:45:00Z","2026-09-02T19:30:00Z","true","APPROVED","DEMO","SYNTHETIC","90"
"SIM-S0090-Q-D90","SIM-S0090","SIM-S0090-S","D90","120.5367","nm","SIM-M-D90","SIM-Q02","110","180","EQ","2026-09-02T18:45:00Z","2026-09-02T19:30:00Z","true","APPROVED","DEMO","SYNTHETIC","130"
"SIM-S0090-Q-LPC_0p5","SIM-S0090","SIM-S0090-S","LPC_0p5","881.8004","count/mL","SIM-M-LPC_0p5","SIM-Q02","","3000","EQ","2026-09-02T18:45:00Z","2026-09-02T19:30:00Z","true","APPROVED","DEMO","SYNTHETIC","1000"
"SIM-S0090-Q-LPC_1p0","SIM-S0090","SIM-S0090-S","LPC_1p0","92.2397","count/mL","SIM-M-LPC_1p0","SIM-Q02","","600","EQ","2026-09-02T18:45:00Z","2026-09-02T19:30:00Z","true","APPROVED","DEMO","SYNTHETIC","80"
"SIM-S0090-Q-Zeta","SIM-S0090","SIM-S0090-S","Zeta","-40.2346","mV","SIM-M-Zeta","SIM-Q02","-50","-30","EQ","2026-09-02T18:45:00Z","2026-09-02T19:30:00Z","true","APPROVED","DEMO","SYNTHETIC","-40"
"SIM-S0090-Q-Fe","SIM-S0090","SIM-S0090-S","Fe","0.2981","ug/kg","SIM-M-Fe","SIM-Q02","","1","EQ","2026-09-02T18:45:00Z","2026-09-02T19:30:00Z","true","APPROVED","DEMO","SYNTHETIC","0.3"
"SIM-S0091-Q-pH","SIM-S0091","SIM-S0091-S","pH","9.9965","pH","SIM-M-pH","SIM-Q02","9.5","10.5","EQ","2026-09-02T20:15:00Z","2026-09-02T21:00:00Z","true","APPROVED","DEMO","SYNTHETIC","10"
"SIM-S0091-Q-Solids","SIM-S0091","SIM-S0091-S","Solids","10.038","wt%","SIM-M-Solids","SIM-Q02","9.5","10.5","EQ","2026-09-02T20:15:00Z","2026-09-02T21:00:00Z","true","APPROVED","DEMO","SYNTHETIC","10"
"SIM-S0091-Q-Viscosity","SIM-S0091","SIM-S0091-S","Viscosity","1.632","mPa.s","SIM-M-Viscosity","SIM-Q02","1.2","2.2","EQ","2026-09-02T20:15:00Z","2026-09-02T21:00:00Z","true","APPROVED","DEMO","SYNTHETIC","1.7"
"SIM-S0091-Q-D50","SIM-S0091","SIM-S0091-S","D50","87.4772","nm","SIM-M-D50","SIM-Q02","75","105","EQ","2026-09-02T20:15:00Z","2026-09-02T21:00:00Z","true","APPROVED","DEMO","SYNTHETIC","90"
"SIM-S0091-Q-D90","SIM-S0091","SIM-S0091-S","D90","127.534","nm","SIM-M-D90","SIM-Q02","110","180","EQ","2026-09-02T20:15:00Z","2026-09-02T21:00:00Z","true","APPROVED","DEMO","SYNTHETIC","130"
"SIM-S0091-Q-LPC_0p5","SIM-S0091","SIM-S0091-S","LPC_0p5","1127.5262","count/mL","SIM-M-LPC_0p5","SIM-Q02","","3000","EQ","2026-09-02T20:15:00Z","2026-09-02T21:00:00Z","true","APPROVED","DEMO","SYNTHETIC","1000"
"SIM-S0091-Q-LPC_1p0","SIM-S0091","SIM-S0091-S","LPC_1p0","79.214","count/mL","SIM-M-LPC_1p0","SIM-Q02","","600","EQ","2026-09-02T20:15:00Z","2026-09-02T21:00:00Z","true","APPROVED","DEMO","SYNTHETIC","80"
"SIM-S0091-Q-Zeta","SIM-S0091","SIM-S0091-S","Zeta","-40.6905","mV","SIM-M-Zeta","SIM-Q02","-50","-30","EQ","2026-09-02T20:15:00Z","2026-09-02T21:00:00Z","true","APPROVED","DEMO","SYNTHETIC","-40"
"SIM-S0091-Q-Fe","SIM-S0091","SIM-S0091-S","Fe","0.3155","ug/kg","SIM-M-Fe","SIM-Q02","","1","EQ","2026-09-02T20:15:00Z","2026-09-02T21:00:00Z","true","APPROVED","DEMO","SYNTHETIC","0.3"
"SIM-S0092-Q-pH","SIM-S0092","SIM-S0092-S","pH","9.9484","pH","SIM-M-pH","SIM-Q02","9.5","10.5","EQ","2026-09-02T20:15:00Z","2026-09-02T21:00:00Z","true","APPROVED","DEMO","SYNTHETIC","10"
"SIM-S0092-Q-Solids","SIM-S0092","SIM-S0092-S","Solids","9.9504","wt%","SIM-M-Solids","SIM-Q02","9.5","10.5","EQ","2026-09-02T20:15:00Z","2026-09-02T21:00:00Z","true","APPROVED","DEMO","SYNTHETIC","10"
"SIM-S0092-Q-Viscosity","SIM-S0092","SIM-S0092-S","Viscosity","1.6626","mPa.s","SIM-M-Viscosity","SIM-Q02","1.2","2.2","EQ","2026-09-02T20:15:00Z","2026-09-02T21:00:00Z","true","APPROVED","DEMO","SYNTHETIC","1.7"
"SIM-S0092-Q-D50","SIM-S0092","SIM-S0092-S","D50","89.3703","nm","SIM-M-D50","SIM-Q02","75","105","EQ","2026-09-02T20:15:00Z","2026-09-02T21:00:00Z","true","APPROVED","DEMO","SYNTHETIC","90"
"SIM-S0092-Q-D90","SIM-S0092","SIM-S0092-S","D90","129.3787","nm","SIM-M-D90","SIM-Q02","110","180","EQ","2026-09-02T20:15:00Z","2026-09-02T21:00:00Z","true","APPROVED","DEMO","SYNTHETIC","130"
"SIM-S0092-Q-LPC_0p5","SIM-S0092","SIM-S0092-S","LPC_0p5","1030.1121","count/mL","SIM-M-LPC_0p5","SIM-Q02","","3000","EQ","2026-09-02T20:15:00Z","2026-09-02T21:00:00Z","true","APPROVED","DEMO","SYNTHETIC","1000"
"SIM-S0092-Q-LPC_1p0","SIM-S0092","SIM-S0092-S","LPC_1p0","70.294","count/mL","SIM-M-LPC_1p0","SIM-Q02","","600","EQ","2026-09-02T20:15:00Z","2026-09-02T21:00:00Z","true","APPROVED","DEMO","SYNTHETIC","80"
"SIM-S0092-Q-Zeta","SIM-S0092","SIM-S0092-S","Zeta","-40.6341","mV","SIM-M-Zeta","SIM-Q02","-50","-30","EQ","2026-09-02T20:15:00Z","2026-09-02T21:00:00Z","true","APPROVED","DEMO","SYNTHETIC","-40"
"SIM-S0092-Q-Fe","SIM-S0092","SIM-S0092-S","Fe","0.2922","ug/kg","SIM-M-Fe","SIM-Q02","","1","EQ","2026-09-02T20:15:00Z","2026-09-02T21:00:00Z","true","APPROVED","DEMO","SYNTHETIC","0.3"
"SIM-S0093-Q-pH","SIM-S0093","SIM-S0093-S","pH","10.0312","pH","SIM-M-pH","SIM-Q02","9.5","10.5","EQ","2026-09-02T20:15:00Z","2026-09-02T21:00:00Z","true","APPROVED","DEMO","SYNTHETIC","10"
"SIM-S0093-Q-Solids","SIM-S0093","SIM-S0093-S","Solids","10.0622","wt%","SIM-M-Solids","SIM-Q02","9.5","10.5","EQ","2026-09-02T20:15:00Z","2026-09-02T21:00:00Z","true","APPROVED","DEMO","SYNTHETIC","10"
"SIM-S0093-Q-Viscosity","SIM-S0093","SIM-S0093-S","Viscosity","1.67","mPa.s","SIM-M-Viscosity","SIM-Q02","1.2","2.2","EQ","2026-09-02T20:15:00Z","2026-09-02T21:00:00Z","true","APPROVED","DEMO","SYNTHETIC","1.7"
"SIM-S0093-Q-D50","SIM-S0093","SIM-S0093-S","D50","89.8941","nm","SIM-M-D50","SIM-Q02","75","105","EQ","2026-09-02T20:15:00Z","2026-09-02T21:00:00Z","true","APPROVED","DEMO","SYNTHETIC","90"
"SIM-S0093-Q-D90","SIM-S0093","SIM-S0093-S","D90","132.6598","nm","SIM-M-D90","SIM-Q02","110","180","EQ","2026-09-02T20:15:00Z","2026-09-02T21:00:00Z","true","APPROVED","DEMO","SYNTHETIC","130"
"SIM-S0093-Q-LPC_0p5","SIM-S0093","SIM-S0093-S","LPC_0p5","771.7272","count/mL","SIM-M-LPC_0p5","SIM-Q02","","3000","EQ","2026-09-02T20:15:00Z","2026-09-02T21:00:00Z","true","APPROVED","DEMO","SYNTHETIC","1000"
"SIM-S0093-Q-LPC_1p0","SIM-S0093","SIM-S0093-S","LPC_1p0","71.6283","count/mL","SIM-M-LPC_1p0","SIM-Q02","","600","EQ","2026-09-02T20:15:00Z","2026-09-02T21:00:00Z","true","APPROVED","DEMO","SYNTHETIC","80"
"SIM-S0093-Q-Zeta","SIM-S0093","SIM-S0093-S","Zeta","-40.5119","mV","SIM-M-Zeta","SIM-Q02","-50","-30","EQ","2026-09-02T20:15:00Z","2026-09-02T21:00:00Z","true","APPROVED","DEMO","SYNTHETIC","-40"
"SIM-S0093-Q-Fe","SIM-S0093","SIM-S0093-S","Fe","0.3254","ug/kg","SIM-M-Fe","SIM-Q02","","1","EQ","2026-09-02T20:15:00Z","2026-09-02T21:00:00Z","true","APPROVED","DEMO","SYNTHETIC","0.3"
"SIM-S0094-Q-pH","SIM-S0094","SIM-S0094-S","pH","9.9386","pH","SIM-M-pH","SIM-Q02","9.5","10.5","EQ","2026-09-02T21:45:00Z","2026-09-02T22:30:00Z","true","APPROVED","DEMO","SYNTHETIC","10"
"SIM-S0094-Q-Solids","SIM-S0094","SIM-S0094-S","Solids","9.9649","wt%","SIM-M-Solids","SIM-Q02","9.5","10.5","EQ","2026-09-02T21:45:00Z","2026-09-02T22:30:00Z","true","APPROVED","DEMO","SYNTHETIC","10"
"SIM-S0094-Q-Viscosity","SIM-S0094","SIM-S0094-S","Viscosity","1.7396","mPa.s","SIM-M-Viscosity","SIM-Q02","1.2","2.2","EQ","2026-09-02T21:45:00Z","2026-09-02T22:30:00Z","true","APPROVED","DEMO","SYNTHETIC","1.7"
"SIM-S0094-Q-D50","SIM-S0094","SIM-S0094-S","D50","92.2559","nm","SIM-M-D50","SIM-Q02","75","105","EQ","2026-09-02T21:45:00Z","2026-09-02T22:30:00Z","true","APPROVED","DEMO","SYNTHETIC","90"
"SIM-S0094-Q-D90","SIM-S0094","SIM-S0094-S","D90","125.8141","nm","SIM-M-D90","SIM-Q02","110","180","EQ","2026-09-02T21:45:00Z","2026-09-02T22:30:00Z","true","APPROVED","DEMO","SYNTHETIC","130"
"SIM-S0094-Q-LPC_0p5","SIM-S0094","SIM-S0094-S","LPC_0p5","947.8355","count/mL","SIM-M-LPC_0p5","SIM-Q02","","3000","EQ","2026-09-02T21:45:00Z","2026-09-02T22:30:00Z","true","APPROVED","DEMO","SYNTHETIC","1000"
"SIM-S0094-Q-LPC_1p0","SIM-S0094","SIM-S0094-S","LPC_1p0","90.0075","count/mL","SIM-M-LPC_1p0","SIM-Q02","","600","EQ","2026-09-02T21:45:00Z","2026-09-02T22:30:00Z","true","APPROVED","DEMO","SYNTHETIC","80"
"SIM-S0094-Q-Zeta","SIM-S0094","SIM-S0094-S","Zeta","-40.2018","mV","SIM-M-Zeta","SIM-Q02","-50","-30","EQ","2026-09-02T21:45:00Z","2026-09-02T22:30:00Z","true","APPROVED","DEMO","SYNTHETIC","-40"
"SIM-S0094-Q-Fe","SIM-S0094","SIM-S0094-S","Fe","0.3749","ug/kg","SIM-M-Fe","SIM-Q02","","1","EQ","2026-09-02T21:45:00Z","2026-09-02T22:30:00Z","true","APPROVED","DEMO","SYNTHETIC","0.3"
"SIM-S0095-Q-pH","SIM-S0095","SIM-S0095-S","pH","10.0339","pH","SIM-M-pH","SIM-Q02","9.5","10.5","EQ","2026-09-02T21:45:00Z","2026-09-02T22:30:00Z","true","APPROVED","DEMO","SYNTHETIC","10"
"SIM-S0095-Q-Solids","SIM-S0095","SIM-S0095-S","Solids","9.8645","wt%","SIM-M-Solids","SIM-Q02","9.5","10.5","EQ","2026-09-02T21:45:00Z","2026-09-02T22:30:00Z","true","APPROVED","DEMO","SYNTHETIC","10"
"SIM-S0095-Q-Viscosity","SIM-S0095","SIM-S0095-S","Viscosity","1.6543","mPa.s","SIM-M-Viscosity","SIM-Q02","1.2","2.2","EQ","2026-09-02T21:45:00Z","2026-09-02T22:30:00Z","true","APPROVED","DEMO","SYNTHETIC","1.7"
"SIM-S0095-Q-D50","SIM-S0095","SIM-S0095-S","D50","88.9129","nm","SIM-M-D50","SIM-Q02","75","105","EQ","2026-09-02T21:45:00Z","2026-09-02T22:30:00Z","true","APPROVED","DEMO","SYNTHETIC","90"
"SIM-S0095-Q-D90","SIM-S0095","SIM-S0095-S","D90","132.5659","nm","SIM-M-D90","SIM-Q02","110","180","EQ","2026-09-02T21:45:00Z","2026-09-02T22:30:00Z","true","APPROVED","DEMO","SYNTHETIC","130"
"SIM-S0095-Q-LPC_0p5","SIM-S0095","SIM-S0095-S","LPC_0p5","837.4708","count/mL","SIM-M-LPC_0p5","SIM-Q02","","3000","EQ","2026-09-02T21:45:00Z","2026-09-02T22:30:00Z","true","APPROVED","DEMO","SYNTHETIC","1000"
"SIM-S0095-Q-LPC_1p0","SIM-S0095","SIM-S0095-S","LPC_1p0","100.2462","count/mL","SIM-M-LPC_1p0","SIM-Q02","","600","EQ","2026-09-02T21:45:00Z","2026-09-02T22:30:00Z","true","APPROVED","DEMO","SYNTHETIC","80"
"SIM-S0095-Q-Zeta","SIM-S0095","SIM-S0095-S","Zeta","-39.2479","mV","SIM-M-Zeta","SIM-Q02","-50","-30","EQ","2026-09-02T21:45:00Z","2026-09-02T22:30:00Z","true","APPROVED","DEMO","SYNTHETIC","-40"
"SIM-S0095-Q-Fe","SIM-S0095","SIM-S0095-S","Fe","0.3","ug/kg","SIM-M-Fe","SIM-Q02","","1","EQ","2026-09-02T21:45:00Z","2026-09-02T22:30:00Z","true","APPROVED","DEMO","SYNTHETIC","0.3"
"SIM-S0096-Q-pH","SIM-S0096","SIM-S0096-S","pH","10.0479","pH","SIM-M-pH","SIM-Q02","9.5","10.5","EQ","2026-09-02T21:45:00Z","2026-09-02T22:30:00Z","true","APPROVED","DEMO","SYNTHETIC","10"
"SIM-S0096-Q-Solids","SIM-S0096","SIM-S0096-S","Solids","9.9656","wt%","SIM-M-Solids","SIM-Q02","9.5","10.5","EQ","2026-09-02T21:45:00Z","2026-09-02T22:30:00Z","true","APPROVED","DEMO","SYNTHETIC","10"
"SIM-S0096-Q-Viscosity","SIM-S0096","SIM-S0096-S","Viscosity","1.6955","mPa.s","SIM-M-Viscosity","SIM-Q02","1.2","2.2","EQ","2026-09-02T21:45:00Z","2026-09-02T22:30:00Z","true","APPROVED","DEMO","SYNTHETIC","1.7"
"SIM-S0096-Q-D50","SIM-S0096","SIM-S0096-S","D50","91.0493","nm","SIM-M-D50","SIM-Q02","75","105","EQ","2026-09-02T21:45:00Z","2026-09-02T22:30:00Z","true","APPROVED","DEMO","SYNTHETIC","90"
"SIM-S0096-Q-D90","SIM-S0096","SIM-S0096-S","D90","131.3489","nm","SIM-M-D90","SIM-Q02","110","180","EQ","2026-09-02T21:45:00Z","2026-09-02T22:30:00Z","true","APPROVED","DEMO","SYNTHETIC","130"
"SIM-S0096-Q-LPC_0p5","SIM-S0096","SIM-S0096-S","LPC_0p5","711.7002","count/mL","SIM-M-LPC_0p5","SIM-Q02","","3000","EQ","2026-09-02T21:45:00Z","2026-09-02T22:30:00Z","true","APPROVED","DEMO","SYNTHETIC","1000"
"SIM-S0096-Q-LPC_1p0","SIM-S0096","SIM-S0096-S","LPC_1p0","96.1016","count/mL","SIM-M-LPC_1p0","SIM-Q02","","600","EQ","2026-09-02T21:45:00Z","2026-09-02T22:30:00Z","true","APPROVED","DEMO","SYNTHETIC","80"
"SIM-S0096-Q-Zeta","SIM-S0096","SIM-S0096-S","Zeta","-39.0464","mV","SIM-M-Zeta","SIM-Q02","-50","-30","EQ","2026-09-02T21:45:00Z","2026-09-02T22:30:00Z","true","APPROVED","DEMO","SYNTHETIC","-40"
"SIM-S0096-Q-Fe","SIM-S0096","SIM-S0096-S","Fe","0.3642","ug/kg","SIM-M-Fe","SIM-Q02","","1","EQ","2026-09-02T21:45:00Z","2026-09-02T22:30:00Z","true","APPROVED","DEMO","SYNTHETIC","0.3"
"SIM-S0097-Q-pH","SIM-S0097","SIM-S0097-S","pH","10.099","pH","SIM-M-pH","SIM-Q02","9.5","10.5","EQ","2026-09-02T23:15:00Z","2026-09-03T00:00:00Z","true","APPROVED","DEMO","SYNTHETIC","10"
"SIM-S0097-Q-Solids","SIM-S0097","SIM-S0097-S","Solids","10.0559","wt%","SIM-M-Solids","SIM-Q02","9.5","10.5","EQ","2026-09-02T23:15:00Z","2026-09-03T00:00:00Z","true","APPROVED","DEMO","SYNTHETIC","10"
"SIM-S0097-Q-Viscosity","SIM-S0097","SIM-S0097-S","Viscosity","1.7034","mPa.s","SIM-M-Viscosity","SIM-Q02","1.2","2.2","EQ","2026-09-02T23:15:00Z","2026-09-03T00:00:00Z","true","APPROVED","DEMO","SYNTHETIC","1.7"
"SIM-S0097-Q-D50","SIM-S0097","SIM-S0097-S","D50","87.9293","nm","SIM-M-D50","SIM-Q02","75","105","EQ","2026-09-02T23:15:00Z","2026-09-03T00:00:00Z","true","APPROVED","DEMO","SYNTHETIC","90"
"SIM-S0097-Q-D90","SIM-S0097","SIM-S0097-S","D90","129.8338","nm","SIM-M-D90","SIM-Q02","110","180","EQ","2026-09-02T23:15:00Z","2026-09-03T00:00:00Z","true","APPROVED","DEMO","SYNTHETIC","130"
"SIM-S0097-Q-LPC_0p5","SIM-S0097","SIM-S0097-S","LPC_0p5","1139.844","count/mL","SIM-M-LPC_0p5","SIM-Q02","","3000","EQ","2026-09-02T23:15:00Z","2026-09-03T00:00:00Z","true","APPROVED","DEMO","SYNTHETIC","1000"
"SIM-S0097-Q-LPC_1p0","SIM-S0097","SIM-S0097-S","LPC_1p0","79.5734","count/mL","SIM-M-LPC_1p0","SIM-Q02","","600","EQ","2026-09-02T23:15:00Z","2026-09-03T00:00:00Z","true","APPROVED","DEMO","SYNTHETIC","80"
"SIM-S0097-Q-Zeta","SIM-S0097","SIM-S0097-S","Zeta","-40.5502","mV","SIM-M-Zeta","SIM-Q02","-50","-30","EQ","2026-09-02T23:15:00Z","2026-09-03T00:00:00Z","true","APPROVED","DEMO","SYNTHETIC","-40"
"SIM-S0097-Q-Fe","SIM-S0097","SIM-S0097-S","Fe","0.2692","ug/kg","SIM-M-Fe","SIM-Q02","","1","EQ","2026-09-02T23:15:00Z","2026-09-03T00:00:00Z","true","APPROVED","DEMO","SYNTHETIC","0.3"
"SIM-S0098-Q-pH","SIM-S0098","SIM-S0098-S","pH","9.9216","pH","SIM-M-pH","SIM-Q02","9.5","10.5","EQ","2026-09-02T23:15:00Z","2026-09-03T00:00:00Z","true","APPROVED","DEMO","SYNTHETIC","10"
"SIM-S0098-Q-Solids","SIM-S0098","SIM-S0098-S","Solids","10.0509","wt%","SIM-M-Solids","SIM-Q02","9.5","10.5","EQ","2026-09-02T23:15:00Z","2026-09-03T00:00:00Z","true","APPROVED","DEMO","SYNTHETIC","10"
"SIM-S0098-Q-Viscosity","SIM-S0098","SIM-S0098-S","Viscosity","1.7968","mPa.s","SIM-M-Viscosity","SIM-Q02","1.2","2.2","EQ","2026-09-02T23:15:00Z","2026-09-03T00:00:00Z","true","APPROVED","DEMO","SYNTHETIC","1.7"
"SIM-S0098-Q-D50","SIM-S0098","SIM-S0098-S","D50","87.5026","nm","SIM-M-D50","SIM-Q02","75","105","EQ","2026-09-02T23:15:00Z","2026-09-03T00:00:00Z","true","APPROVED","DEMO","SYNTHETIC","90"
"SIM-S0098-Q-D90","SIM-S0098","SIM-S0098-S","D90","128.8604","nm","SIM-M-D90","SIM-Q02","110","180","EQ","2026-09-02T23:15:00Z","2026-09-03T00:00:00Z","true","APPROVED","DEMO","SYNTHETIC","130"
"SIM-S0098-Q-LPC_0p5","SIM-S0098","SIM-S0098-S","LPC_0p5","804.7135","count/mL","SIM-M-LPC_0p5","SIM-Q02","","3000","EQ","2026-09-02T23:15:00Z","2026-09-03T00:00:00Z","true","APPROVED","DEMO","SYNTHETIC","1000"
"SIM-S0098-Q-LPC_1p0","SIM-S0098","SIM-S0098-S","LPC_1p0","80.8576","count/mL","SIM-M-LPC_1p0","SIM-Q02","","600","EQ","2026-09-02T23:15:00Z","2026-09-03T00:00:00Z","true","APPROVED","DEMO","SYNTHETIC","80"
"SIM-S0098-Q-Zeta","SIM-S0098","SIM-S0098-S","Zeta","-40.5832","mV","SIM-M-Zeta","SIM-Q02","-50","-30","EQ","2026-09-02T23:15:00Z","2026-09-03T00:00:00Z","true","APPROVED","DEMO","SYNTHETIC","-40"
"SIM-S0098-Q-Fe","SIM-S0098","SIM-S0098-S","Fe","0.3065","ug/kg","SIM-M-Fe","SIM-Q02","","1","EQ","2026-09-02T23:15:00Z","2026-09-03T00:00:00Z","true","APPROVED","DEMO","SYNTHETIC","0.3"
"SIM-S0099-Q-pH","SIM-S0099","SIM-S0099-S","pH","10.0482","pH","SIM-M-pH","SIM-Q02","9.5","10.5","EQ","2026-09-02T23:15:00Z","2026-09-03T00:00:00Z","true","APPROVED","DEMO","SYNTHETIC","10"
"SIM-S0099-Q-Solids","SIM-S0099","SIM-S0099-S","Solids","10.0014","wt%","SIM-M-Solids","SIM-Q02","9.5","10.5","EQ","2026-09-02T23:15:00Z","2026-09-03T00:00:00Z","true","APPROVED","DEMO","SYNTHETIC","10"
"SIM-S0099-Q-Viscosity","SIM-S0099","SIM-S0099-S","Viscosity","1.728","mPa.s","SIM-M-Viscosity","SIM-Q02","1.2","2.2","EQ","2026-09-02T23:15:00Z","2026-09-03T00:00:00Z","true","APPROVED","DEMO","SYNTHETIC","1.7"
"SIM-S0099-Q-D50","SIM-S0099","SIM-S0099-S","D50","91.1506","nm","SIM-M-D50","SIM-Q02","75","105","EQ","2026-09-02T23:15:00Z","2026-09-03T00:00:00Z","true","APPROVED","DEMO","SYNTHETIC","90"
"SIM-S0099-Q-D90","SIM-S0099","SIM-S0099-S","D90","122.9866","nm","SIM-M-D90","SIM-Q02","110","180","EQ","2026-09-02T23:15:00Z","2026-09-03T00:00:00Z","true","APPROVED","DEMO","SYNTHETIC","130"
"SIM-S0099-Q-LPC_0p5","SIM-S0099","SIM-S0099-S","LPC_0p5","1071.3884","count/mL","SIM-M-LPC_0p5","SIM-Q02","","3000","EQ","2026-09-02T23:15:00Z","2026-09-03T00:00:00Z","true","APPROVED","DEMO","SYNTHETIC","1000"
"SIM-S0099-Q-LPC_1p0","SIM-S0099","SIM-S0099-S","LPC_1p0","63.5623","count/mL","SIM-M-LPC_1p0","SIM-Q02","","600","EQ","2026-09-02T23:15:00Z","2026-09-03T00:00:00Z","true","APPROVED","DEMO","SYNTHETIC","80"
"SIM-S0099-Q-Zeta","SIM-S0099","SIM-S0099-S","Zeta","-40.807","mV","SIM-M-Zeta","SIM-Q02","-50","-30","EQ","2026-09-02T23:15:00Z","2026-09-03T00:00:00Z","true","APPROVED","DEMO","SYNTHETIC","-40"
"SIM-S0099-Q-Fe","SIM-S0099","SIM-S0099-S","Fe","0.3049","ug/kg","SIM-M-Fe","SIM-Q02","","1","EQ","2026-09-02T23:15:00Z","2026-09-03T00:00:00Z","true","APPROVED","DEMO","SYNTHETIC","0.3"
"SIM-S0100-Q-pH","SIM-S0100","SIM-S0100-S","pH","10.0051","pH","SIM-M-pH","SIM-Q02","9.5","10.5","EQ","2026-09-03T00:45:00Z","2026-09-03T01:30:00Z","true","APPROVED","DEMO","SYNTHETIC","10"
"SIM-S0100-Q-Solids","SIM-S0100","SIM-S0100-S","Solids","10.0437","wt%","SIM-M-Solids","SIM-Q02","9.5","10.5","EQ","2026-09-03T00:45:00Z","2026-09-03T01:30:00Z","true","APPROVED","DEMO","SYNTHETIC","10"
"SIM-S0100-Q-Viscosity","SIM-S0100","SIM-S0100-S","Viscosity","1.726","mPa.s","SIM-M-Viscosity","SIM-Q02","1.2","2.2","EQ","2026-09-03T00:45:00Z","2026-09-03T01:30:00Z","true","APPROVED","DEMO","SYNTHETIC","1.7"
"SIM-S0100-Q-D50","SIM-S0100","SIM-S0100-S","D50","89.4777","nm","SIM-M-D50","SIM-Q02","75","105","EQ","2026-09-03T00:45:00Z","2026-09-03T01:30:00Z","true","APPROVED","DEMO","SYNTHETIC","90"
"SIM-S0100-Q-D90","SIM-S0100","SIM-S0100-S","D90","126.0392","nm","SIM-M-D90","SIM-Q02","110","180","EQ","2026-09-03T00:45:00Z","2026-09-03T01:30:00Z","true","APPROVED","DEMO","SYNTHETIC","130"
"SIM-S0100-Q-LPC_0p5","SIM-S0100","SIM-S0100-S","LPC_0p5","1152.495","count/mL","SIM-M-LPC_0p5","SIM-Q02","","3000","EQ","2026-09-03T00:45:00Z","2026-09-03T01:30:00Z","true","APPROVED","DEMO","SYNTHETIC","1000"
"SIM-S0100-Q-LPC_1p0","SIM-S0100","SIM-S0100-S","LPC_1p0","90.9447","count/mL","SIM-M-LPC_1p0","SIM-Q02","","600","EQ","2026-09-03T00:45:00Z","2026-09-03T01:30:00Z","true","APPROVED","DEMO","SYNTHETIC","80"
"SIM-S0100-Q-Zeta","SIM-S0100","SIM-S0100-S","Zeta","-39.3756","mV","SIM-M-Zeta","SIM-Q02","-50","-30","EQ","2026-09-03T00:45:00Z","2026-09-03T01:30:00Z","true","APPROVED","DEMO","SYNTHETIC","-40"
"SIM-S0100-Q-Fe","SIM-S0100","SIM-S0100-S","Fe","0.2903","ug/kg","SIM-M-Fe","SIM-Q02","","1","EQ","2026-09-03T00:45:00Z","2026-09-03T01:30:00Z","true","APPROVED","DEMO","SYNTHETIC","0.3"
"SIM-S0101-Q-pH","SIM-S0101","SIM-S0101-S","pH","9.9036","pH","SIM-M-pH","SIM-Q02","9.5","10.5","EQ","2026-09-03T00:45:00Z","2026-09-03T01:30:00Z","true","APPROVED","DEMO","SYNTHETIC","10"
"SIM-S0101-Q-Solids","SIM-S0101","SIM-S0101-S","Solids","9.839","wt%","SIM-M-Solids","SIM-Q02","9.5","10.5","EQ","2026-09-03T00:45:00Z","2026-09-03T01:30:00Z","true","APPROVED","DEMO","SYNTHETIC","10"
"SIM-S0101-Q-Viscosity","SIM-S0101","SIM-S0101-S","Viscosity","1.6778","mPa.s","SIM-M-Viscosity","SIM-Q02","1.2","2.2","EQ","2026-09-03T00:45:00Z","2026-09-03T01:30:00Z","true","APPROVED","DEMO","SYNTHETIC","1.7"
"SIM-S0101-Q-D50","SIM-S0101","SIM-S0101-S","D50","93.031","nm","SIM-M-D50","SIM-Q02","75","105","EQ","2026-09-03T00:45:00Z","2026-09-03T01:30:00Z","true","APPROVED","DEMO","SYNTHETIC","90"
"SIM-S0101-Q-D90","SIM-S0101","SIM-S0101-S","D90","132.2605","nm","SIM-M-D90","SIM-Q02","110","180","EQ","2026-09-03T00:45:00Z","2026-09-03T01:30:00Z","true","APPROVED","DEMO","SYNTHETIC","130"
"SIM-S0101-Q-LPC_0p5","SIM-S0101","SIM-S0101-S","LPC_0p5","1056.3295","count/mL","SIM-M-LPC_0p5","SIM-Q02","","3000","EQ","2026-09-03T00:45:00Z","2026-09-03T01:30:00Z","true","APPROVED","DEMO","SYNTHETIC","1000"
"SIM-S0101-Q-LPC_1p0","SIM-S0101","SIM-S0101-S","LPC_1p0","94.8699","count/mL","SIM-M-LPC_1p0","SIM-Q02","","600","EQ","2026-09-03T00:45:00Z","2026-09-03T01:30:00Z","true","APPROVED","DEMO","SYNTHETIC","80"
"SIM-S0101-Q-Zeta","SIM-S0101","SIM-S0101-S","Zeta","-41.2518","mV","SIM-M-Zeta","SIM-Q02","-50","-30","EQ","2026-09-03T00:45:00Z","2026-09-03T01:30:00Z","true","APPROVED","DEMO","SYNTHETIC","-40"
"SIM-S0101-Q-Fe","SIM-S0101","SIM-S0101-S","Fe","0.2567","ug/kg","SIM-M-Fe","SIM-Q02","","1","EQ","2026-09-03T00:45:00Z","2026-09-03T01:30:00Z","true","APPROVED","DEMO","SYNTHETIC","0.3"
"SIM-S0102-Q-pH","SIM-S0102","SIM-S0102-S","pH","9.9992","pH","SIM-M-pH","SIM-Q02","9.5","10.5","EQ","2026-09-03T00:45:00Z","2026-09-03T01:30:00Z","true","APPROVED","DEMO","SYNTHETIC","10"
"SIM-S0102-Q-Solids","SIM-S0102","SIM-S0102-S","Solids","10.0221","wt%","SIM-M-Solids","SIM-Q02","9.5","10.5","EQ","2026-09-03T00:45:00Z","2026-09-03T01:30:00Z","true","APPROVED","DEMO","SYNTHETIC","10"
"SIM-S0102-Q-Viscosity","SIM-S0102","SIM-S0102-S","Viscosity","1.6432","mPa.s","SIM-M-Viscosity","SIM-Q02","1.2","2.2","EQ","2026-09-03T00:45:00Z","2026-09-03T01:30:00Z","true","APPROVED","DEMO","SYNTHETIC","1.7"
"SIM-S0102-Q-D50","SIM-S0102","SIM-S0102-S","D50","91.0063","nm","SIM-M-D50","SIM-Q02","75","105","EQ","2026-09-03T00:45:00Z","2026-09-03T01:30:00Z","true","APPROVED","DEMO","SYNTHETIC","90"
"SIM-S0102-Q-D90","SIM-S0102","SIM-S0102-S","D90","127.5336","nm","SIM-M-D90","SIM-Q02","110","180","EQ","2026-09-03T00:45:00Z","2026-09-03T01:30:00Z","true","APPROVED","DEMO","SYNTHETIC","130"
"SIM-S0102-Q-LPC_0p5","SIM-S0102","SIM-S0102-S","LPC_0p5","1033.6733","count/mL","SIM-M-LPC_0p5","SIM-Q02","","3000","EQ","2026-09-03T00:45:00Z","2026-09-03T01:30:00Z","true","APPROVED","DEMO","SYNTHETIC","1000"
"SIM-S0102-Q-LPC_1p0","SIM-S0102","SIM-S0102-S","LPC_1p0","80.8562","count/mL","SIM-M-LPC_1p0","SIM-Q02","","600","EQ","2026-09-03T00:45:00Z","2026-09-03T01:30:00Z","true","APPROVED","DEMO","SYNTHETIC","80"
"SIM-S0102-Q-Zeta","SIM-S0102","SIM-S0102-S","Zeta","-40.9711","mV","SIM-M-Zeta","SIM-Q02","-50","-30","EQ","2026-09-03T00:45:00Z","2026-09-03T01:30:00Z","true","APPROVED","DEMO","SYNTHETIC","-40"
"SIM-S0102-Q-Fe","SIM-S0102","SIM-S0102-S","Fe","0.2362","ug/kg","SIM-M-Fe","SIM-Q02","","1","EQ","2026-09-03T00:45:00Z","2026-09-03T01:30:00Z","true","APPROVED","DEMO","SYNTHETIC","0.3"
"SIM-S0103-Q-pH","SIM-S0103","SIM-S0103-S","pH","10.0154","pH","SIM-M-pH","SIM-Q02","9.5","10.5","EQ","2026-09-03T02:15:00Z","2026-09-03T03:00:00Z","true","APPROVED","DEMO","SYNTHETIC","10"
"SIM-S0103-Q-Solids","SIM-S0103","SIM-S0103-S","Solids","10.0728","wt%","SIM-M-Solids","SIM-Q02","9.5","10.5","EQ","2026-09-03T02:15:00Z","2026-09-03T03:00:00Z","true","APPROVED","DEMO","SYNTHETIC","10"
"SIM-S0103-Q-Viscosity","SIM-S0103","SIM-S0103-S","Viscosity","1.7106","mPa.s","SIM-M-Viscosity","SIM-Q02","1.2","2.2","EQ","2026-09-03T02:15:00Z","2026-09-03T03:00:00Z","true","APPROVED","DEMO","SYNTHETIC","1.7"
"SIM-S0103-Q-D50","SIM-S0103","SIM-S0103-S","D50","90.6224","nm","SIM-M-D50","SIM-Q02","75","105","EQ","2026-09-03T02:15:00Z","2026-09-03T03:00:00Z","true","APPROVED","DEMO","SYNTHETIC","90"
"SIM-S0103-Q-D90","SIM-S0103","SIM-S0103-S","D90","134.3035","nm","SIM-M-D90","SIM-Q02","110","180","EQ","2026-09-03T02:15:00Z","2026-09-03T03:00:00Z","true","APPROVED","DEMO","SYNTHETIC","130"
"SIM-S0103-Q-LPC_0p5","SIM-S0103","SIM-S0103-S","LPC_0p5","751.6259","count/mL","SIM-M-LPC_0p5","SIM-Q02","","3000","EQ","2026-09-03T02:15:00Z","2026-09-03T03:00:00Z","true","APPROVED","DEMO","SYNTHETIC","1000"
"SIM-S0103-Q-LPC_1p0","SIM-S0103","SIM-S0103-S","LPC_1p0","78.505","count/mL","SIM-M-LPC_1p0","SIM-Q02","","600","EQ","2026-09-03T02:15:00Z","2026-09-03T03:00:00Z","true","APPROVED","DEMO","SYNTHETIC","80"
"SIM-S0103-Q-Zeta","SIM-S0103","SIM-S0103-S","Zeta","-40.0005","mV","SIM-M-Zeta","SIM-Q02","-50","-30","EQ","2026-09-03T02:15:00Z","2026-09-03T03:00:00Z","true","APPROVED","DEMO","SYNTHETIC","-40"
"SIM-S0103-Q-Fe","SIM-S0103","SIM-S0103-S","Fe","0.2654","ug/kg","SIM-M-Fe","SIM-Q02","","1","EQ","2026-09-03T02:15:00Z","2026-09-03T03:00:00Z","true","APPROVED","DEMO","SYNTHETIC","0.3"
"SIM-S0104-Q-pH","SIM-S0104","SIM-S0104-S","pH","10.0305","pH","SIM-M-pH","SIM-Q02","9.5","10.5","EQ","2026-09-03T02:15:00Z","2026-09-03T03:00:00Z","true","APPROVED","DEMO","SYNTHETIC","10"
"SIM-S0104-Q-Solids","SIM-S0104","SIM-S0104-S","Solids","10.0578","wt%","SIM-M-Solids","SIM-Q02","9.5","10.5","EQ","2026-09-03T02:15:00Z","2026-09-03T03:00:00Z","true","APPROVED","DEMO","SYNTHETIC","10"
"SIM-S0104-Q-Viscosity","SIM-S0104","SIM-S0104-S","Viscosity","1.67","mPa.s","SIM-M-Viscosity","SIM-Q02","1.2","2.2","EQ","2026-09-03T02:15:00Z","2026-09-03T03:00:00Z","true","APPROVED","DEMO","SYNTHETIC","1.7"
"SIM-S0104-Q-D50","SIM-S0104","SIM-S0104-S","D50","88.9602","nm","SIM-M-D50","SIM-Q02","75","105","EQ","2026-09-03T02:15:00Z","2026-09-03T03:00:00Z","true","APPROVED","DEMO","SYNTHETIC","90"
"SIM-S0104-Q-D90","SIM-S0104","SIM-S0104-S","D90","133.9735","nm","SIM-M-D90","SIM-Q02","110","180","EQ","2026-09-03T02:15:00Z","2026-09-03T03:00:00Z","true","APPROVED","DEMO","SYNTHETIC","130"
"SIM-S0104-Q-LPC_0p5","SIM-S0104","SIM-S0104-S","LPC_0p5","1107.4185","count/mL","SIM-M-LPC_0p5","SIM-Q02","","3000","EQ","2026-09-03T02:15:00Z","2026-09-03T03:00:00Z","true","APPROVED","DEMO","SYNTHETIC","1000"
"SIM-S0104-Q-LPC_1p0","SIM-S0104","SIM-S0104-S","LPC_1p0","92.1027","count/mL","SIM-M-LPC_1p0","SIM-Q02","","600","EQ","2026-09-03T02:15:00Z","2026-09-03T03:00:00Z","true","APPROVED","DEMO","SYNTHETIC","80"
"SIM-S0104-Q-Zeta","SIM-S0104","SIM-S0104-S","Zeta","-40.8723","mV","SIM-M-Zeta","SIM-Q02","-50","-30","EQ","2026-09-03T02:15:00Z","2026-09-03T03:00:00Z","true","APPROVED","DEMO","SYNTHETIC","-40"
"SIM-S0104-Q-Fe","SIM-S0104","SIM-S0104-S","Fe","0.2793","ug/kg","SIM-M-Fe","SIM-Q02","","1","EQ","2026-09-03T02:15:00Z","2026-09-03T03:00:00Z","true","APPROVED","DEMO","SYNTHETIC","0.3"
"SIM-S0105-Q-pH","SIM-S0105","SIM-S0105-S","pH","10.0171","pH","SIM-M-pH","SIM-Q02","9.5","10.5","EQ","2026-09-03T02:15:00Z","2026-09-03T03:00:00Z","true","APPROVED","DEMO","SYNTHETIC","10"
"SIM-S0105-Q-Solids","SIM-S0105","SIM-S0105-S","Solids","10.0481","wt%","SIM-M-Solids","SIM-Q02","9.5","10.5","EQ","2026-09-03T02:15:00Z","2026-09-03T03:00:00Z","true","APPROVED","DEMO","SYNTHETIC","10"
"SIM-S0105-Q-Viscosity","SIM-S0105","SIM-S0105-S","Viscosity","1.7341","mPa.s","SIM-M-Viscosity","SIM-Q02","1.2","2.2","EQ","2026-09-03T02:15:00Z","2026-09-03T03:00:00Z","true","APPROVED","DEMO","SYNTHETIC","1.7"
"SIM-S0105-Q-D50","SIM-S0105","SIM-S0105-S","D50","89.7795","nm","SIM-M-D50","SIM-Q02","75","105","EQ","2026-09-03T02:15:00Z","2026-09-03T03:00:00Z","true","APPROVED","DEMO","SYNTHETIC","90"
"SIM-S0105-Q-D90","SIM-S0105","SIM-S0105-S","D90","137.233","nm","SIM-M-D90","SIM-Q02","110","180","EQ","2026-09-03T02:15:00Z","2026-09-03T03:00:00Z","true","APPROVED","DEMO","SYNTHETIC","130"
"SIM-S0105-Q-LPC_0p5","SIM-S0105","SIM-S0105-S","LPC_0p5","1023.7881","count/mL","SIM-M-LPC_0p5","SIM-Q02","","3000","EQ","2026-09-03T02:15:00Z","2026-09-03T03:00:00Z","true","APPROVED","DEMO","SYNTHETIC","1000"
"SIM-S0105-Q-LPC_1p0","SIM-S0105","SIM-S0105-S","LPC_1p0","78.0172","count/mL","SIM-M-LPC_1p0","SIM-Q02","","600","EQ","2026-09-03T02:15:00Z","2026-09-03T03:00:00Z","true","APPROVED","DEMO","SYNTHETIC","80"
"SIM-S0105-Q-Zeta","SIM-S0105","SIM-S0105-S","Zeta","-39.0052","mV","SIM-M-Zeta","SIM-Q02","-50","-30","EQ","2026-09-03T02:15:00Z","2026-09-03T03:00:00Z","true","APPROVED","DEMO","SYNTHETIC","-40"
"SIM-S0105-Q-Fe","SIM-S0105","SIM-S0105-S","Fe","0.2695","ug/kg","SIM-M-Fe","SIM-Q02","","1","EQ","2026-09-03T02:15:00Z","2026-09-03T03:00:00Z","true","APPROVED","DEMO","SYNTHETIC","0.3"
"SIM-S0106-Q-pH","SIM-S0106","SIM-S0106-S","pH","9.9537","pH","SIM-M-pH","SIM-Q02","9.5","10.5","EQ","2026-09-03T03:45:00Z","2026-09-03T04:30:00Z","true","APPROVED","DEMO","SYNTHETIC","10"
"SIM-S0106-Q-Solids","SIM-S0106","SIM-S0106-S","Solids","10.0608","wt%","SIM-M-Solids","SIM-Q02","9.5","10.5","EQ","2026-09-03T03:45:00Z","2026-09-03T04:30:00Z","true","APPROVED","DEMO","SYNTHETIC","10"
"SIM-S0106-Q-Viscosity","SIM-S0106","SIM-S0106-S","Viscosity","1.6902","mPa.s","SIM-M-Viscosity","SIM-Q02","1.2","2.2","EQ","2026-09-03T03:45:00Z","2026-09-03T04:30:00Z","true","APPROVED","DEMO","SYNTHETIC","1.7"
"SIM-S0106-Q-D50","SIM-S0106","SIM-S0106-S","D50","88.0655","nm","SIM-M-D50","SIM-Q02","75","105","EQ","2026-09-03T03:45:00Z","2026-09-03T04:30:00Z","true","APPROVED","DEMO","SYNTHETIC","90"
"SIM-S0106-Q-D90","SIM-S0106","SIM-S0106-S","D90","122.5771","nm","SIM-M-D90","SIM-Q02","110","180","EQ","2026-09-03T03:45:00Z","2026-09-03T04:30:00Z","true","APPROVED","DEMO","SYNTHETIC","130"
"SIM-S0106-Q-LPC_0p5","SIM-S0106","SIM-S0106-S","LPC_0p5","758.7391","count/mL","SIM-M-LPC_0p5","SIM-Q02","","3000","EQ","2026-09-03T03:45:00Z","2026-09-03T04:30:00Z","true","APPROVED","DEMO","SYNTHETIC","1000"
"SIM-S0106-Q-LPC_1p0","SIM-S0106","SIM-S0106-S","LPC_1p0","83.8608","count/mL","SIM-M-LPC_1p0","SIM-Q02","","600","EQ","2026-09-03T03:45:00Z","2026-09-03T04:30:00Z","true","APPROVED","DEMO","SYNTHETIC","80"
"SIM-S0106-Q-Zeta","SIM-S0106","SIM-S0106-S","Zeta","-38.7042","mV","SIM-M-Zeta","SIM-Q02","-50","-30","EQ","2026-09-03T03:45:00Z","2026-09-03T04:30:00Z","true","APPROVED","DEMO","SYNTHETIC","-40"
"SIM-S0106-Q-Fe","SIM-S0106","SIM-S0106-S","Fe","0.2748","ug/kg","SIM-M-Fe","SIM-Q02","","1","EQ","2026-09-03T03:45:00Z","2026-09-03T04:30:00Z","true","APPROVED","DEMO","SYNTHETIC","0.3"
"SIM-S0107-Q-pH","SIM-S0107","SIM-S0107-S","pH","10.0102","pH","SIM-M-pH","SIM-Q02","9.5","10.5","EQ","2026-09-03T03:45:00Z","2026-09-03T04:30:00Z","true","APPROVED","DEMO","SYNTHETIC","10"
"SIM-S0107-Q-Solids","SIM-S0107","SIM-S0107-S","Solids","10.0179","wt%","SIM-M-Solids","SIM-Q02","9.5","10.5","EQ","2026-09-03T03:45:00Z","2026-09-03T04:30:00Z","true","APPROVED","DEMO","SYNTHETIC","10"
"SIM-S0107-Q-Viscosity","SIM-S0107","SIM-S0107-S","Viscosity","1.6686","mPa.s","SIM-M-Viscosity","SIM-Q02","1.2","2.2","EQ","2026-09-03T03:45:00Z","2026-09-03T04:30:00Z","true","APPROVED","DEMO","SYNTHETIC","1.7"
"SIM-S0107-Q-D50","SIM-S0107","SIM-S0107-S","D50","89.4067","nm","SIM-M-D50","SIM-Q02","75","105","EQ","2026-09-03T03:45:00Z","2026-09-03T04:30:00Z","true","APPROVED","DEMO","SYNTHETIC","90"
"SIM-S0107-Q-D90","SIM-S0107","SIM-S0107-S","D90","126.2926","nm","SIM-M-D90","SIM-Q02","110","180","EQ","2026-09-03T03:45:00Z","2026-09-03T04:30:00Z","true","APPROVED","DEMO","SYNTHETIC","130"
"SIM-S0107-Q-LPC_0p5","SIM-S0107","SIM-S0107-S","LPC_0p5","1075.9927","count/mL","SIM-M-LPC_0p5","SIM-Q02","","3000","EQ","2026-09-03T03:45:00Z","2026-09-03T04:30:00Z","true","APPROVED","DEMO","SYNTHETIC","1000"
"SIM-S0107-Q-LPC_1p0","SIM-S0107","SIM-S0107-S","LPC_1p0","84.2169","count/mL","SIM-M-LPC_1p0","SIM-Q02","","600","EQ","2026-09-03T03:45:00Z","2026-09-03T04:30:00Z","true","APPROVED","DEMO","SYNTHETIC","80"
"SIM-S0107-Q-Zeta","SIM-S0107","SIM-S0107-S","Zeta","-39.3958","mV","SIM-M-Zeta","SIM-Q02","-50","-30","EQ","2026-09-03T03:45:00Z","2026-09-03T04:30:00Z","true","APPROVED","DEMO","SYNTHETIC","-40"
"SIM-S0107-Q-Fe","SIM-S0107","SIM-S0107-S","Fe","0.2408","ug/kg","SIM-M-Fe","SIM-Q02","","1","EQ","2026-09-03T03:45:00Z","2026-09-03T04:30:00Z","true","APPROVED","DEMO","SYNTHETIC","0.3"
"SIM-S0108-Q-pH","SIM-S0108","SIM-S0108-S","pH","10.0294","pH","SIM-M-pH","SIM-Q02","9.5","10.5","EQ","2026-09-03T03:45:00Z","2026-09-03T04:30:00Z","true","APPROVED","DEMO","SYNTHETIC","10"
"SIM-S0108-Q-Solids","SIM-S0108","SIM-S0108-S","Solids","10.0589","wt%","SIM-M-Solids","SIM-Q02","9.5","10.5","EQ","2026-09-03T03:45:00Z","2026-09-03T04:30:00Z","true","APPROVED","DEMO","SYNTHETIC","10"
"SIM-S0108-Q-Viscosity","SIM-S0108","SIM-S0108-S","Viscosity","1.6166","mPa.s","SIM-M-Viscosity","SIM-Q02","1.2","2.2","EQ","2026-09-03T03:45:00Z","2026-09-03T04:30:00Z","true","APPROVED","DEMO","SYNTHETIC","1.7"
"SIM-S0108-Q-D50","SIM-S0108","SIM-S0108-S","D50","91.4036","nm","SIM-M-D50","SIM-Q02","75","105","EQ","2026-09-03T03:45:00Z","2026-09-03T04:30:00Z","true","APPROVED","DEMO","SYNTHETIC","90"
"SIM-S0108-Q-D90","SIM-S0108","SIM-S0108-S","D90","127.4571","nm","SIM-M-D90","SIM-Q02","110","180","EQ","2026-09-03T03:45:00Z","2026-09-03T04:30:00Z","true","APPROVED","DEMO","SYNTHETIC","130"
"SIM-S0108-Q-LPC_0p5","SIM-S0108","SIM-S0108-S","LPC_0p5","1005.088","count/mL","SIM-M-LPC_0p5","SIM-Q02","","3000","EQ","2026-09-03T03:45:00Z","2026-09-03T04:30:00Z","true","APPROVED","DEMO","SYNTHETIC","1000"
"SIM-S0108-Q-LPC_1p0","SIM-S0108","SIM-S0108-S","LPC_1p0","76.7089","count/mL","SIM-M-LPC_1p0","SIM-Q02","","600","EQ","2026-09-03T03:45:00Z","2026-09-03T04:30:00Z","true","APPROVED","DEMO","SYNTHETIC","80"
"SIM-S0108-Q-Zeta","SIM-S0108","SIM-S0108-S","Zeta","-40.2823","mV","SIM-M-Zeta","SIM-Q02","-50","-30","EQ","2026-09-03T03:45:00Z","2026-09-03T04:30:00Z","true","APPROVED","DEMO","SYNTHETIC","-40"
"SIM-S0108-Q-Fe","SIM-S0108","SIM-S0108-S","Fe","0.3015","ug/kg","SIM-M-Fe","SIM-Q02","","1","EQ","2026-09-03T03:45:00Z","2026-09-03T04:30:00Z","true","APPROVED","DEMO","SYNTHETIC","0.3"
"SIM-S0109-Q-pH","SIM-S0109","SIM-S0109-S","pH","10.1073","pH","SIM-M-pH","SIM-Q02","9.5","10.5","EQ","2026-09-03T05:15:00Z","2026-09-03T06:00:00Z","true","APPROVED","DEMO","SYNTHETIC","10"
"SIM-S0109-Q-Solids","SIM-S0109","SIM-S0109-S","Solids","10.1061","wt%","SIM-M-Solids","SIM-Q02","9.5","10.5","EQ","2026-09-03T05:15:00Z","2026-09-03T06:00:00Z","true","APPROVED","DEMO","SYNTHETIC","10"
"SIM-S0109-Q-Viscosity","SIM-S0109","SIM-S0109-S","Viscosity","1.707","mPa.s","SIM-M-Viscosity","SIM-Q02","1.2","2.2","EQ","2026-09-03T05:15:00Z","2026-09-03T06:00:00Z","true","APPROVED","DEMO","SYNTHETIC","1.7"
"SIM-S0109-Q-D50","SIM-S0109","SIM-S0109-S","D50","89.1872","nm","SIM-M-D50","SIM-Q02","75","105","EQ","2026-09-03T05:15:00Z","2026-09-03T06:00:00Z","true","APPROVED","DEMO","SYNTHETIC","90"
"SIM-S0109-Q-D90","SIM-S0109","SIM-S0109-S","D90","127.3018","nm","SIM-M-D90","SIM-Q02","110","180","EQ","2026-09-03T05:15:00Z","2026-09-03T06:00:00Z","true","APPROVED","DEMO","SYNTHETIC","130"
"SIM-S0109-Q-LPC_0p5","SIM-S0109","SIM-S0109-S","LPC_0p5","985.8533","count/mL","SIM-M-LPC_0p5","SIM-Q02","","3000","EQ","2026-09-03T05:15:00Z","2026-09-03T06:00:00Z","true","APPROVED","DEMO","SYNTHETIC","1000"
"SIM-S0109-Q-LPC_1p0","SIM-S0109","SIM-S0109-S","LPC_1p0","104.5234","count/mL","SIM-M-LPC_1p0","SIM-Q02","","600","EQ","2026-09-03T05:15:00Z","2026-09-03T06:00:00Z","true","APPROVED","DEMO","SYNTHETIC","80"
"SIM-S0109-Q-Zeta","SIM-S0109","SIM-S0109-S","Zeta","-40.3307","mV","SIM-M-Zeta","SIM-Q02","-50","-30","EQ","2026-09-03T05:15:00Z","2026-09-03T06:00:00Z","true","APPROVED","DEMO","SYNTHETIC","-40"
"SIM-S0109-Q-Fe","SIM-S0109","SIM-S0109-S","Fe","0.2508","ug/kg","SIM-M-Fe","SIM-Q02","","1","EQ","2026-09-03T05:15:00Z","2026-09-03T06:00:00Z","true","APPROVED","DEMO","SYNTHETIC","0.3"
"SIM-S0110-Q-pH","SIM-S0110","SIM-S0110-S","pH","10.0025","pH","SIM-M-pH","SIM-Q02","9.5","10.5","EQ","2026-09-03T05:15:00Z","2026-09-03T06:00:00Z","true","APPROVED","DEMO","SYNTHETIC","10"
"SIM-S0110-Q-Solids","SIM-S0110","SIM-S0110-S","Solids","9.9609","wt%","SIM-M-Solids","SIM-Q02","9.5","10.5","EQ","2026-09-03T05:15:00Z","2026-09-03T06:00:00Z","true","APPROVED","DEMO","SYNTHETIC","10"
"SIM-S0110-Q-Viscosity","SIM-S0110","SIM-S0110-S","Viscosity","1.7266","mPa.s","SIM-M-Viscosity","SIM-Q02","1.2","2.2","EQ","2026-09-03T05:15:00Z","2026-09-03T06:00:00Z","true","APPROVED","DEMO","SYNTHETIC","1.7"
"SIM-S0110-Q-D50","SIM-S0110","SIM-S0110-S","D50","90.9404","nm","SIM-M-D50","SIM-Q02","75","105","EQ","2026-09-03T05:15:00Z","2026-09-03T06:00:00Z","true","APPROVED","DEMO","SYNTHETIC","90"
"SIM-S0110-Q-D90","SIM-S0110","SIM-S0110-S","D90","127.7141","nm","SIM-M-D90","SIM-Q02","110","180","EQ","2026-09-03T05:15:00Z","2026-09-03T06:00:00Z","true","APPROVED","DEMO","SYNTHETIC","130"
"SIM-S0110-Q-LPC_0p5","SIM-S0110","SIM-S0110-S","LPC_0p5","895.9797","count/mL","SIM-M-LPC_0p5","SIM-Q02","","3000","EQ","2026-09-03T05:15:00Z","2026-09-03T06:00:00Z","true","APPROVED","DEMO","SYNTHETIC","1000"
"SIM-S0110-Q-LPC_1p0","SIM-S0110","SIM-S0110-S","LPC_1p0","76.7918","count/mL","SIM-M-LPC_1p0","SIM-Q02","","600","EQ","2026-09-03T05:15:00Z","2026-09-03T06:00:00Z","true","APPROVED","DEMO","SYNTHETIC","80"
"SIM-S0110-Q-Zeta","SIM-S0110","SIM-S0110-S","Zeta","-39.7917","mV","SIM-M-Zeta","SIM-Q02","-50","-30","EQ","2026-09-03T05:15:00Z","2026-09-03T06:00:00Z","true","APPROVED","DEMO","SYNTHETIC","-40"
"SIM-S0110-Q-Fe","SIM-S0110","SIM-S0110-S","Fe","0.3491","ug/kg","SIM-M-Fe","SIM-Q02","","1","EQ","2026-09-03T05:15:00Z","2026-09-03T06:00:00Z","true","APPROVED","DEMO","SYNTHETIC","0.3"
"SIM-S0111-Q-pH","SIM-S0111","SIM-S0111-S","pH","10.0353","pH","SIM-M-pH","SIM-Q02","9.5","10.5","EQ","2026-09-03T05:15:00Z","2026-09-03T06:00:00Z","true","APPROVED","DEMO","SYNTHETIC","10"
"SIM-S0111-Q-Solids","SIM-S0111","SIM-S0111-S","Solids","9.9573","wt%","SIM-M-Solids","SIM-Q02","9.5","10.5","EQ","2026-09-03T05:15:00Z","2026-09-03T06:00:00Z","true","APPROVED","DEMO","SYNTHETIC","10"
"SIM-S0111-Q-Viscosity","SIM-S0111","SIM-S0111-S","Viscosity","1.7696","mPa.s","SIM-M-Viscosity","SIM-Q02","1.2","2.2","EQ","2026-09-03T05:15:00Z","2026-09-03T06:00:00Z","true","APPROVED","DEMO","SYNTHETIC","1.7"
"SIM-S0111-Q-D50","SIM-S0111","SIM-S0111-S","D50","88.335","nm","SIM-M-D50","SIM-Q02","75","105","EQ","2026-09-03T05:15:00Z","2026-09-03T06:00:00Z","true","APPROVED","DEMO","SYNTHETIC","90"
"SIM-S0111-Q-D90","SIM-S0111","SIM-S0111-S","D90","129.3386","nm","SIM-M-D90","SIM-Q02","110","180","EQ","2026-09-03T05:15:00Z","2026-09-03T06:00:00Z","true","APPROVED","DEMO","SYNTHETIC","130"
"SIM-S0111-Q-LPC_0p5","SIM-S0111","SIM-S0111-S","LPC_0p5","1368.6969","count/mL","SIM-M-LPC_0p5","SIM-Q02","","3000","EQ","2026-09-03T05:15:00Z","2026-09-03T06:00:00Z","true","APPROVED","DEMO","SYNTHETIC","1000"
"SIM-S0111-Q-LPC_1p0","SIM-S0111","SIM-S0111-S","LPC_1p0","77.7143","count/mL","SIM-M-LPC_1p0","SIM-Q02","","600","EQ","2026-09-03T05:15:00Z","2026-09-03T06:00:00Z","true","APPROVED","DEMO","SYNTHETIC","80"
"SIM-S0111-Q-Zeta","SIM-S0111","SIM-S0111-S","Zeta","-41.0859","mV","SIM-M-Zeta","SIM-Q02","-50","-30","EQ","2026-09-03T05:15:00Z","2026-09-03T06:00:00Z","true","APPROVED","DEMO","SYNTHETIC","-40"
"SIM-S0111-Q-Fe","SIM-S0111","SIM-S0111-S","Fe","0.3117","ug/kg","SIM-M-Fe","SIM-Q02","","1","EQ","2026-09-03T05:15:00Z","2026-09-03T06:00:00Z","true","APPROVED","DEMO","SYNTHETIC","0.3"
"SIM-S0112-Q-pH","SIM-S0112","SIM-S0112-S","pH","10.166","pH","SIM-M-pH","SIM-Q02","9.5","10.5","EQ","2026-09-03T06:45:00Z","2026-09-03T07:30:00Z","true","APPROVED","DEMO","SYNTHETIC","10"
"SIM-S0112-Q-Solids","SIM-S0112","SIM-S0112-S","Solids","10.1942","wt%","SIM-M-Solids","SIM-Q02","9.5","10.5","EQ","2026-09-03T06:45:00Z","2026-09-03T07:30:00Z","true","APPROVED","DEMO","SYNTHETIC","10"
"SIM-S0112-Q-Viscosity","SIM-S0112","SIM-S0112-S","Viscosity","1.8002","mPa.s","SIM-M-Viscosity","SIM-Q02","1.2","2.2","EQ","2026-09-03T06:45:00Z","2026-09-03T07:30:00Z","true","APPROVED","DEMO","SYNTHETIC","1.7"
"SIM-S0112-Q-D50","SIM-S0112","SIM-S0112-S","D50","88.8608","nm","SIM-M-D50","SIM-Q02","75","105","EQ","2026-09-03T06:45:00Z","2026-09-03T07:30:00Z","true","APPROVED","DEMO","SYNTHETIC","90"
"SIM-S0112-Q-D90","SIM-S0112","SIM-S0112-S","D90","132.2559","nm","SIM-M-D90","SIM-Q02","110","180","EQ","2026-09-03T06:45:00Z","2026-09-03T07:30:00Z","true","APPROVED","DEMO","SYNTHETIC","130"
"SIM-S0112-Q-LPC_0p5","SIM-S0112","SIM-S0112-S","LPC_0p5","1013.9252","count/mL","SIM-M-LPC_0p5","SIM-Q02","","3000","EQ","2026-09-03T06:45:00Z","2026-09-03T07:30:00Z","true","APPROVED","DEMO","SYNTHETIC","1000"
"SIM-S0112-Q-LPC_1p0","SIM-S0112","SIM-S0112-S","LPC_1p0","78.0293","count/mL","SIM-M-LPC_1p0","SIM-Q02","","600","EQ","2026-09-03T06:45:00Z","2026-09-03T07:30:00Z","true","APPROVED","DEMO","SYNTHETIC","80"
"SIM-S0112-Q-Zeta","SIM-S0112","SIM-S0112-S","Zeta","-39.5314","mV","SIM-M-Zeta","SIM-Q02","-50","-30","EQ","2026-09-03T06:45:00Z","2026-09-03T07:30:00Z","true","APPROVED","DEMO","SYNTHETIC","-40"
"SIM-S0112-Q-Fe","SIM-S0112","SIM-S0112-S","Fe","0.3223","ug/kg","SIM-M-Fe","SIM-Q02","","1","EQ","2026-09-03T06:45:00Z","2026-09-03T07:30:00Z","true","APPROVED","DEMO","SYNTHETIC","0.3"
"SIM-S0113-Q-pH","SIM-S0113","SIM-S0113-S","pH","9.9078","pH","SIM-M-pH","SIM-Q02","9.5","10.5","EQ","2026-09-03T06:45:00Z","2026-09-03T07:30:00Z","true","APPROVED","DEMO","SYNTHETIC","10"
"SIM-S0113-Q-Solids","SIM-S0113","SIM-S0113-S","Solids","10.1039","wt%","SIM-M-Solids","SIM-Q02","9.5","10.5","EQ","2026-09-03T06:45:00Z","2026-09-03T07:30:00Z","true","APPROVED","DEMO","SYNTHETIC","10"
"SIM-S0113-Q-Viscosity","SIM-S0113","SIM-S0113-S","Viscosity","1.6654","mPa.s","SIM-M-Viscosity","SIM-Q02","1.2","2.2","EQ","2026-09-03T06:45:00Z","2026-09-03T07:30:00Z","true","APPROVED","DEMO","SYNTHETIC","1.7"
"SIM-S0113-Q-D50","SIM-S0113","SIM-S0113-S","D50","89.2406","nm","SIM-M-D50","SIM-Q02","75","105","EQ","2026-09-03T06:45:00Z","2026-09-03T07:30:00Z","true","APPROVED","DEMO","SYNTHETIC","90"
"SIM-S0113-Q-D90","SIM-S0113","SIM-S0113-S","D90","130.0964","nm","SIM-M-D90","SIM-Q02","110","180","EQ","2026-09-03T06:45:00Z","2026-09-03T07:30:00Z","true","APPROVED","DEMO","SYNTHETIC","130"
"SIM-S0113-Q-LPC_0p5","SIM-S0113","SIM-S0113-S","LPC_0p5","1125.5846","count/mL","SIM-M-LPC_0p5","SIM-Q02","","3000","EQ","2026-09-03T06:45:00Z","2026-09-03T07:30:00Z","true","APPROVED","DEMO","SYNTHETIC","1000"
"SIM-S0113-Q-LPC_1p0","SIM-S0113","SIM-S0113-S","LPC_1p0","55.8966","count/mL","SIM-M-LPC_1p0","SIM-Q02","","600","EQ","2026-09-03T06:45:00Z","2026-09-03T07:30:00Z","true","APPROVED","DEMO","SYNTHETIC","80"
"SIM-S0113-Q-Zeta","SIM-S0113","SIM-S0113-S","Zeta","-40.8851","mV","SIM-M-Zeta","SIM-Q02","-50","-30","EQ","2026-09-03T06:45:00Z","2026-09-03T07:30:00Z","true","APPROVED","DEMO","SYNTHETIC","-40"
"SIM-S0113-Q-Fe","SIM-S0113","SIM-S0113-S","Fe","0.3004","ug/kg","SIM-M-Fe","SIM-Q02","","1","EQ","2026-09-03T06:45:00Z","2026-09-03T07:30:00Z","true","APPROVED","DEMO","SYNTHETIC","0.3"
"SIM-S0114-Q-pH","SIM-S0114","SIM-S0114-S","pH","10.0324","pH","SIM-M-pH","SIM-Q02","9.5","10.5","EQ","2026-09-03T06:45:00Z","2026-09-03T07:30:00Z","true","APPROVED","DEMO","SYNTHETIC","10"
"SIM-S0114-Q-Solids","SIM-S0114","SIM-S0114-S","Solids","10.0853","wt%","SIM-M-Solids","SIM-Q02","9.5","10.5","EQ","2026-09-03T06:45:00Z","2026-09-03T07:30:00Z","true","APPROVED","DEMO","SYNTHETIC","10"
"SIM-S0114-Q-Viscosity","SIM-S0114","SIM-S0114-S","Viscosity","1.7367","mPa.s","SIM-M-Viscosity","SIM-Q02","1.2","2.2","EQ","2026-09-03T06:45:00Z","2026-09-03T07:30:00Z","true","APPROVED","DEMO","SYNTHETIC","1.7"
"SIM-S0114-Q-D50","SIM-S0114","SIM-S0114-S","D50","90.6688","nm","SIM-M-D50","SIM-Q02","75","105","EQ","2026-09-03T06:45:00Z","2026-09-03T07:30:00Z","true","APPROVED","DEMO","SYNTHETIC","90"
"SIM-S0114-Q-D90","SIM-S0114","SIM-S0114-S","D90","127.1723","nm","SIM-M-D90","SIM-Q02","110","180","EQ","2026-09-03T06:45:00Z","2026-09-03T07:30:00Z","true","APPROVED","DEMO","SYNTHETIC","130"
"SIM-S0114-Q-LPC_0p5","SIM-S0114","SIM-S0114-S","LPC_0p5","1018.9194","count/mL","SIM-M-LPC_0p5","SIM-Q02","","3000","EQ","2026-09-03T06:45:00Z","2026-09-03T07:30:00Z","true","APPROVED","DEMO","SYNTHETIC","1000"
"SIM-S0114-Q-LPC_1p0","SIM-S0114","SIM-S0114-S","LPC_1p0","92.7437","count/mL","SIM-M-LPC_1p0","SIM-Q02","","600","EQ","2026-09-03T06:45:00Z","2026-09-03T07:30:00Z","true","APPROVED","DEMO","SYNTHETIC","80"
"SIM-S0114-Q-Zeta","SIM-S0114","SIM-S0114-S","Zeta","-39.9478","mV","SIM-M-Zeta","SIM-Q02","-50","-30","EQ","2026-09-03T06:45:00Z","2026-09-03T07:30:00Z","true","APPROVED","DEMO","SYNTHETIC","-40"
"SIM-S0114-Q-Fe","SIM-S0114","SIM-S0114-S","Fe","0.2938","ug/kg","SIM-M-Fe","SIM-Q02","","1","EQ","2026-09-03T06:45:00Z","2026-09-03T07:30:00Z","true","APPROVED","DEMO","SYNTHETIC","0.3"
"SIM-S0115-Q-pH","SIM-S0115","SIM-S0115-S","pH","9.8327","pH","SIM-M-pH","SIM-Q02","9.5","10.5","EQ","2026-09-03T08:15:00Z","2026-09-03T09:00:00Z","true","APPROVED","DEMO","SYNTHETIC","10"
"SIM-S0115-Q-Solids","SIM-S0115","SIM-S0115-S","Solids","9.9488","wt%","SIM-M-Solids","SIM-Q02","9.5","10.5","EQ","2026-09-03T08:15:00Z","2026-09-03T09:00:00Z","true","APPROVED","DEMO","SYNTHETIC","10"
"SIM-S0115-Q-Viscosity","SIM-S0115","SIM-S0115-S","Viscosity","1.8466","mPa.s","SIM-M-Viscosity","SIM-Q02","1.2","2.2","EQ","2026-09-03T08:15:00Z","2026-09-03T09:00:00Z","true","APPROVED","DEMO","SYNTHETIC","1.7"
"SIM-S0115-Q-D50","SIM-S0115","SIM-S0115-S","D50","89.3777","nm","SIM-M-D50","SIM-Q02","75","105","EQ","2026-09-03T08:15:00Z","2026-09-03T09:00:00Z","true","APPROVED","DEMO","SYNTHETIC","90"
"SIM-S0115-Q-D90","SIM-S0115","SIM-S0115-S","D90","130.9729","nm","SIM-M-D90","SIM-Q02","110","180","EQ","2026-09-03T08:15:00Z","2026-09-03T09:00:00Z","true","APPROVED","DEMO","SYNTHETIC","130"
"SIM-S0115-Q-LPC_0p5","SIM-S0115","SIM-S0115-S","LPC_0p5","905.8869","count/mL","SIM-M-LPC_0p5","SIM-Q02","","3000","EQ","2026-09-03T08:15:00Z","2026-09-03T09:00:00Z","true","APPROVED","DEMO","SYNTHETIC","1000"
"SIM-S0115-Q-LPC_1p0","SIM-S0115","SIM-S0115-S","LPC_1p0","83.4804","count/mL","SIM-M-LPC_1p0","SIM-Q02","","600","EQ","2026-09-03T08:15:00Z","2026-09-03T09:00:00Z","true","APPROVED","DEMO","SYNTHETIC","80"
"SIM-S0115-Q-Zeta","SIM-S0115","SIM-S0115-S","Zeta","-39.9092","mV","SIM-M-Zeta","SIM-Q02","-50","-30","EQ","2026-09-03T08:15:00Z","2026-09-03T09:00:00Z","true","APPROVED","DEMO","SYNTHETIC","-40"
"SIM-S0115-Q-Fe","SIM-S0115","SIM-S0115-S","Fe","0.2641","ug/kg","SIM-M-Fe","SIM-Q02","","1","EQ","2026-09-03T08:15:00Z","2026-09-03T09:00:00Z","true","APPROVED","DEMO","SYNTHETIC","0.3"
"SIM-S0116-Q-pH","SIM-S0116","SIM-S0116-S","pH","10.0451","pH","SIM-M-pH","SIM-Q02","9.5","10.5","EQ","2026-09-03T08:15:00Z","2026-09-03T09:00:00Z","true","APPROVED","DEMO","SYNTHETIC","10"
"SIM-S0116-Q-Solids","SIM-S0116","SIM-S0116-S","Solids","10.0172","wt%","SIM-M-Solids","SIM-Q02","9.5","10.5","EQ","2026-09-03T08:15:00Z","2026-09-03T09:00:00Z","true","APPROVED","DEMO","SYNTHETIC","10"
"SIM-S0116-Q-Viscosity","SIM-S0116","SIM-S0116-S","Viscosity","1.6354","mPa.s","SIM-M-Viscosity","SIM-Q02","1.2","2.2","EQ","2026-09-03T08:15:00Z","2026-09-03T09:00:00Z","true","APPROVED","DEMO","SYNTHETIC","1.7"
"SIM-S0116-Q-D50","SIM-S0116","SIM-S0116-S","D50","89.5994","nm","SIM-M-D50","SIM-Q02","75","105","EQ","2026-09-03T08:15:00Z","2026-09-03T09:00:00Z","true","APPROVED","DEMO","SYNTHETIC","90"
"SIM-S0116-Q-D90","SIM-S0116","SIM-S0116-S","D90","134.0304","nm","SIM-M-D90","SIM-Q02","110","180","EQ","2026-09-03T08:15:00Z","2026-09-03T09:00:00Z","true","APPROVED","DEMO","SYNTHETIC","130"
"SIM-S0116-Q-LPC_0p5","SIM-S0116","SIM-S0116-S","LPC_0p5","1047.8144","count/mL","SIM-M-LPC_0p5","SIM-Q02","","3000","EQ","2026-09-03T08:15:00Z","2026-09-03T09:00:00Z","true","APPROVED","DEMO","SYNTHETIC","1000"
"SIM-S0116-Q-LPC_1p0","SIM-S0116","SIM-S0116-S","LPC_1p0","75.4314","count/mL","SIM-M-LPC_1p0","SIM-Q02","","600","EQ","2026-09-03T08:15:00Z","2026-09-03T09:00:00Z","true","APPROVED","DEMO","SYNTHETIC","80"
"SIM-S0116-Q-Zeta","SIM-S0116","SIM-S0116-S","Zeta","-39.2535","mV","SIM-M-Zeta","SIM-Q02","-50","-30","EQ","2026-09-03T08:15:00Z","2026-09-03T09:00:00Z","true","APPROVED","DEMO","SYNTHETIC","-40"
"SIM-S0116-Q-Fe","SIM-S0116","SIM-S0116-S","Fe","0.2745","ug/kg","SIM-M-Fe","SIM-Q02","","1","EQ","2026-09-03T08:15:00Z","2026-09-03T09:00:00Z","true","APPROVED","DEMO","SYNTHETIC","0.3"
"SIM-S0117-Q-pH","SIM-S0117","SIM-S0117-S","pH","10.0413","pH","SIM-M-pH","SIM-Q02","9.5","10.5","EQ","2026-09-03T08:15:00Z","2026-09-03T09:00:00Z","true","APPROVED","DEMO","SYNTHETIC","10"
"SIM-S0117-Q-Solids","SIM-S0117","SIM-S0117-S","Solids","10.0149","wt%","SIM-M-Solids","SIM-Q02","9.5","10.5","EQ","2026-09-03T08:15:00Z","2026-09-03T09:00:00Z","true","APPROVED","DEMO","SYNTHETIC","10"
"SIM-S0117-Q-Viscosity","SIM-S0117","SIM-S0117-S","Viscosity","1.6975","mPa.s","SIM-M-Viscosity","SIM-Q02","1.2","2.2","EQ","2026-09-03T08:15:00Z","2026-09-03T09:00:00Z","true","APPROVED","DEMO","SYNTHETIC","1.7"
"SIM-S0117-Q-D50","SIM-S0117","SIM-S0117-S","D50","92.1308","nm","SIM-M-D50","SIM-Q02","75","105","EQ","2026-09-03T08:15:00Z","2026-09-03T09:00:00Z","true","APPROVED","DEMO","SYNTHETIC","90"
"SIM-S0117-Q-D90","SIM-S0117","SIM-S0117-S","D90","136.7665","nm","SIM-M-D90","SIM-Q02","110","180","EQ","2026-09-03T08:15:00Z","2026-09-03T09:00:00Z","true","APPROVED","DEMO","SYNTHETIC","130"
"SIM-S0117-Q-LPC_0p5","SIM-S0117","SIM-S0117-S","LPC_0p5","1081.0415","count/mL","SIM-M-LPC_0p5","SIM-Q02","","3000","EQ","2026-09-03T08:15:00Z","2026-09-03T09:00:00Z","true","APPROVED","DEMO","SYNTHETIC","1000"
"SIM-S0117-Q-LPC_1p0","SIM-S0117","SIM-S0117-S","LPC_1p0","71.6684","count/mL","SIM-M-LPC_1p0","SIM-Q02","","600","EQ","2026-09-03T08:15:00Z","2026-09-03T09:00:00Z","true","APPROVED","DEMO","SYNTHETIC","80"
"SIM-S0117-Q-Zeta","SIM-S0117","SIM-S0117-S","Zeta","-39.0333","mV","SIM-M-Zeta","SIM-Q02","-50","-30","EQ","2026-09-03T08:15:00Z","2026-09-03T09:00:00Z","true","APPROVED","DEMO","SYNTHETIC","-40"
"SIM-S0117-Q-Fe","SIM-S0117","SIM-S0117-S","Fe","0.3025","ug/kg","SIM-M-Fe","SIM-Q02","","1","EQ","2026-09-03T08:15:00Z","2026-09-03T09:00:00Z","true","APPROVED","DEMO","SYNTHETIC","0.3"
"SIM-S0118-Q-pH","SIM-S0118","SIM-S0118-S","pH","9.8122","pH","SIM-M-pH","SIM-Q02","9.5","10.5","EQ","2026-09-03T09:45:00Z","2026-09-03T10:30:00Z","true","APPROVED","DEMO","SYNTHETIC","10"
"SIM-S0118-Q-Solids","SIM-S0118","SIM-S0118-S","Solids","9.9956","wt%","SIM-M-Solids","SIM-Q02","9.5","10.5","EQ","2026-09-03T09:45:00Z","2026-09-03T10:30:00Z","true","APPROVED","DEMO","SYNTHETIC","10"
"SIM-S0118-Q-Viscosity","SIM-S0118","SIM-S0118-S","Viscosity","1.8419","mPa.s","SIM-M-Viscosity","SIM-Q02","1.2","2.2","EQ","2026-09-03T09:45:00Z","2026-09-03T10:30:00Z","true","APPROVED","DEMO","SYNTHETIC","1.7"
"SIM-S0118-Q-D50","SIM-S0118","SIM-S0118-S","D50","91.6628","nm","SIM-M-D50","SIM-Q02","75","105","EQ","2026-09-03T09:45:00Z","2026-09-03T10:30:00Z","true","APPROVED","DEMO","SYNTHETIC","90"
"SIM-S0118-Q-D90","SIM-S0118","SIM-S0118-S","D90","127.1553","nm","SIM-M-D90","SIM-Q02","110","180","EQ","2026-09-03T09:45:00Z","2026-09-03T10:30:00Z","true","APPROVED","DEMO","SYNTHETIC","130"
"SIM-S0118-Q-LPC_0p5","SIM-S0118","SIM-S0118-S","LPC_0p5","1046.2945","count/mL","SIM-M-LPC_0p5","SIM-Q02","","3000","EQ","2026-09-03T09:45:00Z","2026-09-03T10:30:00Z","true","APPROVED","DEMO","SYNTHETIC","1000"
"SIM-S0118-Q-LPC_1p0","SIM-S0118","SIM-S0118-S","LPC_1p0","81.7273","count/mL","SIM-M-LPC_1p0","SIM-Q02","","600","EQ","2026-09-03T09:45:00Z","2026-09-03T10:30:00Z","true","APPROVED","DEMO","SYNTHETIC","80"
"SIM-S0118-Q-Zeta","SIM-S0118","SIM-S0118-S","Zeta","-39.8623","mV","SIM-M-Zeta","SIM-Q02","-50","-30","EQ","2026-09-03T09:45:00Z","2026-09-03T10:30:00Z","true","APPROVED","DEMO","SYNTHETIC","-40"
"SIM-S0118-Q-Fe","SIM-S0118","SIM-S0118-S","Fe","0.2691","ug/kg","SIM-M-Fe","SIM-Q02","","1","EQ","2026-09-03T09:45:00Z","2026-09-03T10:30:00Z","true","APPROVED","DEMO","SYNTHETIC","0.3"
"SIM-S0119-Q-pH","SIM-S0119","SIM-S0119-S","pH","9.82","pH","SIM-M-pH","SIM-Q02","9.5","10.5","EQ","2026-09-03T09:45:00Z","2026-09-03T10:30:00Z","true","APPROVED","DEMO","SYNTHETIC","10"
"SIM-S0119-Q-Solids","SIM-S0119","SIM-S0119-S","Solids","9.983","wt%","SIM-M-Solids","SIM-Q02","9.5","10.5","EQ","2026-09-03T09:45:00Z","2026-09-03T10:30:00Z","true","APPROVED","DEMO","SYNTHETIC","10"
"SIM-S0119-Q-Viscosity","SIM-S0119","SIM-S0119-S","Viscosity","1.7198","mPa.s","SIM-M-Viscosity","SIM-Q02","1.2","2.2","EQ","2026-09-03T09:45:00Z","2026-09-03T10:30:00Z","true","APPROVED","DEMO","SYNTHETIC","1.7"
"SIM-S0119-Q-D50","SIM-S0119","SIM-S0119-S","D50","89.1786","nm","SIM-M-D50","SIM-Q02","75","105","EQ","2026-09-03T09:45:00Z","2026-09-03T10:30:00Z","true","APPROVED","DEMO","SYNTHETIC","90"
"SIM-S0119-Q-D90","SIM-S0119","SIM-S0119-S","D90","127.7066","nm","SIM-M-D90","SIM-Q02","110","180","EQ","2026-09-03T09:45:00Z","2026-09-03T10:30:00Z","true","APPROVED","DEMO","SYNTHETIC","130"
"SIM-S0119-Q-LPC_0p5","SIM-S0119","SIM-S0119-S","LPC_0p5","1084.5525","count/mL","SIM-M-LPC_0p5","SIM-Q02","","3000","EQ","2026-09-03T09:45:00Z","2026-09-03T10:30:00Z","true","APPROVED","DEMO","SYNTHETIC","1000"
"SIM-S0119-Q-LPC_1p0","SIM-S0119","SIM-S0119-S","LPC_1p0","63.2739","count/mL","SIM-M-LPC_1p0","SIM-Q02","","600","EQ","2026-09-03T09:45:00Z","2026-09-03T10:30:00Z","true","APPROVED","DEMO","SYNTHETIC","80"
"SIM-S0119-Q-Zeta","SIM-S0119","SIM-S0119-S","Zeta","-40.1735","mV","SIM-M-Zeta","SIM-Q02","-50","-30","EQ","2026-09-03T09:45:00Z","2026-09-03T10:30:00Z","true","APPROVED","DEMO","SYNTHETIC","-40"
"SIM-S0119-Q-Fe","SIM-S0119","SIM-S0119-S","Fe","0.2968","ug/kg","SIM-M-Fe","SIM-Q02","","1","EQ","2026-09-03T09:45:00Z","2026-09-03T10:30:00Z","true","APPROVED","DEMO","SYNTHETIC","0.3"
"SIM-S0120-Q-pH","SIM-S0120","SIM-S0120-S","pH","10.0058","pH","SIM-M-pH","SIM-Q02","9.5","10.5","EQ","2026-09-03T09:45:00Z","2026-09-03T10:30:00Z","true","APPROVED","DEMO","SYNTHETIC","10"
"SIM-S0120-Q-Solids","SIM-S0120","SIM-S0120-S","Solids","9.9384","wt%","SIM-M-Solids","SIM-Q02","9.5","10.5","EQ","2026-09-03T09:45:00Z","2026-09-03T10:30:00Z","true","APPROVED","DEMO","SYNTHETIC","10"
"SIM-S0120-Q-Viscosity","SIM-S0120","SIM-S0120-S","Viscosity","1.744","mPa.s","SIM-M-Viscosity","SIM-Q02","1.2","2.2","EQ","2026-09-03T09:45:00Z","2026-09-03T10:30:00Z","true","APPROVED","DEMO","SYNTHETIC","1.7"
"SIM-S0120-Q-D50","SIM-S0120","SIM-S0120-S","D50","86.9523","nm","SIM-M-D50","SIM-Q02","75","105","EQ","2026-09-03T09:45:00Z","2026-09-03T10:30:00Z","true","APPROVED","DEMO","SYNTHETIC","90"
"SIM-S0120-Q-D90","SIM-S0120","SIM-S0120-S","D90","135.1219","nm","SIM-M-D90","SIM-Q02","110","180","EQ","2026-09-03T09:45:00Z","2026-09-03T10:30:00Z","true","APPROVED","DEMO","SYNTHETIC","130"
"SIM-S0120-Q-LPC_0p5","SIM-S0120","SIM-S0120-S","LPC_0p5","1069.6638","count/mL","SIM-M-LPC_0p5","SIM-Q02","","3000","EQ","2026-09-03T09:45:00Z","2026-09-03T10:30:00Z","true","APPROVED","DEMO","SYNTHETIC","1000"
"SIM-S0120-Q-LPC_1p0","SIM-S0120","SIM-S0120-S","LPC_1p0","72.9894","count/mL","SIM-M-LPC_1p0","SIM-Q02","","600","EQ","2026-09-03T09:45:00Z","2026-09-03T10:30:00Z","true","APPROVED","DEMO","SYNTHETIC","80"
"SIM-S0120-Q-Zeta","SIM-S0120","SIM-S0120-S","Zeta","-40.6622","mV","SIM-M-Zeta","SIM-Q02","-50","-30","EQ","2026-09-03T09:45:00Z","2026-09-03T10:30:00Z","true","APPROVED","DEMO","SYNTHETIC","-40"
"SIM-S0120-Q-Fe","SIM-S0120","SIM-S0120-S","Fe","0.2871","ug/kg","SIM-M-Fe","SIM-Q02","","1","EQ","2026-09-03T09:45:00Z","2026-09-03T10:30:00Z","true","APPROVED","DEMO","SYNTHETIC","0.3"
"SIM-S0121-Q-pH","SIM-S0121","SIM-S0121-S","pH","9.8395","pH","SIM-M-pH","SIM-Q02","9.5","10.5","EQ","2026-09-03T11:15:00Z","2026-09-03T12:00:00Z","true","APPROVED","DEMO","SYNTHETIC","10"
"SIM-S0121-Q-Solids","SIM-S0121","SIM-S0121-S","Solids","10.0225","wt%","SIM-M-Solids","SIM-Q02","9.5","10.5","EQ","2026-09-03T11:15:00Z","2026-09-03T12:00:00Z","true","APPROVED","DEMO","SYNTHETIC","10"
"SIM-S0121-Q-Viscosity","SIM-S0121","SIM-S0121-S","Viscosity","1.6617","mPa.s","SIM-M-Viscosity","SIM-Q02","1.2","2.2","EQ","2026-09-03T11:15:00Z","2026-09-03T12:00:00Z","true","APPROVED","DEMO","SYNTHETIC","1.7"
"SIM-S0121-Q-D50","SIM-S0121","SIM-S0121-S","D50","90.8017","nm","SIM-M-D50","SIM-Q02","75","105","EQ","2026-09-03T11:15:00Z","2026-09-03T12:00:00Z","true","APPROVED","DEMO","SYNTHETIC","90"
"SIM-S0121-Q-D90","SIM-S0121","SIM-S0121-S","D90","137.8353","nm","SIM-M-D90","SIM-Q02","110","180","EQ","2026-09-03T11:15:00Z","2026-09-03T12:00:00Z","true","APPROVED","DEMO","SYNTHETIC","130"
"SIM-S0121-Q-LPC_0p5","SIM-S0121","SIM-S0121-S","LPC_0p5","1018.527","count/mL","SIM-M-LPC_0p5","SIM-Q02","","3000","EQ","2026-09-03T11:15:00Z","2026-09-03T12:00:00Z","true","APPROVED","DEMO","SYNTHETIC","1000"
"SIM-S0121-Q-LPC_1p0","SIM-S0121","SIM-S0121-S","LPC_1p0","79.3315","count/mL","SIM-M-LPC_1p0","SIM-Q02","","600","EQ","2026-09-03T11:15:00Z","2026-09-03T12:00:00Z","true","APPROVED","DEMO","SYNTHETIC","80"
"SIM-S0121-Q-Zeta","SIM-S0121","SIM-S0121-S","Zeta","-40.5027","mV","SIM-M-Zeta","SIM-Q02","-50","-30","EQ","2026-09-03T11:15:00Z","2026-09-03T12:00:00Z","true","APPROVED","DEMO","SYNTHETIC","-40"
"SIM-S0121-Q-Fe","SIM-S0121","SIM-S0121-S","Fe","0.2958","ug/kg","SIM-M-Fe","SIM-Q02","","1","EQ","2026-09-03T11:15:00Z","2026-09-03T12:00:00Z","true","APPROVED","DEMO","SYNTHETIC","0.3"
"SIM-S0122-Q-pH","SIM-S0122","SIM-S0122-S","pH","10.0766","pH","SIM-M-pH","SIM-Q02","9.5","10.5","EQ","2026-09-03T11:15:00Z","2026-09-03T12:00:00Z","true","APPROVED","DEMO","SYNTHETIC","10"
"SIM-S0122-Q-Solids","SIM-S0122","SIM-S0122-S","Solids","10.0083","wt%","SIM-M-Solids","SIM-Q02","9.5","10.5","EQ","2026-09-03T11:15:00Z","2026-09-03T12:00:00Z","true","APPROVED","DEMO","SYNTHETIC","10"
"SIM-S0122-Q-Viscosity","SIM-S0122","SIM-S0122-S","Viscosity","1.6713","mPa.s","SIM-M-Viscosity","SIM-Q02","1.2","2.2","EQ","2026-09-03T11:15:00Z","2026-09-03T12:00:00Z","true","APPROVED","DEMO","SYNTHETIC","1.7"
"SIM-S0122-Q-D50","SIM-S0122","SIM-S0122-S","D50","87.4119","nm","SIM-M-D50","SIM-Q02","75","105","EQ","2026-09-03T11:15:00Z","2026-09-03T12:00:00Z","true","APPROVED","DEMO","SYNTHETIC","90"
"SIM-S0122-Q-D90","SIM-S0122","SIM-S0122-S","D90","130.6375","nm","SIM-M-D90","SIM-Q02","110","180","EQ","2026-09-03T11:15:00Z","2026-09-03T12:00:00Z","true","APPROVED","DEMO","SYNTHETIC","130"
"SIM-S0122-Q-LPC_0p5","SIM-S0122","SIM-S0122-S","LPC_0p5","964.8761","count/mL","SIM-M-LPC_0p5","SIM-Q02","","3000","EQ","2026-09-03T11:15:00Z","2026-09-03T12:00:00Z","true","APPROVED","DEMO","SYNTHETIC","1000"
"SIM-S0122-Q-LPC_1p0","SIM-S0122","SIM-S0122-S","LPC_1p0","79.487","count/mL","SIM-M-LPC_1p0","SIM-Q02","","600","EQ","2026-09-03T11:15:00Z","2026-09-03T12:00:00Z","true","APPROVED","DEMO","SYNTHETIC","80"
"SIM-S0122-Q-Zeta","SIM-S0122","SIM-S0122-S","Zeta","-40.5002","mV","SIM-M-Zeta","SIM-Q02","-50","-30","EQ","2026-09-03T11:15:00Z","2026-09-03T12:00:00Z","true","APPROVED","DEMO","SYNTHETIC","-40"
"SIM-S0122-Q-Fe","SIM-S0122","SIM-S0122-S","Fe","0.2675","ug/kg","SIM-M-Fe","SIM-Q02","","1","EQ","2026-09-03T11:15:00Z","2026-09-03T12:00:00Z","true","APPROVED","DEMO","SYNTHETIC","0.3"
"SIM-S0123-Q-pH","SIM-S0123","SIM-S0123-S","pH","9.8743","pH","SIM-M-pH","SIM-Q02","9.5","10.5","EQ","2026-09-03T11:15:00Z","2026-09-03T12:00:00Z","true","APPROVED","DEMO","SYNTHETIC","10"
"SIM-S0123-Q-Solids","SIM-S0123","SIM-S0123-S","Solids","9.9934","wt%","SIM-M-Solids","SIM-Q02","9.5","10.5","EQ","2026-09-03T11:15:00Z","2026-09-03T12:00:00Z","true","APPROVED","DEMO","SYNTHETIC","10"
"SIM-S0123-Q-Viscosity","SIM-S0123","SIM-S0123-S","Viscosity","1.7895","mPa.s","SIM-M-Viscosity","SIM-Q02","1.2","2.2","EQ","2026-09-03T11:15:00Z","2026-09-03T12:00:00Z","true","APPROVED","DEMO","SYNTHETIC","1.7"
"SIM-S0123-Q-D50","SIM-S0123","SIM-S0123-S","D50","92.5661","nm","SIM-M-D50","SIM-Q02","75","105","EQ","2026-09-03T11:15:00Z","2026-09-03T12:00:00Z","true","APPROVED","DEMO","SYNTHETIC","90"
"SIM-S0123-Q-D90","SIM-S0123","SIM-S0123-S","D90","128.3601","nm","SIM-M-D90","SIM-Q02","110","180","EQ","2026-09-03T11:15:00Z","2026-09-03T12:00:00Z","true","APPROVED","DEMO","SYNTHETIC","130"
"SIM-S0123-Q-LPC_0p5","SIM-S0123","SIM-S0123-S","LPC_0p5","961.6192","count/mL","SIM-M-LPC_0p5","SIM-Q02","","3000","EQ","2026-09-03T11:15:00Z","2026-09-03T12:00:00Z","true","APPROVED","DEMO","SYNTHETIC","1000"
"SIM-S0123-Q-LPC_1p0","SIM-S0123","SIM-S0123-S","LPC_1p0","83.6002","count/mL","SIM-M-LPC_1p0","SIM-Q02","","600","EQ","2026-09-03T11:15:00Z","2026-09-03T12:00:00Z","true","APPROVED","DEMO","SYNTHETIC","80"
"SIM-S0123-Q-Zeta","SIM-S0123","SIM-S0123-S","Zeta","-41.2502","mV","SIM-M-Zeta","SIM-Q02","-50","-30","EQ","2026-09-03T11:15:00Z","2026-09-03T12:00:00Z","true","APPROVED","DEMO","SYNTHETIC","-40"
"SIM-S0123-Q-Fe","SIM-S0123","SIM-S0123-S","Fe","0.2971","ug/kg","SIM-M-Fe","SIM-Q02","","1","EQ","2026-09-03T11:15:00Z","2026-09-03T12:00:00Z","true","APPROVED","DEMO","SYNTHETIC","0.3"
"SIM-S0124-Q-pH","SIM-S0124","SIM-S0124-S","pH","10.0227","pH","SIM-M-pH","SIM-Q02","9.5","10.5","EQ","2026-09-03T12:45:00Z","2026-09-03T13:30:00Z","true","APPROVED","DEMO","SYNTHETIC","10"
"SIM-S0124-Q-Solids","SIM-S0124","SIM-S0124-S","Solids","9.9745","wt%","SIM-M-Solids","SIM-Q02","9.5","10.5","EQ","2026-09-03T12:45:00Z","2026-09-03T13:30:00Z","true","APPROVED","DEMO","SYNTHETIC","10"
"SIM-S0124-Q-Viscosity","SIM-S0124","SIM-S0124-S","Viscosity","1.6659","mPa.s","SIM-M-Viscosity","SIM-Q02","1.2","2.2","EQ","2026-09-03T12:45:00Z","2026-09-03T13:30:00Z","true","APPROVED","DEMO","SYNTHETIC","1.7"
"SIM-S0124-Q-D50","SIM-S0124","SIM-S0124-S","D50","89.1873","nm","SIM-M-D50","SIM-Q02","75","105","EQ","2026-09-03T12:45:00Z","2026-09-03T13:30:00Z","true","APPROVED","DEMO","SYNTHETIC","90"
"SIM-S0124-Q-D90","SIM-S0124","SIM-S0124-S","D90","129.3328","nm","SIM-M-D90","SIM-Q02","110","180","EQ","2026-09-03T12:45:00Z","2026-09-03T13:30:00Z","true","APPROVED","DEMO","SYNTHETIC","130"
"SIM-S0124-Q-LPC_0p5","SIM-S0124","SIM-S0124-S","LPC_0p5","1098.5869","count/mL","SIM-M-LPC_0p5","SIM-Q02","","3000","EQ","2026-09-03T12:45:00Z","2026-09-03T13:30:00Z","true","APPROVED","DEMO","SYNTHETIC","1000"
"SIM-S0124-Q-LPC_1p0","SIM-S0124","SIM-S0124-S","LPC_1p0","65.3199","count/mL","SIM-M-LPC_1p0","SIM-Q02","","600","EQ","2026-09-03T12:45:00Z","2026-09-03T13:30:00Z","true","APPROVED","DEMO","SYNTHETIC","80"
"SIM-S0124-Q-Zeta","SIM-S0124","SIM-S0124-S","Zeta","-39.645","mV","SIM-M-Zeta","SIM-Q02","-50","-30","EQ","2026-09-03T12:45:00Z","2026-09-03T13:30:00Z","true","APPROVED","DEMO","SYNTHETIC","-40"
"SIM-S0124-Q-Fe","SIM-S0124","SIM-S0124-S","Fe","0.272","ug/kg","SIM-M-Fe","SIM-Q02","","1","EQ","2026-09-03T12:45:00Z","2026-09-03T13:30:00Z","true","APPROVED","DEMO","SYNTHETIC","0.3"
"SIM-S0125-Q-pH","SIM-S0125","SIM-S0125-S","pH","10.129","pH","SIM-M-pH","SIM-Q02","9.5","10.5","EQ","2026-09-03T12:45:00Z","2026-09-03T13:30:00Z","true","APPROVED","DEMO","SYNTHETIC","10"
"SIM-S0125-Q-Solids","SIM-S0125","SIM-S0125-S","Solids","9.8382","wt%","SIM-M-Solids","SIM-Q02","9.5","10.5","EQ","2026-09-03T12:45:00Z","2026-09-03T13:30:00Z","true","APPROVED","DEMO","SYNTHETIC","10"
"SIM-S0125-Q-Viscosity","SIM-S0125","SIM-S0125-S","Viscosity","1.7484","mPa.s","SIM-M-Viscosity","SIM-Q02","1.2","2.2","EQ","2026-09-03T12:45:00Z","2026-09-03T13:30:00Z","true","APPROVED","DEMO","SYNTHETIC","1.7"
"SIM-S0125-Q-D50","SIM-S0125","SIM-S0125-S","D50","87.9313","nm","SIM-M-D50","SIM-Q02","75","105","EQ","2026-09-03T12:45:00Z","2026-09-03T13:30:00Z","true","APPROVED","DEMO","SYNTHETIC","90"
"SIM-S0125-Q-D90","SIM-S0125","SIM-S0125-S","D90","125.3988","nm","SIM-M-D90","SIM-Q02","110","180","EQ","2026-09-03T12:45:00Z","2026-09-03T13:30:00Z","true","APPROVED","DEMO","SYNTHETIC","130"
"SIM-S0125-Q-LPC_0p5","SIM-S0125","SIM-S0125-S","LPC_0p5","1008.0125","count/mL","SIM-M-LPC_0p5","SIM-Q02","","3000","EQ","2026-09-03T12:45:00Z","2026-09-03T13:30:00Z","true","APPROVED","DEMO","SYNTHETIC","1000"
"SIM-S0125-Q-LPC_1p0","SIM-S0125","SIM-S0125-S","LPC_1p0","91.0045","count/mL","SIM-M-LPC_1p0","SIM-Q02","","600","EQ","2026-09-03T12:45:00Z","2026-09-03T13:30:00Z","true","APPROVED","DEMO","SYNTHETIC","80"
"SIM-S0125-Q-Zeta","SIM-S0125","SIM-S0125-S","Zeta","-40.7272","mV","SIM-M-Zeta","SIM-Q02","-50","-30","EQ","2026-09-03T12:45:00Z","2026-09-03T13:30:00Z","true","APPROVED","DEMO","SYNTHETIC","-40"
"SIM-S0125-Q-Fe","SIM-S0125","SIM-S0125-S","Fe","0.3129","ug/kg","SIM-M-Fe","SIM-Q02","","1","EQ","2026-09-03T12:45:00Z","2026-09-03T13:30:00Z","true","APPROVED","DEMO","SYNTHETIC","0.3"
"SIM-S0126-Q-pH","SIM-S0126","SIM-S0126-S","pH","10.0333","pH","SIM-M-pH","SIM-Q02","9.5","10.5","EQ","2026-09-03T12:45:00Z","2026-09-03T13:30:00Z","true","APPROVED","DEMO","SYNTHETIC","10"
"SIM-S0126-Q-Solids","SIM-S0126","SIM-S0126-S","Solids","9.9425","wt%","SIM-M-Solids","SIM-Q02","9.5","10.5","EQ","2026-09-03T12:45:00Z","2026-09-03T13:30:00Z","true","APPROVED","DEMO","SYNTHETIC","10"
"SIM-S0126-Q-Viscosity","SIM-S0126","SIM-S0126-S","Viscosity","1.6385","mPa.s","SIM-M-Viscosity","SIM-Q02","1.2","2.2","EQ","2026-09-03T12:45:00Z","2026-09-03T13:30:00Z","true","APPROVED","DEMO","SYNTHETIC","1.7"
"SIM-S0126-Q-D50","SIM-S0126","SIM-S0126-S","D50","89.9659","nm","SIM-M-D50","SIM-Q02","75","105","EQ","2026-09-03T12:45:00Z","2026-09-03T13:30:00Z","true","APPROVED","DEMO","SYNTHETIC","90"
"SIM-S0126-Q-D90","SIM-S0126","SIM-S0126-S","D90","125.0439","nm","SIM-M-D90","SIM-Q02","110","180","EQ","2026-09-03T12:45:00Z","2026-09-03T13:30:00Z","true","APPROVED","DEMO","SYNTHETIC","130"
"SIM-S0126-Q-LPC_0p5","SIM-S0126","SIM-S0126-S","LPC_0p5","1099.3938","count/mL","SIM-M-LPC_0p5","SIM-Q02","","3000","EQ","2026-09-03T12:45:00Z","2026-09-03T13:30:00Z","true","APPROVED","DEMO","SYNTHETIC","1000"
"SIM-S0126-Q-LPC_1p0","SIM-S0126","SIM-S0126-S","LPC_1p0","74.3675","count/mL","SIM-M-LPC_1p0","SIM-Q02","","600","EQ","2026-09-03T12:45:00Z","2026-09-03T13:30:00Z","true","APPROVED","DEMO","SYNTHETIC","80"
"SIM-S0126-Q-Zeta","SIM-S0126","SIM-S0126-S","Zeta","-39.0668","mV","SIM-M-Zeta","SIM-Q02","-50","-30","EQ","2026-09-03T12:45:00Z","2026-09-03T13:30:00Z","true","APPROVED","DEMO","SYNTHETIC","-40"
"SIM-S0126-Q-Fe","SIM-S0126","SIM-S0126-S","Fe","0.3106","ug/kg","SIM-M-Fe","SIM-Q02","","1","EQ","2026-09-03T12:45:00Z","2026-09-03T13:30:00Z","true","APPROVED","DEMO","SYNTHETIC","0.3"
"SIM-S0127-Q-pH","SIM-S0127","SIM-S0127-S","pH","9.84","pH","SIM-M-pH","SIM-Q02","9.5","10.5","EQ","2026-09-03T14:15:00Z","2026-09-03T15:00:00Z","true","APPROVED","DEMO","SYNTHETIC","10"
"SIM-S0127-Q-Solids","SIM-S0127","SIM-S0127-S","Solids","9.9025","wt%","SIM-M-Solids","SIM-Q02","9.5","10.5","EQ","2026-09-03T14:15:00Z","2026-09-03T15:00:00Z","true","APPROVED","DEMO","SYNTHETIC","10"
"SIM-S0127-Q-Viscosity","SIM-S0127","SIM-S0127-S","Viscosity","1.732","mPa.s","SIM-M-Viscosity","SIM-Q02","1.2","2.2","EQ","2026-09-03T14:15:00Z","2026-09-03T15:00:00Z","true","APPROVED","DEMO","SYNTHETIC","1.7"
"SIM-S0127-Q-D50","SIM-S0127","SIM-S0127-S","D50","90.39","nm","SIM-M-D50","SIM-Q02","75","105","EQ","2026-09-03T14:15:00Z","2026-09-03T15:00:00Z","true","APPROVED","DEMO","SYNTHETIC","90"
"SIM-S0127-Q-D90","SIM-S0127","SIM-S0127-S","D90","124.4607","nm","SIM-M-D90","SIM-Q02","110","180","EQ","2026-09-03T14:15:00Z","2026-09-03T15:00:00Z","true","APPROVED","DEMO","SYNTHETIC","130"
"SIM-S0127-Q-LPC_0p5","SIM-S0127","SIM-S0127-S","LPC_0p5","1018.1636","count/mL","SIM-M-LPC_0p5","SIM-Q02","","3000","EQ","2026-09-03T14:15:00Z","2026-09-03T15:00:00Z","true","APPROVED","DEMO","SYNTHETIC","1000"
"SIM-S0127-Q-LPC_1p0","SIM-S0127","SIM-S0127-S","LPC_1p0","69.1633","count/mL","SIM-M-LPC_1p0","SIM-Q02","","600","EQ","2026-09-03T14:15:00Z","2026-09-03T15:00:00Z","true","APPROVED","DEMO","SYNTHETIC","80"
"SIM-S0127-Q-Zeta","SIM-S0127","SIM-S0127-S","Zeta","-39.2451","mV","SIM-M-Zeta","SIM-Q02","-50","-30","EQ","2026-09-03T14:15:00Z","2026-09-03T15:00:00Z","true","APPROVED","DEMO","SYNTHETIC","-40"
"SIM-S0127-Q-Fe","SIM-S0127","SIM-S0127-S","Fe","0.3024","ug/kg","SIM-M-Fe","SIM-Q02","","1","EQ","2026-09-03T14:15:00Z","2026-09-03T15:00:00Z","true","APPROVED","DEMO","SYNTHETIC","0.3"
"SIM-S0128-Q-pH","SIM-S0128","SIM-S0128-S","pH","10.0651","pH","SIM-M-pH","SIM-Q02","9.5","10.5","EQ","2026-09-03T14:15:00Z","2026-09-03T15:00:00Z","true","APPROVED","DEMO","SYNTHETIC","10"
"SIM-S0128-Q-Solids","SIM-S0128","SIM-S0128-S","Solids","10.0483","wt%","SIM-M-Solids","SIM-Q02","9.5","10.5","EQ","2026-09-03T14:15:00Z","2026-09-03T15:00:00Z","true","APPROVED","DEMO","SYNTHETIC","10"
"SIM-S0128-Q-Viscosity","SIM-S0128","SIM-S0128-S","Viscosity","1.7106","mPa.s","SIM-M-Viscosity","SIM-Q02","1.2","2.2","EQ","2026-09-03T14:15:00Z","2026-09-03T15:00:00Z","true","APPROVED","DEMO","SYNTHETIC","1.7"
"SIM-S0128-Q-D50","SIM-S0128","SIM-S0128-S","D50","88.9037","nm","SIM-M-D50","SIM-Q02","75","105","EQ","2026-09-03T14:15:00Z","2026-09-03T15:00:00Z","true","APPROVED","DEMO","SYNTHETIC","90"
"SIM-S0128-Q-D90","SIM-S0128","SIM-S0128-S","D90","123.5745","nm","SIM-M-D90","SIM-Q02","110","180","EQ","2026-09-03T14:15:00Z","2026-09-03T15:00:00Z","true","APPROVED","DEMO","SYNTHETIC","130"
"SIM-S0128-Q-LPC_0p5","SIM-S0128","SIM-S0128-S","LPC_0p5","940.4857","count/mL","SIM-M-LPC_0p5","SIM-Q02","","3000","EQ","2026-09-03T14:15:00Z","2026-09-03T15:00:00Z","true","APPROVED","DEMO","SYNTHETIC","1000"
"SIM-S0128-Q-LPC_1p0","SIM-S0128","SIM-S0128-S","LPC_1p0","98.2351","count/mL","SIM-M-LPC_1p0","SIM-Q02","","600","EQ","2026-09-03T14:15:00Z","2026-09-03T15:00:00Z","true","APPROVED","DEMO","SYNTHETIC","80"
"SIM-S0128-Q-Zeta","SIM-S0128","SIM-S0128-S","Zeta","-39.8126","mV","SIM-M-Zeta","SIM-Q02","-50","-30","EQ","2026-09-03T14:15:00Z","2026-09-03T15:00:00Z","true","APPROVED","DEMO","SYNTHETIC","-40"
"SIM-S0128-Q-Fe","SIM-S0128","SIM-S0128-S","Fe","0.2595","ug/kg","SIM-M-Fe","SIM-Q02","","1","EQ","2026-09-03T14:15:00Z","2026-09-03T15:00:00Z","true","APPROVED","DEMO","SYNTHETIC","0.3"
"SIM-S0129-Q-pH","SIM-S0129","SIM-S0129-S","pH","9.9984","pH","SIM-M-pH","SIM-Q02","9.5","10.5","EQ","2026-09-03T14:15:00Z","2026-09-03T15:00:00Z","true","APPROVED","DEMO","SYNTHETIC","10"
"SIM-S0129-Q-Solids","SIM-S0129","SIM-S0129-S","Solids","10.0725","wt%","SIM-M-Solids","SIM-Q02","9.5","10.5","EQ","2026-09-03T14:15:00Z","2026-09-03T15:00:00Z","true","APPROVED","DEMO","SYNTHETIC","10"
"SIM-S0129-Q-Viscosity","SIM-S0129","SIM-S0129-S","Viscosity","1.5818","mPa.s","SIM-M-Viscosity","SIM-Q02","1.2","2.2","EQ","2026-09-03T14:15:00Z","2026-09-03T15:00:00Z","true","APPROVED","DEMO","SYNTHETIC","1.7"
"SIM-S0129-Q-D50","SIM-S0129","SIM-S0129-S","D50","88.8337","nm","SIM-M-D50","SIM-Q02","75","105","EQ","2026-09-03T14:15:00Z","2026-09-03T15:00:00Z","true","APPROVED","DEMO","SYNTHETIC","90"
"SIM-S0129-Q-D90","SIM-S0129","SIM-S0129-S","D90","129.21","nm","SIM-M-D90","SIM-Q02","110","180","EQ","2026-09-03T14:15:00Z","2026-09-03T15:00:00Z","true","APPROVED","DEMO","SYNTHETIC","130"
"SIM-S0129-Q-LPC_0p5","SIM-S0129","SIM-S0129-S","LPC_0p5","796.6444","count/mL","SIM-M-LPC_0p5","SIM-Q02","","3000","EQ","2026-09-03T14:15:00Z","2026-09-03T15:00:00Z","true","APPROVED","DEMO","SYNTHETIC","1000"
"SIM-S0129-Q-LPC_1p0","SIM-S0129","SIM-S0129-S","LPC_1p0","82.6173","count/mL","SIM-M-LPC_1p0","SIM-Q02","","600","EQ","2026-09-03T14:15:00Z","2026-09-03T15:00:00Z","true","APPROVED","DEMO","SYNTHETIC","80"
"SIM-S0129-Q-Zeta","SIM-S0129","SIM-S0129-S","Zeta","-40.2053","mV","SIM-M-Zeta","SIM-Q02","-50","-30","EQ","2026-09-03T14:15:00Z","2026-09-03T15:00:00Z","true","APPROVED","DEMO","SYNTHETIC","-40"
"SIM-S0129-Q-Fe","SIM-S0129","SIM-S0129-S","Fe","0.3315","ug/kg","SIM-M-Fe","SIM-Q02","","1","EQ","2026-09-03T14:15:00Z","2026-09-03T15:00:00Z","true","APPROVED","DEMO","SYNTHETIC","0.3"
"SIM-S0130-Q-pH","SIM-S0130","SIM-S0130-S","pH","10.0724","pH","SIM-M-pH","SIM-Q02","9.5","10.5","EQ","2026-09-03T15:45:00Z","2026-09-03T16:30:00Z","true","APPROVED","DEMO","SYNTHETIC","10"
"SIM-S0130-Q-Solids","SIM-S0130","SIM-S0130-S","Solids","10.1352","wt%","SIM-M-Solids","SIM-Q02","9.5","10.5","EQ","2026-09-03T15:45:00Z","2026-09-03T16:30:00Z","true","APPROVED","DEMO","SYNTHETIC","10"
"SIM-S0130-Q-Viscosity","SIM-S0130","SIM-S0130-S","Viscosity","1.6341","mPa.s","SIM-M-Viscosity","SIM-Q02","1.2","2.2","EQ","2026-09-03T15:45:00Z","2026-09-03T16:30:00Z","true","APPROVED","DEMO","SYNTHETIC","1.7"
"SIM-S0130-Q-D50","SIM-S0130","SIM-S0130-S","D50","87.5796","nm","SIM-M-D50","SIM-Q02","75","105","EQ","2026-09-03T15:45:00Z","2026-09-03T16:30:00Z","true","APPROVED","DEMO","SYNTHETIC","90"
"SIM-S0130-Q-D90","SIM-S0130","SIM-S0130-S","D90","126.4283","nm","SIM-M-D90","SIM-Q02","110","180","EQ","2026-09-03T15:45:00Z","2026-09-03T16:30:00Z","true","APPROVED","DEMO","SYNTHETIC","130"
"SIM-S0130-Q-LPC_0p5","SIM-S0130","SIM-S0130-S","LPC_0p5","914.3952","count/mL","SIM-M-LPC_0p5","SIM-Q02","","3000","EQ","2026-09-03T15:45:00Z","2026-09-03T16:30:00Z","true","APPROVED","DEMO","SYNTHETIC","1000"
"SIM-S0130-Q-LPC_1p0","SIM-S0130","SIM-S0130-S","LPC_1p0","73.9375","count/mL","SIM-M-LPC_1p0","SIM-Q02","","600","EQ","2026-09-03T15:45:00Z","2026-09-03T16:30:00Z","true","APPROVED","DEMO","SYNTHETIC","80"
"SIM-S0130-Q-Zeta","SIM-S0130","SIM-S0130-S","Zeta","-39.981","mV","SIM-M-Zeta","SIM-Q02","-50","-30","EQ","2026-09-03T15:45:00Z","2026-09-03T16:30:00Z","true","APPROVED","DEMO","SYNTHETIC","-40"
"SIM-S0130-Q-Fe","SIM-S0130","SIM-S0130-S","Fe","0.248","ug/kg","SIM-M-Fe","SIM-Q02","","1","EQ","2026-09-03T15:45:00Z","2026-09-03T16:30:00Z","true","APPROVED","DEMO","SYNTHETIC","0.3"
"SIM-S0131-Q-pH","SIM-S0131","SIM-S0131-S","pH","10.0661","pH","SIM-M-pH","SIM-Q02","9.5","10.5","EQ","2026-09-03T15:45:00Z","2026-09-03T16:30:00Z","true","APPROVED","DEMO","SYNTHETIC","10"
"SIM-S0131-Q-Solids","SIM-S0131","SIM-S0131-S","Solids","9.9036","wt%","SIM-M-Solids","SIM-Q02","9.5","10.5","EQ","2026-09-03T15:45:00Z","2026-09-03T16:30:00Z","true","APPROVED","DEMO","SYNTHETIC","10"
"SIM-S0131-Q-Viscosity","SIM-S0131","SIM-S0131-S","Viscosity","1.6535","mPa.s","SIM-M-Viscosity","SIM-Q02","1.2","2.2","EQ","2026-09-03T15:45:00Z","2026-09-03T16:30:00Z","true","APPROVED","DEMO","SYNTHETIC","1.7"
"SIM-S0131-Q-D50","SIM-S0131","SIM-S0131-S","D50","89.5164","nm","SIM-M-D50","SIM-Q02","75","105","EQ","2026-09-03T15:45:00Z","2026-09-03T16:30:00Z","true","APPROVED","DEMO","SYNTHETIC","90"
"SIM-S0131-Q-D90","SIM-S0131","SIM-S0131-S","D90","126.5392","nm","SIM-M-D90","SIM-Q02","110","180","EQ","2026-09-03T15:45:00Z","2026-09-03T16:30:00Z","true","APPROVED","DEMO","SYNTHETIC","130"
"SIM-S0131-Q-LPC_0p5","SIM-S0131","SIM-S0131-S","LPC_0p5","820.7241","count/mL","SIM-M-LPC_0p5","SIM-Q02","","3000","EQ","2026-09-03T15:45:00Z","2026-09-03T16:30:00Z","true","APPROVED","DEMO","SYNTHETIC","1000"
"SIM-S0131-Q-LPC_1p0","SIM-S0131","SIM-S0131-S","LPC_1p0","92.1244","count/mL","SIM-M-LPC_1p0","SIM-Q02","","600","EQ","2026-09-03T15:45:00Z","2026-09-03T16:30:00Z","true","APPROVED","DEMO","SYNTHETIC","80"
"SIM-S0131-Q-Zeta","SIM-S0131","SIM-S0131-S","Zeta","-39.5848","mV","SIM-M-Zeta","SIM-Q02","-50","-30","EQ","2026-09-03T15:45:00Z","2026-09-03T16:30:00Z","true","APPROVED","DEMO","SYNTHETIC","-40"
"SIM-S0131-Q-Fe","SIM-S0131","SIM-S0131-S","Fe","0.3334","ug/kg","SIM-M-Fe","SIM-Q02","","1","EQ","2026-09-03T15:45:00Z","2026-09-03T16:30:00Z","true","APPROVED","DEMO","SYNTHETIC","0.3"
"SIM-S0132-Q-pH","SIM-S0132","SIM-S0132-S","pH","10.1181","pH","SIM-M-pH","SIM-Q02","9.5","10.5","EQ","2026-09-03T15:45:00Z","2026-09-03T16:30:00Z","true","APPROVED","DEMO","SYNTHETIC","10"
"SIM-S0132-Q-Solids","SIM-S0132","SIM-S0132-S","Solids","10.0719","wt%","SIM-M-Solids","SIM-Q02","9.5","10.5","EQ","2026-09-03T15:45:00Z","2026-09-03T16:30:00Z","true","APPROVED","DEMO","SYNTHETIC","10"
"SIM-S0132-Q-Viscosity","SIM-S0132","SIM-S0132-S","Viscosity","1.6761","mPa.s","SIM-M-Viscosity","SIM-Q02","1.2","2.2","EQ","2026-09-03T15:45:00Z","2026-09-03T16:30:00Z","true","APPROVED","DEMO","SYNTHETIC","1.7"
"SIM-S0132-Q-D50","SIM-S0132","SIM-S0132-S","D50","93.0873","nm","SIM-M-D50","SIM-Q02","75","105","EQ","2026-09-03T15:45:00Z","2026-09-03T16:30:00Z","true","APPROVED","DEMO","SYNTHETIC","90"
"SIM-S0132-Q-D90","SIM-S0132","SIM-S0132-S","D90","127.6983","nm","SIM-M-D90","SIM-Q02","110","180","EQ","2026-09-03T15:45:00Z","2026-09-03T16:30:00Z","true","APPROVED","DEMO","SYNTHETIC","130"
"SIM-S0132-Q-LPC_0p5","SIM-S0132","SIM-S0132-S","LPC_0p5","981.3689","count/mL","SIM-M-LPC_0p5","SIM-Q02","","3000","EQ","2026-09-03T15:45:00Z","2026-09-03T16:30:00Z","true","APPROVED","DEMO","SYNTHETIC","1000"
"SIM-S0132-Q-LPC_1p0","SIM-S0132","SIM-S0132-S","LPC_1p0","85.1193","count/mL","SIM-M-LPC_1p0","SIM-Q02","","600","EQ","2026-09-03T15:45:00Z","2026-09-03T16:30:00Z","true","APPROVED","DEMO","SYNTHETIC","80"
"SIM-S0132-Q-Zeta","SIM-S0132","SIM-S0132-S","Zeta","-40.5441","mV","SIM-M-Zeta","SIM-Q02","-50","-30","EQ","2026-09-03T15:45:00Z","2026-09-03T16:30:00Z","true","APPROVED","DEMO","SYNTHETIC","-40"
"SIM-S0132-Q-Fe","SIM-S0132","SIM-S0132-S","Fe","0.2728","ug/kg","SIM-M-Fe","SIM-Q02","","1","EQ","2026-09-03T15:45:00Z","2026-09-03T16:30:00Z","true","APPROVED","DEMO","SYNTHETIC","0.3"
"SIM-S0133-Q-pH","SIM-S0133","SIM-S0133-S","pH","10.0466","pH","SIM-M-pH","SIM-Q02","9.5","10.5","EQ","2026-09-03T17:15:00Z","2026-09-03T18:00:00Z","true","APPROVED","DEMO","SYNTHETIC","10"
"SIM-S0133-Q-Solids","SIM-S0133","SIM-S0133-S","Solids","9.9424","wt%","SIM-M-Solids","SIM-Q02","9.5","10.5","EQ","2026-09-03T17:15:00Z","2026-09-03T18:00:00Z","true","APPROVED","DEMO","SYNTHETIC","10"
"SIM-S0133-Q-Viscosity","SIM-S0133","SIM-S0133-S","Viscosity","1.699","mPa.s","SIM-M-Viscosity","SIM-Q02","1.2","2.2","EQ","2026-09-03T17:15:00Z","2026-09-03T18:00:00Z","true","APPROVED","DEMO","SYNTHETIC","1.7"
"SIM-S0133-Q-D50","SIM-S0133","SIM-S0133-S","D50","92.66","nm","SIM-M-D50","SIM-Q02","75","105","EQ","2026-09-03T17:15:00Z","2026-09-03T18:00:00Z","true","APPROVED","DEMO","SYNTHETIC","90"
"SIM-S0133-Q-D90","SIM-S0133","SIM-S0133-S","D90","130.4912","nm","SIM-M-D90","SIM-Q02","110","180","EQ","2026-09-03T17:15:00Z","2026-09-03T18:00:00Z","true","APPROVED","DEMO","SYNTHETIC","130"
"SIM-S0133-Q-LPC_0p5","SIM-S0133","SIM-S0133-S","LPC_0p5","778.5405","count/mL","SIM-M-LPC_0p5","SIM-Q02","","3000","EQ","2026-09-03T17:15:00Z","2026-09-03T18:00:00Z","true","APPROVED","DEMO","SYNTHETIC","1000"
"SIM-S0133-Q-LPC_1p0","SIM-S0133","SIM-S0133-S","LPC_1p0","93.4821","count/mL","SIM-M-LPC_1p0","SIM-Q02","","600","EQ","2026-09-03T17:15:00Z","2026-09-03T18:00:00Z","true","APPROVED","DEMO","SYNTHETIC","80"
"SIM-S0133-Q-Zeta","SIM-S0133","SIM-S0133-S","Zeta","-39.6049","mV","SIM-M-Zeta","SIM-Q02","-50","-30","EQ","2026-09-03T17:15:00Z","2026-09-03T18:00:00Z","true","APPROVED","DEMO","SYNTHETIC","-40"
"SIM-S0133-Q-Fe","SIM-S0133","SIM-S0133-S","Fe","0.2932","ug/kg","SIM-M-Fe","SIM-Q02","","1","EQ","2026-09-03T17:15:00Z","2026-09-03T18:00:00Z","true","APPROVED","DEMO","SYNTHETIC","0.3"
"SIM-S0134-Q-pH","SIM-S0134","SIM-S0134-S","pH","10.0226","pH","SIM-M-pH","SIM-Q02","9.5","10.5","EQ","2026-09-03T17:15:00Z","2026-09-03T18:00:00Z","true","APPROVED","DEMO","SYNTHETIC","10"
"SIM-S0134-Q-Solids","SIM-S0134","SIM-S0134-S","Solids","9.9687","wt%","SIM-M-Solids","SIM-Q02","9.5","10.5","EQ","2026-09-03T17:15:00Z","2026-09-03T18:00:00Z","true","APPROVED","DEMO","SYNTHETIC","10"
"SIM-S0134-Q-Viscosity","SIM-S0134","SIM-S0134-S","Viscosity","1.6447","mPa.s","SIM-M-Viscosity","SIM-Q02","1.2","2.2","EQ","2026-09-03T17:15:00Z","2026-09-03T18:00:00Z","true","APPROVED","DEMO","SYNTHETIC","1.7"
"SIM-S0134-Q-D50","SIM-S0134","SIM-S0134-S","D50","90.2253","nm","SIM-M-D50","SIM-Q02","75","105","EQ","2026-09-03T17:15:00Z","2026-09-03T18:00:00Z","true","APPROVED","DEMO","SYNTHETIC","90"
"SIM-S0134-Q-D90","SIM-S0134","SIM-S0134-S","D90","119.9393","nm","SIM-M-D90","SIM-Q02","110","180","EQ","2026-09-03T17:15:00Z","2026-09-03T18:00:00Z","true","APPROVED","DEMO","SYNTHETIC","130"
"SIM-S0134-Q-LPC_0p5","SIM-S0134","SIM-S0134-S","LPC_0p5","877.0009","count/mL","SIM-M-LPC_0p5","SIM-Q02","","3000","EQ","2026-09-03T17:15:00Z","2026-09-03T18:00:00Z","true","APPROVED","DEMO","SYNTHETIC","1000"
"SIM-S0134-Q-LPC_1p0","SIM-S0134","SIM-S0134-S","LPC_1p0","88.1595","count/mL","SIM-M-LPC_1p0","SIM-Q02","","600","EQ","2026-09-03T17:15:00Z","2026-09-03T18:00:00Z","true","APPROVED","DEMO","SYNTHETIC","80"
"SIM-S0134-Q-Zeta","SIM-S0134","SIM-S0134-S","Zeta","-40.011","mV","SIM-M-Zeta","SIM-Q02","-50","-30","EQ","2026-09-03T17:15:00Z","2026-09-03T18:00:00Z","true","APPROVED","DEMO","SYNTHETIC","-40"
"SIM-S0134-Q-Fe","SIM-S0134","SIM-S0134-S","Fe","0.28","ug/kg","SIM-M-Fe","SIM-Q02","","1","EQ","2026-09-03T17:15:00Z","2026-09-03T18:00:00Z","true","APPROVED","DEMO","SYNTHETIC","0.3"
"SIM-S0135-Q-pH","SIM-S0135","SIM-S0135-S","pH","9.9626","pH","SIM-M-pH","SIM-Q02","9.5","10.5","EQ","2026-09-03T17:15:00Z","2026-09-03T18:00:00Z","true","APPROVED","DEMO","SYNTHETIC","10"
"SIM-S0135-Q-Solids","SIM-S0135","SIM-S0135-S","Solids","9.9825","wt%","SIM-M-Solids","SIM-Q02","9.5","10.5","EQ","2026-09-03T17:15:00Z","2026-09-03T18:00:00Z","true","APPROVED","DEMO","SYNTHETIC","10"
"SIM-S0135-Q-Viscosity","SIM-S0135","SIM-S0135-S","Viscosity","1.6887","mPa.s","SIM-M-Viscosity","SIM-Q02","1.2","2.2","EQ","2026-09-03T17:15:00Z","2026-09-03T18:00:00Z","true","APPROVED","DEMO","SYNTHETIC","1.7"
"SIM-S0135-Q-D50","SIM-S0135","SIM-S0135-S","D50","91.4764","nm","SIM-M-D50","SIM-Q02","75","105","EQ","2026-09-03T17:15:00Z","2026-09-03T18:00:00Z","true","APPROVED","DEMO","SYNTHETIC","90"
"SIM-S0135-Q-D90","SIM-S0135","SIM-S0135-S","D90","134.4866","nm","SIM-M-D90","SIM-Q02","110","180","EQ","2026-09-03T17:15:00Z","2026-09-03T18:00:00Z","true","APPROVED","DEMO","SYNTHETIC","130"
"SIM-S0135-Q-LPC_0p5","SIM-S0135","SIM-S0135-S","LPC_0p5","1129.6462","count/mL","SIM-M-LPC_0p5","SIM-Q02","","3000","EQ","2026-09-03T17:15:00Z","2026-09-03T18:00:00Z","true","APPROVED","DEMO","SYNTHETIC","1000"
"SIM-S0135-Q-LPC_1p0","SIM-S0135","SIM-S0135-S","LPC_1p0","69.4689","count/mL","SIM-M-LPC_1p0","SIM-Q02","","600","EQ","2026-09-03T17:15:00Z","2026-09-03T18:00:00Z","true","APPROVED","DEMO","SYNTHETIC","80"
"SIM-S0135-Q-Zeta","SIM-S0135","SIM-S0135-S","Zeta","-40.9902","mV","SIM-M-Zeta","SIM-Q02","-50","-30","EQ","2026-09-03T17:15:00Z","2026-09-03T18:00:00Z","true","APPROVED","DEMO","SYNTHETIC","-40"
"SIM-S0135-Q-Fe","SIM-S0135","SIM-S0135-S","Fe","0.2803","ug/kg","SIM-M-Fe","SIM-Q02","","1","EQ","2026-09-03T17:15:00Z","2026-09-03T18:00:00Z","true","APPROVED","DEMO","SYNTHETIC","0.3"
"SIM-S0136-Q-pH","SIM-S0136","SIM-S0136-S","pH","10.026","pH","SIM-M-pH","SIM-Q02","9.5","10.5","EQ","2026-09-03T18:45:00Z","2026-09-03T19:30:00Z","true","APPROVED","DEMO","SYNTHETIC","10"
"SIM-S0136-Q-Solids","SIM-S0136","SIM-S0136-S","Solids","9.9633","wt%","SIM-M-Solids","SIM-Q02","9.5","10.5","EQ","2026-09-03T18:45:00Z","2026-09-03T19:30:00Z","true","APPROVED","DEMO","SYNTHETIC","10"
"SIM-S0136-Q-Viscosity","SIM-S0136","SIM-S0136-S","Viscosity","1.7963","mPa.s","SIM-M-Viscosity","SIM-Q02","1.2","2.2","EQ","2026-09-03T18:45:00Z","2026-09-03T19:30:00Z","true","APPROVED","DEMO","SYNTHETIC","1.7"
"SIM-S0136-Q-D50","SIM-S0136","SIM-S0136-S","D50","89.1878","nm","SIM-M-D50","SIM-Q02","75","105","EQ","2026-09-03T18:45:00Z","2026-09-03T19:30:00Z","true","APPROVED","DEMO","SYNTHETIC","90"
"SIM-S0136-Q-D90","SIM-S0136","SIM-S0136-S","D90","130.7951","nm","SIM-M-D90","SIM-Q02","110","180","EQ","2026-09-03T18:45:00Z","2026-09-03T19:30:00Z","true","APPROVED","DEMO","SYNTHETIC","130"
"SIM-S0136-Q-LPC_0p5","SIM-S0136","SIM-S0136-S","LPC_0p5","1147.2576","count/mL","SIM-M-LPC_0p5","SIM-Q02","","3000","EQ","2026-09-03T18:45:00Z","2026-09-03T19:30:00Z","true","APPROVED","DEMO","SYNTHETIC","1000"
"SIM-S0136-Q-LPC_1p0","SIM-S0136","SIM-S0136-S","LPC_1p0","80.5467","count/mL","SIM-M-LPC_1p0","SIM-Q02","","600","EQ","2026-09-03T18:45:00Z","2026-09-03T19:30:00Z","true","APPROVED","DEMO","SYNTHETIC","80"
"SIM-S0136-Q-Zeta","SIM-S0136","SIM-S0136-S","Zeta","-40.5626","mV","SIM-M-Zeta","SIM-Q02","-50","-30","EQ","2026-09-03T18:45:00Z","2026-09-03T19:30:00Z","true","APPROVED","DEMO","SYNTHETIC","-40"
"SIM-S0136-Q-Fe","SIM-S0136","SIM-S0136-S","Fe","0.2939","ug/kg","SIM-M-Fe","SIM-Q02","","1","EQ","2026-09-03T18:45:00Z","2026-09-03T19:30:00Z","true","APPROVED","DEMO","SYNTHETIC","0.3"
"SIM-S0137-Q-pH","SIM-S0137","SIM-S0137-S","pH","10.0456","pH","SIM-M-pH","SIM-Q02","9.5","10.5","EQ","2026-09-03T18:45:00Z","2026-09-03T19:30:00Z","true","APPROVED","DEMO","SYNTHETIC","10"
"SIM-S0137-Q-Solids","SIM-S0137","SIM-S0137-S","Solids","9.9057","wt%","SIM-M-Solids","SIM-Q02","9.5","10.5","EQ","2026-09-03T18:45:00Z","2026-09-03T19:30:00Z","true","APPROVED","DEMO","SYNTHETIC","10"
"SIM-S0137-Q-Viscosity","SIM-S0137","SIM-S0137-S","Viscosity","1.7312","mPa.s","SIM-M-Viscosity","SIM-Q02","1.2","2.2","EQ","2026-09-03T18:45:00Z","2026-09-03T19:30:00Z","true","APPROVED","DEMO","SYNTHETIC","1.7"
"SIM-S0137-Q-D50","SIM-S0137","SIM-S0137-S","D50","94.6402","nm","SIM-M-D50","SIM-Q02","75","105","EQ","2026-09-03T18:45:00Z","2026-09-03T19:30:00Z","true","APPROVED","DEMO","SYNTHETIC","90"
"SIM-S0137-Q-D90","SIM-S0137","SIM-S0137-S","D90","132.1316","nm","SIM-M-D90","SIM-Q02","110","180","EQ","2026-09-03T18:45:00Z","2026-09-03T19:30:00Z","true","APPROVED","DEMO","SYNTHETIC","130"
"SIM-S0137-Q-LPC_0p5","SIM-S0137","SIM-S0137-S","LPC_0p5","889.8753","count/mL","SIM-M-LPC_0p5","SIM-Q02","","3000","EQ","2026-09-03T18:45:00Z","2026-09-03T19:30:00Z","true","APPROVED","DEMO","SYNTHETIC","1000"
"SIM-S0137-Q-LPC_1p0","SIM-S0137","SIM-S0137-S","LPC_1p0","76.0289","count/mL","SIM-M-LPC_1p0","SIM-Q02","","600","EQ","2026-09-03T18:45:00Z","2026-09-03T19:30:00Z","true","APPROVED","DEMO","SYNTHETIC","80"
"SIM-S0137-Q-Zeta","SIM-S0137","SIM-S0137-S","Zeta","-38.9155","mV","SIM-M-Zeta","SIM-Q02","-50","-30","EQ","2026-09-03T18:45:00Z","2026-09-03T19:30:00Z","true","APPROVED","DEMO","SYNTHETIC","-40"
"SIM-S0137-Q-Fe","SIM-S0137","SIM-S0137-S","Fe","0.3051","ug/kg","SIM-M-Fe","SIM-Q02","","1","EQ","2026-09-03T18:45:00Z","2026-09-03T19:30:00Z","true","APPROVED","DEMO","SYNTHETIC","0.3"
"SIM-S0138-Q-pH","SIM-S0138","SIM-S0138-S","pH","9.9333","pH","SIM-M-pH","SIM-Q02","9.5","10.5","EQ","2026-09-03T18:45:00Z","2026-09-03T19:30:00Z","true","APPROVED","DEMO","SYNTHETIC","10"
"SIM-S0138-Q-Solids","SIM-S0138","SIM-S0138-S","Solids","9.9651","wt%","SIM-M-Solids","SIM-Q02","9.5","10.5","EQ","2026-09-03T18:45:00Z","2026-09-03T19:30:00Z","true","APPROVED","DEMO","SYNTHETIC","10"
"SIM-S0138-Q-Viscosity","SIM-S0138","SIM-S0138-S","Viscosity","1.7142","mPa.s","SIM-M-Viscosity","SIM-Q02","1.2","2.2","EQ","2026-09-03T18:45:00Z","2026-09-03T19:30:00Z","true","APPROVED","DEMO","SYNTHETIC","1.7"
"SIM-S0138-Q-D50","SIM-S0138","SIM-S0138-S","D50","88.5243","nm","SIM-M-D50","SIM-Q02","75","105","EQ","2026-09-03T18:45:00Z","2026-09-03T19:30:00Z","true","APPROVED","DEMO","SYNTHETIC","90"
"SIM-S0138-Q-D90","SIM-S0138","SIM-S0138-S","D90","131.771","nm","SIM-M-D90","SIM-Q02","110","180","EQ","2026-09-03T18:45:00Z","2026-09-03T19:30:00Z","true","APPROVED","DEMO","SYNTHETIC","130"
"SIM-S0138-Q-LPC_0p5","SIM-S0138","SIM-S0138-S","LPC_0p5","867.263","count/mL","SIM-M-LPC_0p5","SIM-Q02","","3000","EQ","2026-09-03T18:45:00Z","2026-09-03T19:30:00Z","true","APPROVED","DEMO","SYNTHETIC","1000"
"SIM-S0138-Q-LPC_1p0","SIM-S0138","SIM-S0138-S","LPC_1p0","86.7621","count/mL","SIM-M-LPC_1p0","SIM-Q02","","600","EQ","2026-09-03T18:45:00Z","2026-09-03T19:30:00Z","true","APPROVED","DEMO","SYNTHETIC","80"
"SIM-S0138-Q-Zeta","SIM-S0138","SIM-S0138-S","Zeta","-40.4334","mV","SIM-M-Zeta","SIM-Q02","-50","-30","EQ","2026-09-03T18:45:00Z","2026-09-03T19:30:00Z","true","APPROVED","DEMO","SYNTHETIC","-40"
"SIM-S0138-Q-Fe","SIM-S0138","SIM-S0138-S","Fe","0.3208","ug/kg","SIM-M-Fe","SIM-Q02","","1","EQ","2026-09-03T18:45:00Z","2026-09-03T19:30:00Z","true","APPROVED","DEMO","SYNTHETIC","0.3"
"SIM-S0139-Q-pH","SIM-S0139","SIM-S0139-S","pH","10.0068","pH","SIM-M-pH","SIM-Q02","9.5","10.5","EQ","2026-09-03T20:15:00Z","2026-09-03T21:00:00Z","true","APPROVED","DEMO","SYNTHETIC","10"
"SIM-S0139-Q-Solids","SIM-S0139","SIM-S0139-S","Solids","9.9297","wt%","SIM-M-Solids","SIM-Q02","9.5","10.5","EQ","2026-09-03T20:15:00Z","2026-09-03T21:00:00Z","true","APPROVED","DEMO","SYNTHETIC","10"
"SIM-S0139-Q-Viscosity","SIM-S0139","SIM-S0139-S","Viscosity","1.7094","mPa.s","SIM-M-Viscosity","SIM-Q02","1.2","2.2","EQ","2026-09-03T20:15:00Z","2026-09-03T21:00:00Z","true","APPROVED","DEMO","SYNTHETIC","1.7"
"SIM-S0139-Q-D50","SIM-S0139","SIM-S0139-S","D50","87.9087","nm","SIM-M-D50","SIM-Q02","75","105","EQ","2026-09-03T20:15:00Z","2026-09-03T21:00:00Z","true","APPROVED","DEMO","SYNTHETIC","90"
"SIM-S0139-Q-D90","SIM-S0139","SIM-S0139-S","D90","129.683","nm","SIM-M-D90","SIM-Q02","110","180","EQ","2026-09-03T20:15:00Z","2026-09-03T21:00:00Z","true","APPROVED","DEMO","SYNTHETIC","130"
"SIM-S0139-Q-LPC_0p5","SIM-S0139","SIM-S0139-S","LPC_0p5","975.4895","count/mL","SIM-M-LPC_0p5","SIM-Q02","","3000","EQ","2026-09-03T20:15:00Z","2026-09-03T21:00:00Z","true","APPROVED","DEMO","SYNTHETIC","1000"
"SIM-S0139-Q-LPC_1p0","SIM-S0139","SIM-S0139-S","LPC_1p0","96.6964","count/mL","SIM-M-LPC_1p0","SIM-Q02","","600","EQ","2026-09-03T20:15:00Z","2026-09-03T21:00:00Z","true","APPROVED","DEMO","SYNTHETIC","80"
"SIM-S0139-Q-Zeta","SIM-S0139","SIM-S0139-S","Zeta","-39.4255","mV","SIM-M-Zeta","SIM-Q02","-50","-30","EQ","2026-09-03T20:15:00Z","2026-09-03T21:00:00Z","true","APPROVED","DEMO","SYNTHETIC","-40"
"SIM-S0139-Q-Fe","SIM-S0139","SIM-S0139-S","Fe","0.2847","ug/kg","SIM-M-Fe","SIM-Q02","","1","EQ","2026-09-03T20:15:00Z","2026-09-03T21:00:00Z","true","APPROVED","DEMO","SYNTHETIC","0.3"
"SIM-S0140-Q-pH","SIM-S0140","SIM-S0140-S","pH","10.0147","pH","SIM-M-pH","SIM-Q02","9.5","10.5","EQ","2026-09-03T20:15:00Z","2026-09-03T21:00:00Z","true","APPROVED","DEMO","SYNTHETIC","10"
"SIM-S0140-Q-Solids","SIM-S0140","SIM-S0140-S","Solids","10.1627","wt%","SIM-M-Solids","SIM-Q02","9.5","10.5","EQ","2026-09-03T20:15:00Z","2026-09-03T21:00:00Z","true","APPROVED","DEMO","SYNTHETIC","10"
"SIM-S0140-Q-Viscosity","SIM-S0140","SIM-S0140-S","Viscosity","1.6355","mPa.s","SIM-M-Viscosity","SIM-Q02","1.2","2.2","EQ","2026-09-03T20:15:00Z","2026-09-03T21:00:00Z","true","APPROVED","DEMO","SYNTHETIC","1.7"
"SIM-S0140-Q-D50","SIM-S0140","SIM-S0140-S","D50","87.7251","nm","SIM-M-D50","SIM-Q02","75","105","EQ","2026-09-03T20:15:00Z","2026-09-03T21:00:00Z","true","APPROVED","DEMO","SYNTHETIC","90"
"SIM-S0140-Q-D90","SIM-S0140","SIM-S0140-S","D90","126.7955","nm","SIM-M-D90","SIM-Q02","110","180","EQ","2026-09-03T20:15:00Z","2026-09-03T21:00:00Z","true","APPROVED","DEMO","SYNTHETIC","130"
"SIM-S0140-Q-LPC_0p5","SIM-S0140","SIM-S0140-S","LPC_0p5","1230.1695","count/mL","SIM-M-LPC_0p5","SIM-Q02","","3000","EQ","2026-09-03T20:15:00Z","2026-09-03T21:00:00Z","true","APPROVED","DEMO","SYNTHETIC","1000"
"SIM-S0140-Q-LPC_1p0","SIM-S0140","SIM-S0140-S","LPC_1p0","75.6576","count/mL","SIM-M-LPC_1p0","SIM-Q02","","600","EQ","2026-09-03T20:15:00Z","2026-09-03T21:00:00Z","true","APPROVED","DEMO","SYNTHETIC","80"
"SIM-S0140-Q-Zeta","SIM-S0140","SIM-S0140-S","Zeta","-40.7876","mV","SIM-M-Zeta","SIM-Q02","-50","-30","EQ","2026-09-03T20:15:00Z","2026-09-03T21:00:00Z","true","APPROVED","DEMO","SYNTHETIC","-40"
"SIM-S0140-Q-Fe","SIM-S0140","SIM-S0140-S","Fe","0.261","ug/kg","SIM-M-Fe","SIM-Q02","","1","EQ","2026-09-03T20:15:00Z","2026-09-03T21:00:00Z","true","APPROVED","DEMO","SYNTHETIC","0.3"
"SIM-S0141-Q-pH","SIM-S0141","SIM-S0141-S","pH","10.045","pH","SIM-M-pH","SIM-Q02","9.5","10.5","EQ","2026-09-03T20:15:00Z","2026-09-03T21:00:00Z","true","APPROVED","DEMO","SYNTHETIC","10"
"SIM-S0141-Q-Solids","SIM-S0141","SIM-S0141-S","Solids","10.0443","wt%","SIM-M-Solids","SIM-Q02","9.5","10.5","EQ","2026-09-03T20:15:00Z","2026-09-03T21:00:00Z","true","APPROVED","DEMO","SYNTHETIC","10"
"SIM-S0141-Q-Viscosity","SIM-S0141","SIM-S0141-S","Viscosity","1.712","mPa.s","SIM-M-Viscosity","SIM-Q02","1.2","2.2","EQ","2026-09-03T20:15:00Z","2026-09-03T21:00:00Z","true","APPROVED","DEMO","SYNTHETIC","1.7"
"SIM-S0141-Q-D50","SIM-S0141","SIM-S0141-S","D50","89.7501","nm","SIM-M-D50","SIM-Q02","75","105","EQ","2026-09-03T20:15:00Z","2026-09-03T21:00:00Z","true","APPROVED","DEMO","SYNTHETIC","90"
"SIM-S0141-Q-D90","SIM-S0141","SIM-S0141-S","D90","124.8261","nm","SIM-M-D90","SIM-Q02","110","180","EQ","2026-09-03T20:15:00Z","2026-09-03T21:00:00Z","true","APPROVED","DEMO","SYNTHETIC","130"
"SIM-S0141-Q-LPC_0p5","SIM-S0141","SIM-S0141-S","LPC_0p5","1055.7428","count/mL","SIM-M-LPC_0p5","SIM-Q02","","3000","EQ","2026-09-03T20:15:00Z","2026-09-03T21:00:00Z","true","APPROVED","DEMO","SYNTHETIC","1000"
"SIM-S0141-Q-LPC_1p0","SIM-S0141","SIM-S0141-S","LPC_1p0","82.5183","count/mL","SIM-M-LPC_1p0","SIM-Q02","","600","EQ","2026-09-03T20:15:00Z","2026-09-03T21:00:00Z","true","APPROVED","DEMO","SYNTHETIC","80"
"SIM-S0141-Q-Zeta","SIM-S0141","SIM-S0141-S","Zeta","-39.6087","mV","SIM-M-Zeta","SIM-Q02","-50","-30","EQ","2026-09-03T20:15:00Z","2026-09-03T21:00:00Z","true","APPROVED","DEMO","SYNTHETIC","-40"
"SIM-S0141-Q-Fe","SIM-S0141","SIM-S0141-S","Fe","0.3335","ug/kg","SIM-M-Fe","SIM-Q02","","1","EQ","2026-09-03T20:15:00Z","2026-09-03T21:00:00Z","true","APPROVED","DEMO","SYNTHETIC","0.3"
"SIM-S0142-Q-pH","SIM-S0142","SIM-S0142-S","pH","10.0858","pH","SIM-M-pH","SIM-Q02","9.5","10.5","EQ","2026-09-03T21:45:00Z","2026-09-03T22:30:00Z","true","APPROVED","DEMO","SYNTHETIC","10"
"SIM-S0142-Q-Solids","SIM-S0142","SIM-S0142-S","Solids","10.0052","wt%","SIM-M-Solids","SIM-Q02","9.5","10.5","EQ","2026-09-03T21:45:00Z","2026-09-03T22:30:00Z","true","APPROVED","DEMO","SYNTHETIC","10"
"SIM-S0142-Q-Viscosity","SIM-S0142","SIM-S0142-S","Viscosity","1.7316","mPa.s","SIM-M-Viscosity","SIM-Q02","1.2","2.2","EQ","2026-09-03T21:45:00Z","2026-09-03T22:30:00Z","true","APPROVED","DEMO","SYNTHETIC","1.7"
"SIM-S0142-Q-D50","SIM-S0142","SIM-S0142-S","D50","90.9376","nm","SIM-M-D50","SIM-Q02","75","105","EQ","2026-09-03T21:45:00Z","2026-09-03T22:30:00Z","true","APPROVED","DEMO","SYNTHETIC","90"
"SIM-S0142-Q-D90","SIM-S0142","SIM-S0142-S","D90","128.9146","nm","SIM-M-D90","SIM-Q02","110","180","EQ","2026-09-03T21:45:00Z","2026-09-03T22:30:00Z","true","APPROVED","DEMO","SYNTHETIC","130"
"SIM-S0142-Q-LPC_0p5","SIM-S0142","SIM-S0142-S","LPC_0p5","897.6236","count/mL","SIM-M-LPC_0p5","SIM-Q02","","3000","EQ","2026-09-03T21:45:00Z","2026-09-03T22:30:00Z","true","APPROVED","DEMO","SYNTHETIC","1000"
"SIM-S0142-Q-LPC_1p0","SIM-S0142","SIM-S0142-S","LPC_1p0","67.6702","count/mL","SIM-M-LPC_1p0","SIM-Q02","","600","EQ","2026-09-03T21:45:00Z","2026-09-03T22:30:00Z","true","APPROVED","DEMO","SYNTHETIC","80"
"SIM-S0142-Q-Zeta","SIM-S0142","SIM-S0142-S","Zeta","-40.9497","mV","SIM-M-Zeta","SIM-Q02","-50","-30","EQ","2026-09-03T21:45:00Z","2026-09-03T22:30:00Z","true","APPROVED","DEMO","SYNTHETIC","-40"
"SIM-S0142-Q-Fe","SIM-S0142","SIM-S0142-S","Fe","0.3336","ug/kg","SIM-M-Fe","SIM-Q02","","1","EQ","2026-09-03T21:45:00Z","2026-09-03T22:30:00Z","true","APPROVED","DEMO","SYNTHETIC","0.3"
"SIM-S0143-Q-pH","SIM-S0143","SIM-S0143-S","pH","9.7962","pH","SIM-M-pH","SIM-Q02","9.5","10.5","EQ","2026-09-03T21:45:00Z","2026-09-03T22:30:00Z","true","APPROVED","DEMO","SYNTHETIC","10"
"SIM-S0143-Q-Solids","SIM-S0143","SIM-S0143-S","Solids","9.9953","wt%","SIM-M-Solids","SIM-Q02","9.5","10.5","EQ","2026-09-03T21:45:00Z","2026-09-03T22:30:00Z","true","APPROVED","DEMO","SYNTHETIC","10"
"SIM-S0143-Q-Viscosity","SIM-S0143","SIM-S0143-S","Viscosity","1.679","mPa.s","SIM-M-Viscosity","SIM-Q02","1.2","2.2","EQ","2026-09-03T21:45:00Z","2026-09-03T22:30:00Z","true","APPROVED","DEMO","SYNTHETIC","1.7"
"SIM-S0143-Q-D50","SIM-S0143","SIM-S0143-S","D50","89.6106","nm","SIM-M-D50","SIM-Q02","75","105","EQ","2026-09-03T21:45:00Z","2026-09-03T22:30:00Z","true","APPROVED","DEMO","SYNTHETIC","90"
"SIM-S0143-Q-D90","SIM-S0143","SIM-S0143-S","D90","129.261","nm","SIM-M-D90","SIM-Q02","110","180","EQ","2026-09-03T21:45:00Z","2026-09-03T22:30:00Z","true","APPROVED","DEMO","SYNTHETIC","130"
"SIM-S0143-Q-LPC_0p5","SIM-S0143","SIM-S0143-S","LPC_0p5","823.1422","count/mL","SIM-M-LPC_0p5","SIM-Q02","","3000","EQ","2026-09-03T21:45:00Z","2026-09-03T22:30:00Z","true","APPROVED","DEMO","SYNTHETIC","1000"
"SIM-S0143-Q-LPC_1p0","SIM-S0143","SIM-S0143-S","LPC_1p0","87.076","count/mL","SIM-M-LPC_1p0","SIM-Q02","","600","EQ","2026-09-03T21:45:00Z","2026-09-03T22:30:00Z","true","APPROVED","DEMO","SYNTHETIC","80"
"SIM-S0143-Q-Zeta","SIM-S0143","SIM-S0143-S","Zeta","-40.6255","mV","SIM-M-Zeta","SIM-Q02","-50","-30","EQ","2026-09-03T21:45:00Z","2026-09-03T22:30:00Z","true","APPROVED","DEMO","SYNTHETIC","-40"
"SIM-S0143-Q-Fe","SIM-S0143","SIM-S0143-S","Fe","0.3019","ug/kg","SIM-M-Fe","SIM-Q02","","1","EQ","2026-09-03T21:45:00Z","2026-09-03T22:30:00Z","true","APPROVED","DEMO","SYNTHETIC","0.3"
"SIM-S0144-Q-pH","SIM-S0144","SIM-S0144-S","pH","9.9734","pH","SIM-M-pH","SIM-Q02","9.5","10.5","EQ","2026-09-03T21:45:00Z","2026-09-03T22:30:00Z","true","APPROVED","DEMO","SYNTHETIC","10"
"SIM-S0144-Q-Solids","SIM-S0144","SIM-S0144-S","Solids","10.0265","wt%","SIM-M-Solids","SIM-Q02","9.5","10.5","EQ","2026-09-03T21:45:00Z","2026-09-03T22:30:00Z","true","APPROVED","DEMO","SYNTHETIC","10"
"SIM-S0144-Q-Viscosity","SIM-S0144","SIM-S0144-S","Viscosity","1.6939","mPa.s","SIM-M-Viscosity","SIM-Q02","1.2","2.2","EQ","2026-09-03T21:45:00Z","2026-09-03T22:30:00Z","true","APPROVED","DEMO","SYNTHETIC","1.7"
"SIM-S0144-Q-D50","SIM-S0144","SIM-S0144-S","D50","89.7707","nm","SIM-M-D50","SIM-Q02","75","105","EQ","2026-09-03T21:45:00Z","2026-09-03T22:30:00Z","true","APPROVED","DEMO","SYNTHETIC","90"
"SIM-S0144-Q-D90","SIM-S0144","SIM-S0144-S","D90","137.7874","nm","SIM-M-D90","SIM-Q02","110","180","EQ","2026-09-03T21:45:00Z","2026-09-03T22:30:00Z","true","APPROVED","DEMO","SYNTHETIC","130"
"SIM-S0144-Q-LPC_0p5","SIM-S0144","SIM-S0144-S","LPC_0p5","856.2885","count/mL","SIM-M-LPC_0p5","SIM-Q02","","3000","EQ","2026-09-03T21:45:00Z","2026-09-03T22:30:00Z","true","APPROVED","DEMO","SYNTHETIC","1000"
"SIM-S0144-Q-LPC_1p0","SIM-S0144","SIM-S0144-S","LPC_1p0","82.2634","count/mL","SIM-M-LPC_1p0","SIM-Q02","","600","EQ","2026-09-03T21:45:00Z","2026-09-03T22:30:00Z","true","APPROVED","DEMO","SYNTHETIC","80"
"SIM-S0144-Q-Zeta","SIM-S0144","SIM-S0144-S","Zeta","-39.6978","mV","SIM-M-Zeta","SIM-Q02","-50","-30","EQ","2026-09-03T21:45:00Z","2026-09-03T22:30:00Z","true","APPROVED","DEMO","SYNTHETIC","-40"
"SIM-S0144-Q-Fe","SIM-S0144","SIM-S0144-S","Fe","0.2972","ug/kg","SIM-M-Fe","SIM-Q02","","1","EQ","2026-09-03T21:45:00Z","2026-09-03T22:30:00Z","true","APPROVED","DEMO","SYNTHETIC","0.3"
"SIM-S0145-Q-pH","SIM-S0145","SIM-S0145-S","pH","9.8906","pH","SIM-M-pH","SIM-Q02","9.5","10.5","EQ","2026-09-03T23:15:00Z","2026-09-04T00:00:00Z","true","APPROVED","DEMO","SYNTHETIC","10"
"SIM-S0145-Q-Solids","SIM-S0145","SIM-S0145-S","Solids","10.0941","wt%","SIM-M-Solids","SIM-Q02","9.5","10.5","EQ","2026-09-03T23:15:00Z","2026-09-04T00:00:00Z","true","APPROVED","DEMO","SYNTHETIC","10"
"SIM-S0145-Q-Viscosity","SIM-S0145","SIM-S0145-S","Viscosity","1.6928","mPa.s","SIM-M-Viscosity","SIM-Q02","1.2","2.2","EQ","2026-09-03T23:15:00Z","2026-09-04T00:00:00Z","true","APPROVED","DEMO","SYNTHETIC","1.7"
"SIM-S0145-Q-D50","SIM-S0145","SIM-S0145-S","D50","86.1753","nm","SIM-M-D50","SIM-Q02","75","105","EQ","2026-09-03T23:15:00Z","2026-09-04T00:00:00Z","true","APPROVED","DEMO","SYNTHETIC","90"
"SIM-S0145-Q-D90","SIM-S0145","SIM-S0145-S","D90","127.5446","nm","SIM-M-D90","SIM-Q02","110","180","EQ","2026-09-03T23:15:00Z","2026-09-04T00:00:00Z","true","APPROVED","DEMO","SYNTHETIC","130"
"SIM-S0145-Q-LPC_0p5","SIM-S0145","SIM-S0145-S","LPC_0p5","1101.823","count/mL","SIM-M-LPC_0p5","SIM-Q02","","3000","EQ","2026-09-03T23:15:00Z","2026-09-04T00:00:00Z","true","APPROVED","DEMO","SYNTHETIC","1000"
"SIM-S0145-Q-LPC_1p0","SIM-S0145","SIM-S0145-S","LPC_1p0","62.505","count/mL","SIM-M-LPC_1p0","SIM-Q02","","600","EQ","2026-09-03T23:15:00Z","2026-09-04T00:00:00Z","true","APPROVED","DEMO","SYNTHETIC","80"
"SIM-S0145-Q-Zeta","SIM-S0145","SIM-S0145-S","Zeta","-40.8493","mV","SIM-M-Zeta","SIM-Q02","-50","-30","EQ","2026-09-03T23:15:00Z","2026-09-04T00:00:00Z","true","APPROVED","DEMO","SYNTHETIC","-40"
"SIM-S0145-Q-Fe","SIM-S0145","SIM-S0145-S","Fe","0.2985","ug/kg","SIM-M-Fe","SIM-Q02","","1","EQ","2026-09-03T23:15:00Z","2026-09-04T00:00:00Z","true","APPROVED","DEMO","SYNTHETIC","0.3"
"SIM-S0146-Q-pH","SIM-S0146","SIM-S0146-S","pH","10.0276","pH","SIM-M-pH","SIM-Q02","9.5","10.5","EQ","2026-09-03T23:15:00Z","2026-09-04T00:00:00Z","true","APPROVED","DEMO","SYNTHETIC","10"
"SIM-S0146-Q-Solids","SIM-S0146","SIM-S0146-S","Solids","9.9273","wt%","SIM-M-Solids","SIM-Q02","9.5","10.5","EQ","2026-09-03T23:15:00Z","2026-09-04T00:00:00Z","true","APPROVED","DEMO","SYNTHETIC","10"
"SIM-S0146-Q-Viscosity","SIM-S0146","SIM-S0146-S","Viscosity","1.6324","mPa.s","SIM-M-Viscosity","SIM-Q02","1.2","2.2","EQ","2026-09-03T23:15:00Z","2026-09-04T00:00:00Z","true","APPROVED","DEMO","SYNTHETIC","1.7"
"SIM-S0146-Q-D50","SIM-S0146","SIM-S0146-S","D50","88.2677","nm","SIM-M-D50","SIM-Q02","75","105","EQ","2026-09-03T23:15:00Z","2026-09-04T00:00:00Z","true","APPROVED","DEMO","SYNTHETIC","90"
"SIM-S0146-Q-D90","SIM-S0146","SIM-S0146-S","D90","130.9803","nm","SIM-M-D90","SIM-Q02","110","180","EQ","2026-09-03T23:15:00Z","2026-09-04T00:00:00Z","true","APPROVED","DEMO","SYNTHETIC","130"
"SIM-S0146-Q-LPC_0p5","SIM-S0146","SIM-S0146-S","LPC_0p5","1033.7024","count/mL","SIM-M-LPC_0p5","SIM-Q02","","3000","EQ","2026-09-03T23:15:00Z","2026-09-04T00:00:00Z","true","APPROVED","DEMO","SYNTHETIC","1000"
"SIM-S0146-Q-LPC_1p0","SIM-S0146","SIM-S0146-S","LPC_1p0","79.6475","count/mL","SIM-M-LPC_1p0","SIM-Q02","","600","EQ","2026-09-03T23:15:00Z","2026-09-04T00:00:00Z","true","APPROVED","DEMO","SYNTHETIC","80"
"SIM-S0146-Q-Zeta","SIM-S0146","SIM-S0146-S","Zeta","-39.8746","mV","SIM-M-Zeta","SIM-Q02","-50","-30","EQ","2026-09-03T23:15:00Z","2026-09-04T00:00:00Z","true","APPROVED","DEMO","SYNTHETIC","-40"
"SIM-S0146-Q-Fe","SIM-S0146","SIM-S0146-S","Fe","0.3076","ug/kg","SIM-M-Fe","SIM-Q02","","1","EQ","2026-09-03T23:15:00Z","2026-09-04T00:00:00Z","true","APPROVED","DEMO","SYNTHETIC","0.3"
"SIM-S0147-Q-pH","SIM-S0147","SIM-S0147-S","pH","9.9921","pH","SIM-M-pH","SIM-Q02","9.5","10.5","EQ","2026-09-03T23:15:00Z","2026-09-04T00:00:00Z","true","APPROVED","DEMO","SYNTHETIC","10"
"SIM-S0147-Q-Solids","SIM-S0147","SIM-S0147-S","Solids","9.9554","wt%","SIM-M-Solids","SIM-Q02","9.5","10.5","EQ","2026-09-03T23:15:00Z","2026-09-04T00:00:00Z","true","APPROVED","DEMO","SYNTHETIC","10"
"SIM-S0147-Q-Viscosity","SIM-S0147","SIM-S0147-S","Viscosity","1.7332","mPa.s","SIM-M-Viscosity","SIM-Q02","1.2","2.2","EQ","2026-09-03T23:15:00Z","2026-09-04T00:00:00Z","true","APPROVED","DEMO","SYNTHETIC","1.7"
"SIM-S0147-Q-D50","SIM-S0147","SIM-S0147-S","D50","94.1203","nm","SIM-M-D50","SIM-Q02","75","105","EQ","2026-09-03T23:15:00Z","2026-09-04T00:00:00Z","true","APPROVED","DEMO","SYNTHETIC","90"
"SIM-S0147-Q-D90","SIM-S0147","SIM-S0147-S","D90","135.7487","nm","SIM-M-D90","SIM-Q02","110","180","EQ","2026-09-03T23:15:00Z","2026-09-04T00:00:00Z","true","APPROVED","DEMO","SYNTHETIC","130"
"SIM-S0147-Q-LPC_0p5","SIM-S0147","SIM-S0147-S","LPC_0p5","849.7013","count/mL","SIM-M-LPC_0p5","SIM-Q02","","3000","EQ","2026-09-03T23:15:00Z","2026-09-04T00:00:00Z","true","APPROVED","DEMO","SYNTHETIC","1000"
"SIM-S0147-Q-LPC_1p0","SIM-S0147","SIM-S0147-S","LPC_1p0","83.8645","count/mL","SIM-M-LPC_1p0","SIM-Q02","","600","EQ","2026-09-03T23:15:00Z","2026-09-04T00:00:00Z","true","APPROVED","DEMO","SYNTHETIC","80"
"SIM-S0147-Q-Zeta","SIM-S0147","SIM-S0147-S","Zeta","-39.0189","mV","SIM-M-Zeta","SIM-Q02","-50","-30","EQ","2026-09-03T23:15:00Z","2026-09-04T00:00:00Z","true","APPROVED","DEMO","SYNTHETIC","-40"
"SIM-S0147-Q-Fe","SIM-S0147","SIM-S0147-S","Fe","0.3323","ug/kg","SIM-M-Fe","SIM-Q02","","1","EQ","2026-09-03T23:15:00Z","2026-09-04T00:00:00Z","true","APPROVED","DEMO","SYNTHETIC","0.3"
"SIM-S0148-Q-pH","SIM-S0148","SIM-S0148-S","pH","9.9706","pH","SIM-M-pH","SIM-Q02","9.5","10.5","EQ","2026-09-04T00:45:00Z","2026-09-04T01:30:00Z","true","APPROVED","DEMO","SYNTHETIC","10"
"SIM-S0148-Q-Solids","SIM-S0148","SIM-S0148-S","Solids","9.9018","wt%","SIM-M-Solids","SIM-Q02","9.5","10.5","EQ","2026-09-04T00:45:00Z","2026-09-04T01:30:00Z","true","APPROVED","DEMO","SYNTHETIC","10"
"SIM-S0148-Q-Viscosity","SIM-S0148","SIM-S0148-S","Viscosity","1.6989","mPa.s","SIM-M-Viscosity","SIM-Q02","1.2","2.2","EQ","2026-09-04T00:45:00Z","2026-09-04T01:30:00Z","true","APPROVED","DEMO","SYNTHETIC","1.7"
"SIM-S0148-Q-D50","SIM-S0148","SIM-S0148-S","D50","90.5852","nm","SIM-M-D50","SIM-Q02","75","105","EQ","2026-09-04T00:45:00Z","2026-09-04T01:30:00Z","true","APPROVED","DEMO","SYNTHETIC","90"
"SIM-S0148-Q-D90","SIM-S0148","SIM-S0148-S","D90","127.9306","nm","SIM-M-D90","SIM-Q02","110","180","EQ","2026-09-04T00:45:00Z","2026-09-04T01:30:00Z","true","APPROVED","DEMO","SYNTHETIC","130"
"SIM-S0148-Q-LPC_0p5","SIM-S0148","SIM-S0148-S","LPC_0p5","979.1481","count/mL","SIM-M-LPC_0p5","SIM-Q02","","3000","EQ","2026-09-04T00:45:00Z","2026-09-04T01:30:00Z","true","APPROVED","DEMO","SYNTHETIC","1000"
"SIM-S0148-Q-LPC_1p0","SIM-S0148","SIM-S0148-S","LPC_1p0","85.0438","count/mL","SIM-M-LPC_1p0","SIM-Q02","","600","EQ","2026-09-04T00:45:00Z","2026-09-04T01:30:00Z","true","APPROVED","DEMO","SYNTHETIC","80"
"SIM-S0148-Q-Zeta","SIM-S0148","SIM-S0148-S","Zeta","-40.1561","mV","SIM-M-Zeta","SIM-Q02","-50","-30","EQ","2026-09-04T00:45:00Z","2026-09-04T01:30:00Z","true","APPROVED","DEMO","SYNTHETIC","-40"
"SIM-S0148-Q-Fe","SIM-S0148","SIM-S0148-S","Fe","0.3357","ug/kg","SIM-M-Fe","SIM-Q02","","1","EQ","2026-09-04T00:45:00Z","2026-09-04T01:30:00Z","true","APPROVED","DEMO","SYNTHETIC","0.3"
"SIM-S0149-Q-pH","SIM-S0149","SIM-S0149-S","pH","10.1109","pH","SIM-M-pH","SIM-Q02","9.5","10.5","EQ","2026-09-04T00:45:00Z","2026-09-04T01:30:00Z","true","APPROVED","DEMO","SYNTHETIC","10"
"SIM-S0149-Q-Solids","SIM-S0149","SIM-S0149-S","Solids","10.0515","wt%","SIM-M-Solids","SIM-Q02","9.5","10.5","EQ","2026-09-04T00:45:00Z","2026-09-04T01:30:00Z","true","APPROVED","DEMO","SYNTHETIC","10"
"SIM-S0149-Q-Viscosity","SIM-S0149","SIM-S0149-S","Viscosity","1.7357","mPa.s","SIM-M-Viscosity","SIM-Q02","1.2","2.2","EQ","2026-09-04T00:45:00Z","2026-09-04T01:30:00Z","true","APPROVED","DEMO","SYNTHETIC","1.7"
"SIM-S0149-Q-D50","SIM-S0149","SIM-S0149-S","D50","88.1718","nm","SIM-M-D50","SIM-Q02","75","105","EQ","2026-09-04T00:45:00Z","2026-09-04T01:30:00Z","true","APPROVED","DEMO","SYNTHETIC","90"
"SIM-S0149-Q-D90","SIM-S0149","SIM-S0149-S","D90","126.7035","nm","SIM-M-D90","SIM-Q02","110","180","EQ","2026-09-04T00:45:00Z","2026-09-04T01:30:00Z","true","APPROVED","DEMO","SYNTHETIC","130"
"SIM-S0149-Q-LPC_0p5","SIM-S0149","SIM-S0149-S","LPC_0p5","1141.7932","count/mL","SIM-M-LPC_0p5","SIM-Q02","","3000","EQ","2026-09-04T00:45:00Z","2026-09-04T01:30:00Z","true","APPROVED","DEMO","SYNTHETIC","1000"
"SIM-S0149-Q-LPC_1p0","SIM-S0149","SIM-S0149-S","LPC_1p0","72.0393","count/mL","SIM-M-LPC_1p0","SIM-Q02","","600","EQ","2026-09-04T00:45:00Z","2026-09-04T01:30:00Z","true","APPROVED","DEMO","SYNTHETIC","80"
"SIM-S0149-Q-Zeta","SIM-S0149","SIM-S0149-S","Zeta","-39.7035","mV","SIM-M-Zeta","SIM-Q02","-50","-30","EQ","2026-09-04T00:45:00Z","2026-09-04T01:30:00Z","true","APPROVED","DEMO","SYNTHETIC","-40"
"SIM-S0149-Q-Fe","SIM-S0149","SIM-S0149-S","Fe","0.3265","ug/kg","SIM-M-Fe","SIM-Q02","","1","EQ","2026-09-04T00:45:00Z","2026-09-04T01:30:00Z","true","APPROVED","DEMO","SYNTHETIC","0.3"
"SIM-S0150-Q-pH","SIM-S0150","SIM-S0150-S","pH","9.9876","pH","SIM-M-pH","SIM-Q02","9.5","10.5","EQ","2026-09-04T00:45:00Z","2026-09-04T01:30:00Z","true","APPROVED","DEMO","SYNTHETIC","10"
"SIM-S0150-Q-Solids","SIM-S0150","SIM-S0150-S","Solids","9.9201","wt%","SIM-M-Solids","SIM-Q02","9.5","10.5","EQ","2026-09-04T00:45:00Z","2026-09-04T01:30:00Z","true","APPROVED","DEMO","SYNTHETIC","10"
"SIM-S0150-Q-Viscosity","SIM-S0150","SIM-S0150-S","Viscosity","1.7353","mPa.s","SIM-M-Viscosity","SIM-Q02","1.2","2.2","EQ","2026-09-04T00:45:00Z","2026-09-04T01:30:00Z","true","APPROVED","DEMO","SYNTHETIC","1.7"
"SIM-S0150-Q-D50","SIM-S0150","SIM-S0150-S","D50","90.7989","nm","SIM-M-D50","SIM-Q02","75","105","EQ","2026-09-04T00:45:00Z","2026-09-04T01:30:00Z","true","APPROVED","DEMO","SYNTHETIC","90"
"SIM-S0150-Q-D90","SIM-S0150","SIM-S0150-S","D90","122.3618","nm","SIM-M-D90","SIM-Q02","110","180","EQ","2026-09-04T00:45:00Z","2026-09-04T01:30:00Z","true","APPROVED","DEMO","SYNTHETIC","130"
"SIM-S0150-Q-LPC_0p5","SIM-S0150","SIM-S0150-S","LPC_0p5","1337.6113","count/mL","SIM-M-LPC_0p5","SIM-Q02","","3000","EQ","2026-09-04T00:45:00Z","2026-09-04T01:30:00Z","true","APPROVED","DEMO","SYNTHETIC","1000"
"SIM-S0150-Q-LPC_1p0","SIM-S0150","SIM-S0150-S","LPC_1p0","86.0519","count/mL","SIM-M-LPC_1p0","SIM-Q02","","600","EQ","2026-09-04T00:45:00Z","2026-09-04T01:30:00Z","true","APPROVED","DEMO","SYNTHETIC","80"
"SIM-S0150-Q-Zeta","SIM-S0150","SIM-S0150-S","Zeta","-38.7429","mV","SIM-M-Zeta","SIM-Q02","-50","-30","EQ","2026-09-04T00:45:00Z","2026-09-04T01:30:00Z","true","APPROVED","DEMO","SYNTHETIC","-40"
"SIM-S0150-Q-Fe","SIM-S0150","SIM-S0150-S","Fe","0.2936","ug/kg","SIM-M-Fe","SIM-Q02","","1","EQ","2026-09-04T00:45:00Z","2026-09-04T01:30:00Z","true","APPROVED","DEMO","SYNTHETIC","0.3"
"SIM-S0151-Q-pH","SIM-S0151","SIM-S0151-S","pH","10.0818","pH","SIM-M-pH","SIM-Q02","9.5","10.5","EQ","2026-09-04T02:15:00Z","2026-09-04T03:00:00Z","true","APPROVED","DEMO","SYNTHETIC","10"
"SIM-S0151-Q-Solids","SIM-S0151","SIM-S0151-S","Solids","9.9236","wt%","SIM-M-Solids","SIM-Q02","9.5","10.5","EQ","2026-09-04T02:15:00Z","2026-09-04T03:00:00Z","true","APPROVED","DEMO","SYNTHETIC","10"
"SIM-S0151-Q-Viscosity","SIM-S0151","SIM-S0151-S","Viscosity","1.7165","mPa.s","SIM-M-Viscosity","SIM-Q02","1.2","2.2","EQ","2026-09-04T02:15:00Z","2026-09-04T03:00:00Z","true","APPROVED","DEMO","SYNTHETIC","1.7"
"SIM-S0151-Q-D50","SIM-S0151","SIM-S0151-S","D50","88.5266","nm","SIM-M-D50","SIM-Q02","75","105","EQ","2026-09-04T02:15:00Z","2026-09-04T03:00:00Z","true","APPROVED","DEMO","SYNTHETIC","90"
"SIM-S0151-Q-D90","SIM-S0151","SIM-S0151-S","D90","133.1193","nm","SIM-M-D90","SIM-Q02","110","180","EQ","2026-09-04T02:15:00Z","2026-09-04T03:00:00Z","true","APPROVED","DEMO","SYNTHETIC","130"
"SIM-S0151-Q-LPC_0p5","SIM-S0151","SIM-S0151-S","LPC_0p5","1129.5959","count/mL","SIM-M-LPC_0p5","SIM-Q02","","3000","EQ","2026-09-04T02:15:00Z","2026-09-04T03:00:00Z","true","APPROVED","DEMO","SYNTHETIC","1000"
"SIM-S0151-Q-LPC_1p0","SIM-S0151","SIM-S0151-S","LPC_1p0","77.1563","count/mL","SIM-M-LPC_1p0","SIM-Q02","","600","EQ","2026-09-04T02:15:00Z","2026-09-04T03:00:00Z","true","APPROVED","DEMO","SYNTHETIC","80"
"SIM-S0151-Q-Zeta","SIM-S0151","SIM-S0151-S","Zeta","-41.9444","mV","SIM-M-Zeta","SIM-Q02","-50","-30","EQ","2026-09-04T02:15:00Z","2026-09-04T03:00:00Z","true","APPROVED","DEMO","SYNTHETIC","-40"
"SIM-S0151-Q-Fe","SIM-S0151","SIM-S0151-S","Fe","0.3295","ug/kg","SIM-M-Fe","SIM-Q02","","1","EQ","2026-09-04T02:15:00Z","2026-09-04T03:00:00Z","true","APPROVED","DEMO","SYNTHETIC","0.3"
"SIM-S0152-Q-pH","SIM-S0152","SIM-S0152-S","pH","9.9777","pH","SIM-M-pH","SIM-Q02","9.5","10.5","EQ","2026-09-04T02:15:00Z","2026-09-04T03:00:00Z","true","APPROVED","DEMO","SYNTHETIC","10"
"SIM-S0152-Q-Solids","SIM-S0152","SIM-S0152-S","Solids","9.9557","wt%","SIM-M-Solids","SIM-Q02","9.5","10.5","EQ","2026-09-04T02:15:00Z","2026-09-04T03:00:00Z","true","APPROVED","DEMO","SYNTHETIC","10"
"SIM-S0152-Q-Viscosity","SIM-S0152","SIM-S0152-S","Viscosity","1.6547","mPa.s","SIM-M-Viscosity","SIM-Q02","1.2","2.2","EQ","2026-09-04T02:15:00Z","2026-09-04T03:00:00Z","true","APPROVED","DEMO","SYNTHETIC","1.7"
"SIM-S0152-Q-D50","SIM-S0152","SIM-S0152-S","D50","92.6363","nm","SIM-M-D50","SIM-Q02","75","105","EQ","2026-09-04T02:15:00Z","2026-09-04T03:00:00Z","true","APPROVED","DEMO","SYNTHETIC","90"
"SIM-S0152-Q-D90","SIM-S0152","SIM-S0152-S","D90","130.5626","nm","SIM-M-D90","SIM-Q02","110","180","EQ","2026-09-04T02:15:00Z","2026-09-04T03:00:00Z","true","APPROVED","DEMO","SYNTHETIC","130"
"SIM-S0152-Q-LPC_0p5","SIM-S0152","SIM-S0152-S","LPC_0p5","840.9529","count/mL","SIM-M-LPC_0p5","SIM-Q02","","3000","EQ","2026-09-04T02:15:00Z","2026-09-04T03:00:00Z","true","APPROVED","DEMO","SYNTHETIC","1000"
"SIM-S0152-Q-LPC_1p0","SIM-S0152","SIM-S0152-S","LPC_1p0","87.8073","count/mL","SIM-M-LPC_1p0","SIM-Q02","","600","EQ","2026-09-04T02:15:00Z","2026-09-04T03:00:00Z","true","APPROVED","DEMO","SYNTHETIC","80"
"SIM-S0152-Q-Zeta","SIM-S0152","SIM-S0152-S","Zeta","-40.2807","mV","SIM-M-Zeta","SIM-Q02","-50","-30","EQ","2026-09-04T02:15:00Z","2026-09-04T03:00:00Z","true","APPROVED","DEMO","SYNTHETIC","-40"
"SIM-S0152-Q-Fe","SIM-S0152","SIM-S0152-S","Fe","0.3","ug/kg","SIM-M-Fe","SIM-Q02","","1","EQ","2026-09-04T02:15:00Z","2026-09-04T03:00:00Z","true","APPROVED","DEMO","SYNTHETIC","0.3"
"SIM-S0153-Q-pH","SIM-S0153","SIM-S0153-S","pH","9.8845","pH","SIM-M-pH","SIM-Q02","9.5","10.5","EQ","2026-09-04T02:15:00Z","2026-09-04T03:00:00Z","true","APPROVED","DEMO","SYNTHETIC","10"
"SIM-S0153-Q-Solids","SIM-S0153","SIM-S0153-S","Solids","10.0071","wt%","SIM-M-Solids","SIM-Q02","9.5","10.5","EQ","2026-09-04T02:15:00Z","2026-09-04T03:00:00Z","true","APPROVED","DEMO","SYNTHETIC","10"
"SIM-S0153-Q-Viscosity","SIM-S0153","SIM-S0153-S","Viscosity","1.7255","mPa.s","SIM-M-Viscosity","SIM-Q02","1.2","2.2","EQ","2026-09-04T02:15:00Z","2026-09-04T03:00:00Z","true","APPROVED","DEMO","SYNTHETIC","1.7"
"SIM-S0153-Q-D50","SIM-S0153","SIM-S0153-S","D50","88.5828","nm","SIM-M-D50","SIM-Q02","75","105","EQ","2026-09-04T02:15:00Z","2026-09-04T03:00:00Z","true","APPROVED","DEMO","SYNTHETIC","90"
"SIM-S0153-Q-D90","SIM-S0153","SIM-S0153-S","D90","124.2318","nm","SIM-M-D90","SIM-Q02","110","180","EQ","2026-09-04T02:15:00Z","2026-09-04T03:00:00Z","true","APPROVED","DEMO","SYNTHETIC","130"
"SIM-S0153-Q-LPC_0p5","SIM-S0153","SIM-S0153-S","LPC_0p5","980.609","count/mL","SIM-M-LPC_0p5","SIM-Q02","","3000","EQ","2026-09-04T02:15:00Z","2026-09-04T03:00:00Z","true","APPROVED","DEMO","SYNTHETIC","1000"
"SIM-S0153-Q-LPC_1p0","SIM-S0153","SIM-S0153-S","LPC_1p0","84.786","count/mL","SIM-M-LPC_1p0","SIM-Q02","","600","EQ","2026-09-04T02:15:00Z","2026-09-04T03:00:00Z","true","APPROVED","DEMO","SYNTHETIC","80"
"SIM-S0153-Q-Zeta","SIM-S0153","SIM-S0153-S","Zeta","-39.4717","mV","SIM-M-Zeta","SIM-Q02","-50","-30","EQ","2026-09-04T02:15:00Z","2026-09-04T03:00:00Z","true","APPROVED","DEMO","SYNTHETIC","-40"
"SIM-S0153-Q-Fe","SIM-S0153","SIM-S0153-S","Fe","0.3106","ug/kg","SIM-M-Fe","SIM-Q02","","1","EQ","2026-09-04T02:15:00Z","2026-09-04T03:00:00Z","true","APPROVED","DEMO","SYNTHETIC","0.3"
"SIM-S0154-Q-pH","SIM-S0154","SIM-S0154-S","pH","10.1312","pH","SIM-M-pH","SIM-Q02","9.5","10.5","EQ","2026-09-04T03:45:00Z","2026-09-04T04:30:00Z","true","APPROVED","DEMO","SYNTHETIC","10"
"SIM-S0154-Q-Solids","SIM-S0154","SIM-S0154-S","Solids","10.0358","wt%","SIM-M-Solids","SIM-Q02","9.5","10.5","EQ","2026-09-04T03:45:00Z","2026-09-04T04:30:00Z","true","APPROVED","DEMO","SYNTHETIC","10"
"SIM-S0154-Q-Viscosity","SIM-S0154","SIM-S0154-S","Viscosity","1.69","mPa.s","SIM-M-Viscosity","SIM-Q02","1.2","2.2","EQ","2026-09-04T03:45:00Z","2026-09-04T04:30:00Z","true","APPROVED","DEMO","SYNTHETIC","1.7"
"SIM-S0154-Q-D50","SIM-S0154","SIM-S0154-S","D50","87.8489","nm","SIM-M-D50","SIM-Q02","75","105","EQ","2026-09-04T03:45:00Z","2026-09-04T04:30:00Z","true","APPROVED","DEMO","SYNTHETIC","90"
"SIM-S0154-Q-D90","SIM-S0154","SIM-S0154-S","D90","132.4358","nm","SIM-M-D90","SIM-Q02","110","180","EQ","2026-09-04T03:45:00Z","2026-09-04T04:30:00Z","true","APPROVED","DEMO","SYNTHETIC","130"
"SIM-S0154-Q-LPC_0p5","SIM-S0154","SIM-S0154-S","LPC_0p5","764.3642","count/mL","SIM-M-LPC_0p5","SIM-Q02","","3000","EQ","2026-09-04T03:45:00Z","2026-09-04T04:30:00Z","true","APPROVED","DEMO","SYNTHETIC","1000"
"SIM-S0154-Q-LPC_1p0","SIM-S0154","SIM-S0154-S","LPC_1p0","84.5228","count/mL","SIM-M-LPC_1p0","SIM-Q02","","600","EQ","2026-09-04T03:45:00Z","2026-09-04T04:30:00Z","true","APPROVED","DEMO","SYNTHETIC","80"
"SIM-S0154-Q-Zeta","SIM-S0154","SIM-S0154-S","Zeta","-40.4373","mV","SIM-M-Zeta","SIM-Q02","-50","-30","EQ","2026-09-04T03:45:00Z","2026-09-04T04:30:00Z","true","APPROVED","DEMO","SYNTHETIC","-40"
"SIM-S0154-Q-Fe","SIM-S0154","SIM-S0154-S","Fe","0.2495","ug/kg","SIM-M-Fe","SIM-Q02","","1","EQ","2026-09-04T03:45:00Z","2026-09-04T04:30:00Z","true","APPROVED","DEMO","SYNTHETIC","0.3"
"SIM-S0155-Q-pH","SIM-S0155","SIM-S0155-S","pH","10.0283","pH","SIM-M-pH","SIM-Q02","9.5","10.5","EQ","2026-09-04T03:45:00Z","2026-09-04T04:30:00Z","true","APPROVED","DEMO","SYNTHETIC","10"
"SIM-S0155-Q-Solids","SIM-S0155","SIM-S0155-S","Solids","9.9261","wt%","SIM-M-Solids","SIM-Q02","9.5","10.5","EQ","2026-09-04T03:45:00Z","2026-09-04T04:30:00Z","true","APPROVED","DEMO","SYNTHETIC","10"
"SIM-S0155-Q-Viscosity","SIM-S0155","SIM-S0155-S","Viscosity","1.7309","mPa.s","SIM-M-Viscosity","SIM-Q02","1.2","2.2","EQ","2026-09-04T03:45:00Z","2026-09-04T04:30:00Z","true","APPROVED","DEMO","SYNTHETIC","1.7"
"SIM-S0155-Q-D50","SIM-S0155","SIM-S0155-S","D50","89.8247","nm","SIM-M-D50","SIM-Q02","75","105","EQ","2026-09-04T03:45:00Z","2026-09-04T04:30:00Z","true","APPROVED","DEMO","SYNTHETIC","90"
"SIM-S0155-Q-D90","SIM-S0155","SIM-S0155-S","D90","129.9738","nm","SIM-M-D90","SIM-Q02","110","180","EQ","2026-09-04T03:45:00Z","2026-09-04T04:30:00Z","true","APPROVED","DEMO","SYNTHETIC","130"
"SIM-S0155-Q-LPC_0p5","SIM-S0155","SIM-S0155-S","LPC_0p5","1097.196","count/mL","SIM-M-LPC_0p5","SIM-Q02","","3000","EQ","2026-09-04T03:45:00Z","2026-09-04T04:30:00Z","true","APPROVED","DEMO","SYNTHETIC","1000"
"SIM-S0155-Q-LPC_1p0","SIM-S0155","SIM-S0155-S","LPC_1p0","67.5767","count/mL","SIM-M-LPC_1p0","SIM-Q02","","600","EQ","2026-09-04T03:45:00Z","2026-09-04T04:30:00Z","true","APPROVED","DEMO","SYNTHETIC","80"
"SIM-S0155-Q-Zeta","SIM-S0155","SIM-S0155-S","Zeta","-40.7319","mV","SIM-M-Zeta","SIM-Q02","-50","-30","EQ","2026-09-04T03:45:00Z","2026-09-04T04:30:00Z","true","APPROVED","DEMO","SYNTHETIC","-40"
"SIM-S0155-Q-Fe","SIM-S0155","SIM-S0155-S","Fe","0.2976","ug/kg","SIM-M-Fe","SIM-Q02","","1","EQ","2026-09-04T03:45:00Z","2026-09-04T04:30:00Z","true","APPROVED","DEMO","SYNTHETIC","0.3"
"SIM-S0156-Q-pH","SIM-S0156","SIM-S0156-S","pH","10.0478","pH","SIM-M-pH","SIM-Q02","9.5","10.5","EQ","2026-09-04T03:45:00Z","2026-09-04T04:30:00Z","true","APPROVED","DEMO","SYNTHETIC","10"
"SIM-S0156-Q-Solids","SIM-S0156","SIM-S0156-S","Solids","10.0057","wt%","SIM-M-Solids","SIM-Q02","9.5","10.5","EQ","2026-09-04T03:45:00Z","2026-09-04T04:30:00Z","true","APPROVED","DEMO","SYNTHETIC","10"
"SIM-S0156-Q-Viscosity","SIM-S0156","SIM-S0156-S","Viscosity","1.6837","mPa.s","SIM-M-Viscosity","SIM-Q02","1.2","2.2","EQ","2026-09-04T03:45:00Z","2026-09-04T04:30:00Z","true","APPROVED","DEMO","SYNTHETIC","1.7"
"SIM-S0156-Q-D50","SIM-S0156","SIM-S0156-S","D50","91.4623","nm","SIM-M-D50","SIM-Q02","75","105","EQ","2026-09-04T03:45:00Z","2026-09-04T04:30:00Z","true","APPROVED","DEMO","SYNTHETIC","90"
"SIM-S0156-Q-D90","SIM-S0156","SIM-S0156-S","D90","133.767","nm","SIM-M-D90","SIM-Q02","110","180","EQ","2026-09-04T03:45:00Z","2026-09-04T04:30:00Z","true","APPROVED","DEMO","SYNTHETIC","130"
"SIM-S0156-Q-LPC_0p5","SIM-S0156","SIM-S0156-S","LPC_0p5","1185.2358","count/mL","SIM-M-LPC_0p5","SIM-Q02","","3000","EQ","2026-09-04T03:45:00Z","2026-09-04T04:30:00Z","true","APPROVED","DEMO","SYNTHETIC","1000"
"SIM-S0156-Q-LPC_1p0","SIM-S0156","SIM-S0156-S","LPC_1p0","61.6626","count/mL","SIM-M-LPC_1p0","SIM-Q02","","600","EQ","2026-09-04T03:45:00Z","2026-09-04T04:30:00Z","true","APPROVED","DEMO","SYNTHETIC","80"
"SIM-S0156-Q-Zeta","SIM-S0156","SIM-S0156-S","Zeta","-39.9822","mV","SIM-M-Zeta","SIM-Q02","-50","-30","EQ","2026-09-04T03:45:00Z","2026-09-04T04:30:00Z","true","APPROVED","DEMO","SYNTHETIC","-40"
"SIM-S0156-Q-Fe","SIM-S0156","SIM-S0156-S","Fe","0.3375","ug/kg","SIM-M-Fe","SIM-Q02","","1","EQ","2026-09-04T03:45:00Z","2026-09-04T04:30:00Z","true","APPROVED","DEMO","SYNTHETIC","0.3"
"SIM-S0157-Q-pH","SIM-S0157","SIM-S0157-S","pH","9.9342","pH","SIM-M-pH","SIM-Q02","9.5","10.5","EQ","2026-09-04T05:15:00Z","2026-09-04T06:00:00Z","true","APPROVED","DEMO","SYNTHETIC","10"
"SIM-S0157-Q-Solids","SIM-S0157","SIM-S0157-S","Solids","9.84","wt%","SIM-M-Solids","SIM-Q02","9.5","10.5","EQ","2026-09-04T05:15:00Z","2026-09-04T06:00:00Z","true","APPROVED","DEMO","SYNTHETIC","10"
"SIM-S0157-Q-Viscosity","SIM-S0157","SIM-S0157-S","Viscosity","1.7224","mPa.s","SIM-M-Viscosity","SIM-Q02","1.2","2.2","EQ","2026-09-04T05:15:00Z","2026-09-04T06:00:00Z","true","APPROVED","DEMO","SYNTHETIC","1.7"
"SIM-S0157-Q-D50","SIM-S0157","SIM-S0157-S","D50","93.5237","nm","SIM-M-D50","SIM-Q02","75","105","EQ","2026-09-04T05:15:00Z","2026-09-04T06:00:00Z","true","APPROVED","DEMO","SYNTHETIC","90"
"SIM-S0157-Q-D90","SIM-S0157","SIM-S0157-S","D90","129.0677","nm","SIM-M-D90","SIM-Q02","110","180","EQ","2026-09-04T05:15:00Z","2026-09-04T06:00:00Z","true","APPROVED","DEMO","SYNTHETIC","130"
"SIM-S0157-Q-LPC_0p5","SIM-S0157","SIM-S0157-S","LPC_0p5","875.0664","count/mL","SIM-M-LPC_0p5","SIM-Q02","","3000","EQ","2026-09-04T05:15:00Z","2026-09-04T06:00:00Z","true","APPROVED","DEMO","SYNTHETIC","1000"
"SIM-S0157-Q-LPC_1p0","SIM-S0157","SIM-S0157-S","LPC_1p0","84.7149","count/mL","SIM-M-LPC_1p0","SIM-Q02","","600","EQ","2026-09-04T05:15:00Z","2026-09-04T06:00:00Z","true","APPROVED","DEMO","SYNTHETIC","80"
"SIM-S0157-Q-Zeta","SIM-S0157","SIM-S0157-S","Zeta","-39.8002","mV","SIM-M-Zeta","SIM-Q02","-50","-30","EQ","2026-09-04T05:15:00Z","2026-09-04T06:00:00Z","true","APPROVED","DEMO","SYNTHETIC","-40"
"SIM-S0157-Q-Fe","SIM-S0157","SIM-S0157-S","Fe","0.2305","ug/kg","SIM-M-Fe","SIM-Q02","","1","EQ","2026-09-04T05:15:00Z","2026-09-04T06:00:00Z","true","APPROVED","DEMO","SYNTHETIC","0.3"
"SIM-S0158-Q-pH","SIM-S0158","SIM-S0158-S","pH","9.959","pH","SIM-M-pH","SIM-Q02","9.5","10.5","EQ","2026-09-04T05:15:00Z","2026-09-04T06:00:00Z","true","APPROVED","DEMO","SYNTHETIC","10"
"SIM-S0158-Q-Solids","SIM-S0158","SIM-S0158-S","Solids","10.1438","wt%","SIM-M-Solids","SIM-Q02","9.5","10.5","EQ","2026-09-04T05:15:00Z","2026-09-04T06:00:00Z","true","APPROVED","DEMO","SYNTHETIC","10"
"SIM-S0158-Q-Viscosity","SIM-S0158","SIM-S0158-S","Viscosity","1.7378","mPa.s","SIM-M-Viscosity","SIM-Q02","1.2","2.2","EQ","2026-09-04T05:15:00Z","2026-09-04T06:00:00Z","true","APPROVED","DEMO","SYNTHETIC","1.7"
"SIM-S0158-Q-D50","SIM-S0158","SIM-S0158-S","D50","90.797","nm","SIM-M-D50","SIM-Q02","75","105","EQ","2026-09-04T05:15:00Z","2026-09-04T06:00:00Z","true","APPROVED","DEMO","SYNTHETIC","90"
"SIM-S0158-Q-D90","SIM-S0158","SIM-S0158-S","D90","132.5935","nm","SIM-M-D90","SIM-Q02","110","180","EQ","2026-09-04T05:15:00Z","2026-09-04T06:00:00Z","true","APPROVED","DEMO","SYNTHETIC","130"
"SIM-S0158-Q-LPC_0p5","SIM-S0158","SIM-S0158-S","LPC_0p5","886.3322","count/mL","SIM-M-LPC_0p5","SIM-Q02","","3000","EQ","2026-09-04T05:15:00Z","2026-09-04T06:00:00Z","true","APPROVED","DEMO","SYNTHETIC","1000"
"SIM-S0158-Q-LPC_1p0","SIM-S0158","SIM-S0158-S","LPC_1p0","87.1332","count/mL","SIM-M-LPC_1p0","SIM-Q02","","600","EQ","2026-09-04T05:15:00Z","2026-09-04T06:00:00Z","true","APPROVED","DEMO","SYNTHETIC","80"
"SIM-S0158-Q-Zeta","SIM-S0158","SIM-S0158-S","Zeta","-38.4787","mV","SIM-M-Zeta","SIM-Q02","-50","-30","EQ","2026-09-04T05:15:00Z","2026-09-04T06:00:00Z","true","APPROVED","DEMO","SYNTHETIC","-40"
"SIM-S0158-Q-Fe","SIM-S0158","SIM-S0158-S","Fe","0.3414","ug/kg","SIM-M-Fe","SIM-Q02","","1","EQ","2026-09-04T05:15:00Z","2026-09-04T06:00:00Z","true","APPROVED","DEMO","SYNTHETIC","0.3"
"SIM-S0159-Q-pH","SIM-S0159","SIM-S0159-S","pH","9.8864","pH","SIM-M-pH","SIM-Q02","9.5","10.5","EQ","2026-09-04T05:15:00Z","2026-09-04T06:00:00Z","true","APPROVED","DEMO","SYNTHETIC","10"
"SIM-S0159-Q-Solids","SIM-S0159","SIM-S0159-S","Solids","9.9866","wt%","SIM-M-Solids","SIM-Q02","9.5","10.5","EQ","2026-09-04T05:15:00Z","2026-09-04T06:00:00Z","true","APPROVED","DEMO","SYNTHETIC","10"
"SIM-S0159-Q-Viscosity","SIM-S0159","SIM-S0159-S","Viscosity","1.7644","mPa.s","SIM-M-Viscosity","SIM-Q02","1.2","2.2","EQ","2026-09-04T05:15:00Z","2026-09-04T06:00:00Z","true","APPROVED","DEMO","SYNTHETIC","1.7"
"SIM-S0159-Q-D50","SIM-S0159","SIM-S0159-S","D50","90.7456","nm","SIM-M-D50","SIM-Q02","75","105","EQ","2026-09-04T05:15:00Z","2026-09-04T06:00:00Z","true","APPROVED","DEMO","SYNTHETIC","90"
"SIM-S0159-Q-D90","SIM-S0159","SIM-S0159-S","D90","127.1016","nm","SIM-M-D90","SIM-Q02","110","180","EQ","2026-09-04T05:15:00Z","2026-09-04T06:00:00Z","true","APPROVED","DEMO","SYNTHETIC","130"
"SIM-S0159-Q-LPC_0p5","SIM-S0159","SIM-S0159-S","LPC_0p5","927.0181","count/mL","SIM-M-LPC_0p5","SIM-Q02","","3000","EQ","2026-09-04T05:15:00Z","2026-09-04T06:00:00Z","true","APPROVED","DEMO","SYNTHETIC","1000"
"SIM-S0159-Q-LPC_1p0","SIM-S0159","SIM-S0159-S","LPC_1p0","90.5687","count/mL","SIM-M-LPC_1p0","SIM-Q02","","600","EQ","2026-09-04T05:15:00Z","2026-09-04T06:00:00Z","true","APPROVED","DEMO","SYNTHETIC","80"
"SIM-S0159-Q-Zeta","SIM-S0159","SIM-S0159-S","Zeta","-40.9388","mV","SIM-M-Zeta","SIM-Q02","-50","-30","EQ","2026-09-04T05:15:00Z","2026-09-04T06:00:00Z","true","APPROVED","DEMO","SYNTHETIC","-40"
"SIM-S0159-Q-Fe","SIM-S0159","SIM-S0159-S","Fe","0.2911","ug/kg","SIM-M-Fe","SIM-Q02","","1","EQ","2026-09-04T05:15:00Z","2026-09-04T06:00:00Z","true","APPROVED","DEMO","SYNTHETIC","0.3"
"SIM-S0160-Q-pH","SIM-S0160","SIM-S0160-S","pH","10.1036","pH","SIM-M-pH","SIM-Q02","9.5","10.5","EQ","2026-09-04T06:45:00Z","2026-09-04T07:30:00Z","true","APPROVED","DEMO","SYNTHETIC","10"
"SIM-S0160-Q-Solids","SIM-S0160","SIM-S0160-S","Solids","10.0964","wt%","SIM-M-Solids","SIM-Q02","9.5","10.5","EQ","2026-09-04T06:45:00Z","2026-09-04T07:30:00Z","true","APPROVED","DEMO","SYNTHETIC","10"
"SIM-S0160-Q-Viscosity","SIM-S0160","SIM-S0160-S","Viscosity","1.6278","mPa.s","SIM-M-Viscosity","SIM-Q02","1.2","2.2","EQ","2026-09-04T06:45:00Z","2026-09-04T07:30:00Z","true","APPROVED","DEMO","SYNTHETIC","1.7"
"SIM-S0160-Q-D50","SIM-S0160","SIM-S0160-S","D50","89.5719","nm","SIM-M-D50","SIM-Q02","75","105","EQ","2026-09-04T06:45:00Z","2026-09-04T07:30:00Z","true","APPROVED","DEMO","SYNTHETIC","90"
"SIM-S0160-Q-D90","SIM-S0160","SIM-S0160-S","D90","134.1547","nm","SIM-M-D90","SIM-Q02","110","180","EQ","2026-09-04T06:45:00Z","2026-09-04T07:30:00Z","true","APPROVED","DEMO","SYNTHETIC","130"
"SIM-S0160-Q-LPC_0p5","SIM-S0160","SIM-S0160-S","LPC_0p5","1157.6124","count/mL","SIM-M-LPC_0p5","SIM-Q02","","3000","EQ","2026-09-04T06:45:00Z","2026-09-04T07:30:00Z","true","APPROVED","DEMO","SYNTHETIC","1000"
"SIM-S0160-Q-LPC_1p0","SIM-S0160","SIM-S0160-S","LPC_1p0","90.7319","count/mL","SIM-M-LPC_1p0","SIM-Q02","","600","EQ","2026-09-04T06:45:00Z","2026-09-04T07:30:00Z","true","APPROVED","DEMO","SYNTHETIC","80"
"SIM-S0160-Q-Zeta","SIM-S0160","SIM-S0160-S","Zeta","-38.6327","mV","SIM-M-Zeta","SIM-Q02","-50","-30","EQ","2026-09-04T06:45:00Z","2026-09-04T07:30:00Z","true","APPROVED","DEMO","SYNTHETIC","-40"
"SIM-S0160-Q-Fe","SIM-S0160","SIM-S0160-S","Fe","0.3162","ug/kg","SIM-M-Fe","SIM-Q02","","1","EQ","2026-09-04T06:45:00Z","2026-09-04T07:30:00Z","true","APPROVED","DEMO","SYNTHETIC","0.3"
"SIM-S0161-Q-pH","SIM-S0161","SIM-S0161-S","pH","9.8641","pH","SIM-M-pH","SIM-Q02","9.5","10.5","EQ","2026-09-04T06:45:00Z","2026-09-04T07:30:00Z","true","APPROVED","DEMO","SYNTHETIC","10"
"SIM-S0161-Q-Solids","SIM-S0161","SIM-S0161-S","Solids","9.9696","wt%","SIM-M-Solids","SIM-Q02","9.5","10.5","EQ","2026-09-04T06:45:00Z","2026-09-04T07:30:00Z","true","APPROVED","DEMO","SYNTHETIC","10"
"SIM-S0161-Q-Viscosity","SIM-S0161","SIM-S0161-S","Viscosity","1.7725","mPa.s","SIM-M-Viscosity","SIM-Q02","1.2","2.2","EQ","2026-09-04T06:45:00Z","2026-09-04T07:30:00Z","true","APPROVED","DEMO","SYNTHETIC","1.7"
"SIM-S0161-Q-D50","SIM-S0161","SIM-S0161-S","D50","90.1371","nm","SIM-M-D50","SIM-Q02","75","105","EQ","2026-09-04T06:45:00Z","2026-09-04T07:30:00Z","true","APPROVED","DEMO","SYNTHETIC","90"
"SIM-S0161-Q-D90","SIM-S0161","SIM-S0161-S","D90","118.8732","nm","SIM-M-D90","SIM-Q02","110","180","EQ","2026-09-04T06:45:00Z","2026-09-04T07:30:00Z","true","APPROVED","DEMO","SYNTHETIC","130"
"SIM-S0161-Q-LPC_0p5","SIM-S0161","SIM-S0161-S","LPC_0p5","1066.809","count/mL","SIM-M-LPC_0p5","SIM-Q02","","3000","EQ","2026-09-04T06:45:00Z","2026-09-04T07:30:00Z","true","APPROVED","DEMO","SYNTHETIC","1000"
"SIM-S0161-Q-LPC_1p0","SIM-S0161","SIM-S0161-S","LPC_1p0","80.199","count/mL","SIM-M-LPC_1p0","SIM-Q02","","600","EQ","2026-09-04T06:45:00Z","2026-09-04T07:30:00Z","true","APPROVED","DEMO","SYNTHETIC","80"
"SIM-S0161-Q-Zeta","SIM-S0161","SIM-S0161-S","Zeta","-41.0954","mV","SIM-M-Zeta","SIM-Q02","-50","-30","EQ","2026-09-04T06:45:00Z","2026-09-04T07:30:00Z","true","APPROVED","DEMO","SYNTHETIC","-40"
"SIM-S0161-Q-Fe","SIM-S0161","SIM-S0161-S","Fe","0.3399","ug/kg","SIM-M-Fe","SIM-Q02","","1","EQ","2026-09-04T06:45:00Z","2026-09-04T07:30:00Z","true","APPROVED","DEMO","SYNTHETIC","0.3"
"SIM-S0162-Q-pH","SIM-S0162","SIM-S0162-S","pH","10.0873","pH","SIM-M-pH","SIM-Q02","9.5","10.5","EQ","2026-09-04T06:45:00Z","2026-09-04T07:30:00Z","true","APPROVED","DEMO","SYNTHETIC","10"
"SIM-S0162-Q-Solids","SIM-S0162","SIM-S0162-S","Solids","9.9388","wt%","SIM-M-Solids","SIM-Q02","9.5","10.5","EQ","2026-09-04T06:45:00Z","2026-09-04T07:30:00Z","true","APPROVED","DEMO","SYNTHETIC","10"
"SIM-S0162-Q-Viscosity","SIM-S0162","SIM-S0162-S","Viscosity","1.7582","mPa.s","SIM-M-Viscosity","SIM-Q02","1.2","2.2","EQ","2026-09-04T06:45:00Z","2026-09-04T07:30:00Z","true","APPROVED","DEMO","SYNTHETIC","1.7"
"SIM-S0162-Q-D50","SIM-S0162","SIM-S0162-S","D50","88.577","nm","SIM-M-D50","SIM-Q02","75","105","EQ","2026-09-04T06:45:00Z","2026-09-04T07:30:00Z","true","APPROVED","DEMO","SYNTHETIC","90"
"SIM-S0162-Q-D90","SIM-S0162","SIM-S0162-S","D90","125.6748","nm","SIM-M-D90","SIM-Q02","110","180","EQ","2026-09-04T06:45:00Z","2026-09-04T07:30:00Z","true","APPROVED","DEMO","SYNTHETIC","130"
"SIM-S0162-Q-LPC_0p5","SIM-S0162","SIM-S0162-S","LPC_0p5","1161.8611","count/mL","SIM-M-LPC_0p5","SIM-Q02","","3000","EQ","2026-09-04T06:45:00Z","2026-09-04T07:30:00Z","true","APPROVED","DEMO","SYNTHETIC","1000"
"SIM-S0162-Q-LPC_1p0","SIM-S0162","SIM-S0162-S","LPC_1p0","77.1854","count/mL","SIM-M-LPC_1p0","SIM-Q02","","600","EQ","2026-09-04T06:45:00Z","2026-09-04T07:30:00Z","true","APPROVED","DEMO","SYNTHETIC","80"
"SIM-S0162-Q-Zeta","SIM-S0162","SIM-S0162-S","Zeta","-38.4397","mV","SIM-M-Zeta","SIM-Q02","-50","-30","EQ","2026-09-04T06:45:00Z","2026-09-04T07:30:00Z","true","APPROVED","DEMO","SYNTHETIC","-40"
"SIM-S0162-Q-Fe","SIM-S0162","SIM-S0162-S","Fe","0.2695","ug/kg","SIM-M-Fe","SIM-Q02","","1","EQ","2026-09-04T06:45:00Z","2026-09-04T07:30:00Z","true","APPROVED","DEMO","SYNTHETIC","0.3"
"SIM-S0163-Q-pH","SIM-S0163","SIM-S0163-S","pH","9.9874","pH","SIM-M-pH","SIM-Q02","9.5","10.5","EQ","2026-09-04T08:15:00Z","2026-09-04T09:00:00Z","true","APPROVED","DEMO","SYNTHETIC","10"
"SIM-S0163-Q-Solids","SIM-S0163","SIM-S0163-S","Solids","10.0563","wt%","SIM-M-Solids","SIM-Q02","9.5","10.5","EQ","2026-09-04T08:15:00Z","2026-09-04T09:00:00Z","true","APPROVED","DEMO","SYNTHETIC","10"
"SIM-S0163-Q-Viscosity","SIM-S0163","SIM-S0163-S","Viscosity","1.6203","mPa.s","SIM-M-Viscosity","SIM-Q02","1.2","2.2","EQ","2026-09-04T08:15:00Z","2026-09-04T09:00:00Z","true","APPROVED","DEMO","SYNTHETIC","1.7"
"SIM-S0163-Q-D50","SIM-S0163","SIM-S0163-S","D50","88.3602","nm","SIM-M-D50","SIM-Q02","75","105","EQ","2026-09-04T08:15:00Z","2026-09-04T09:00:00Z","true","APPROVED","DEMO","SYNTHETIC","90"
"SIM-S0163-Q-D90","SIM-S0163","SIM-S0163-S","D90","131.337","nm","SIM-M-D90","SIM-Q02","110","180","EQ","2026-09-04T08:15:00Z","2026-09-04T09:00:00Z","true","APPROVED","DEMO","SYNTHETIC","130"
"SIM-S0163-Q-LPC_0p5","SIM-S0163","SIM-S0163-S","LPC_0p5","796.2361","count/mL","SIM-M-LPC_0p5","SIM-Q02","","3000","EQ","2026-09-04T08:15:00Z","2026-09-04T09:00:00Z","true","APPROVED","DEMO","SYNTHETIC","1000"
"SIM-S0163-Q-LPC_1p0","SIM-S0163","SIM-S0163-S","LPC_1p0","72.8027","count/mL","SIM-M-LPC_1p0","SIM-Q02","","600","EQ","2026-09-04T08:15:00Z","2026-09-04T09:00:00Z","true","APPROVED","DEMO","SYNTHETIC","80"
"SIM-S0163-Q-Zeta","SIM-S0163","SIM-S0163-S","Zeta","-39.9482","mV","SIM-M-Zeta","SIM-Q02","-50","-30","EQ","2026-09-04T08:15:00Z","2026-09-04T09:00:00Z","true","APPROVED","DEMO","SYNTHETIC","-40"
"SIM-S0163-Q-Fe","SIM-S0163","SIM-S0163-S","Fe","0.2896","ug/kg","SIM-M-Fe","SIM-Q02","","1","EQ","2026-09-04T08:15:00Z","2026-09-04T09:00:00Z","true","APPROVED","DEMO","SYNTHETIC","0.3"
"SIM-S0164-Q-pH","SIM-S0164","SIM-S0164-S","pH","9.8917","pH","SIM-M-pH","SIM-Q02","9.5","10.5","EQ","2026-09-04T08:15:00Z","2026-09-04T09:00:00Z","true","APPROVED","DEMO","SYNTHETIC","10"
"SIM-S0164-Q-Solids","SIM-S0164","SIM-S0164-S","Solids","9.9308","wt%","SIM-M-Solids","SIM-Q02","9.5","10.5","EQ","2026-09-04T08:15:00Z","2026-09-04T09:00:00Z","true","APPROVED","DEMO","SYNTHETIC","10"
"SIM-S0164-Q-Viscosity","SIM-S0164","SIM-S0164-S","Viscosity","1.6868","mPa.s","SIM-M-Viscosity","SIM-Q02","1.2","2.2","EQ","2026-09-04T08:15:00Z","2026-09-04T09:00:00Z","true","APPROVED","DEMO","SYNTHETIC","1.7"
"SIM-S0164-Q-D50","SIM-S0164","SIM-S0164-S","D50","85.3813","nm","SIM-M-D50","SIM-Q02","75","105","EQ","2026-09-04T08:15:00Z","2026-09-04T09:00:00Z","true","APPROVED","DEMO","SYNTHETIC","90"
"SIM-S0164-Q-D90","SIM-S0164","SIM-S0164-S","D90","122.6321","nm","SIM-M-D90","SIM-Q02","110","180","EQ","2026-09-04T08:15:00Z","2026-09-04T09:00:00Z","true","APPROVED","DEMO","SYNTHETIC","130"
"SIM-S0164-Q-LPC_0p5","SIM-S0164","SIM-S0164-S","LPC_0p5","962.3853","count/mL","SIM-M-LPC_0p5","SIM-Q02","","3000","EQ","2026-09-04T08:15:00Z","2026-09-04T09:00:00Z","true","APPROVED","DEMO","SYNTHETIC","1000"
"SIM-S0164-Q-LPC_1p0","SIM-S0164","SIM-S0164-S","LPC_1p0","86.8082","count/mL","SIM-M-LPC_1p0","SIM-Q02","","600","EQ","2026-09-04T08:15:00Z","2026-09-04T09:00:00Z","true","APPROVED","DEMO","SYNTHETIC","80"
"SIM-S0164-Q-Zeta","SIM-S0164","SIM-S0164-S","Zeta","-40.3286","mV","SIM-M-Zeta","SIM-Q02","-50","-30","EQ","2026-09-04T08:15:00Z","2026-09-04T09:00:00Z","true","APPROVED","DEMO","SYNTHETIC","-40"
"SIM-S0164-Q-Fe","SIM-S0164","SIM-S0164-S","Fe","0.2854","ug/kg","SIM-M-Fe","SIM-Q02","","1","EQ","2026-09-04T08:15:00Z","2026-09-04T09:00:00Z","true","APPROVED","DEMO","SYNTHETIC","0.3"
"SIM-S0165-Q-pH","SIM-S0165","SIM-S0165-S","pH","10.0384","pH","SIM-M-pH","SIM-Q02","9.5","10.5","EQ","2026-09-04T08:15:00Z","2026-09-04T09:00:00Z","true","APPROVED","DEMO","SYNTHETIC","10"
"SIM-S0165-Q-Solids","SIM-S0165","SIM-S0165-S","Solids","10.0028","wt%","SIM-M-Solids","SIM-Q02","9.5","10.5","EQ","2026-09-04T08:15:00Z","2026-09-04T09:00:00Z","true","APPROVED","DEMO","SYNTHETIC","10"
"SIM-S0165-Q-Viscosity","SIM-S0165","SIM-S0165-S","Viscosity","1.7511","mPa.s","SIM-M-Viscosity","SIM-Q02","1.2","2.2","EQ","2026-09-04T08:15:00Z","2026-09-04T09:00:00Z","true","APPROVED","DEMO","SYNTHETIC","1.7"
"SIM-S0165-Q-D50","SIM-S0165","SIM-S0165-S","D50","86.3928","nm","SIM-M-D50","SIM-Q02","75","105","EQ","2026-09-04T08:15:00Z","2026-09-04T09:00:00Z","true","APPROVED","DEMO","SYNTHETIC","90"
"SIM-S0165-Q-D90","SIM-S0165","SIM-S0165-S","D90","126.5068","nm","SIM-M-D90","SIM-Q02","110","180","EQ","2026-09-04T08:15:00Z","2026-09-04T09:00:00Z","true","APPROVED","DEMO","SYNTHETIC","130"
"SIM-S0165-Q-LPC_0p5","SIM-S0165","SIM-S0165-S","LPC_0p5","1099.6841","count/mL","SIM-M-LPC_0p5","SIM-Q02","","3000","EQ","2026-09-04T08:15:00Z","2026-09-04T09:00:00Z","true","APPROVED","DEMO","SYNTHETIC","1000"
"SIM-S0165-Q-LPC_1p0","SIM-S0165","SIM-S0165-S","LPC_1p0","83.9136","count/mL","SIM-M-LPC_1p0","SIM-Q02","","600","EQ","2026-09-04T08:15:00Z","2026-09-04T09:00:00Z","true","APPROVED","DEMO","SYNTHETIC","80"
"SIM-S0165-Q-Zeta","SIM-S0165","SIM-S0165-S","Zeta","-40.9759","mV","SIM-M-Zeta","SIM-Q02","-50","-30","EQ","2026-09-04T08:15:00Z","2026-09-04T09:00:00Z","true","APPROVED","DEMO","SYNTHETIC","-40"
"SIM-S0165-Q-Fe","SIM-S0165","SIM-S0165-S","Fe","0.3201","ug/kg","SIM-M-Fe","SIM-Q02","","1","EQ","2026-09-04T08:15:00Z","2026-09-04T09:00:00Z","true","APPROVED","DEMO","SYNTHETIC","0.3"
"SIM-S0166-Q-pH","SIM-S0166","SIM-S0166-S","pH","10.0508","pH","SIM-M-pH","SIM-Q02","9.5","10.5","EQ","2026-09-04T09:45:00Z","2026-09-04T10:30:00Z","true","APPROVED","DEMO","SYNTHETIC","10"
"SIM-S0166-Q-Solids","SIM-S0166","SIM-S0166-S","Solids","10.0853","wt%","SIM-M-Solids","SIM-Q02","9.5","10.5","EQ","2026-09-04T09:45:00Z","2026-09-04T10:30:00Z","true","APPROVED","DEMO","SYNTHETIC","10"
"SIM-S0166-Q-Viscosity","SIM-S0166","SIM-S0166-S","Viscosity","1.6519","mPa.s","SIM-M-Viscosity","SIM-Q02","1.2","2.2","EQ","2026-09-04T09:45:00Z","2026-09-04T10:30:00Z","true","APPROVED","DEMO","SYNTHETIC","1.7"
"SIM-S0166-Q-D50","SIM-S0166","SIM-S0166-S","D50","88.9921","nm","SIM-M-D50","SIM-Q02","75","105","EQ","2026-09-04T09:45:00Z","2026-09-04T10:30:00Z","true","APPROVED","DEMO","SYNTHETIC","90"
"SIM-S0166-Q-D90","SIM-S0166","SIM-S0166-S","D90","133.1296","nm","SIM-M-D90","SIM-Q02","110","180","EQ","2026-09-04T09:45:00Z","2026-09-04T10:30:00Z","true","APPROVED","DEMO","SYNTHETIC","130"
"SIM-S0166-Q-LPC_0p5","SIM-S0166","SIM-S0166-S","LPC_0p5","1105.2742","count/mL","SIM-M-LPC_0p5","SIM-Q02","","3000","EQ","2026-09-04T09:45:00Z","2026-09-04T10:30:00Z","true","APPROVED","DEMO","SYNTHETIC","1000"
"SIM-S0166-Q-LPC_1p0","SIM-S0166","SIM-S0166-S","LPC_1p0","79.9708","count/mL","SIM-M-LPC_1p0","SIM-Q02","","600","EQ","2026-09-04T09:45:00Z","2026-09-04T10:30:00Z","true","APPROVED","DEMO","SYNTHETIC","80"
"SIM-S0166-Q-Zeta","SIM-S0166","SIM-S0166-S","Zeta","-38.6588","mV","SIM-M-Zeta","SIM-Q02","-50","-30","EQ","2026-09-04T09:45:00Z","2026-09-04T10:30:00Z","true","APPROVED","DEMO","SYNTHETIC","-40"
"SIM-S0166-Q-Fe","SIM-S0166","SIM-S0166-S","Fe","0.2423","ug/kg","SIM-M-Fe","SIM-Q02","","1","EQ","2026-09-04T09:45:00Z","2026-09-04T10:30:00Z","true","APPROVED","DEMO","SYNTHETIC","0.3"
"SIM-S0167-Q-pH","SIM-S0167","SIM-S0167-S","pH","10.1185","pH","SIM-M-pH","SIM-Q02","9.5","10.5","EQ","2026-09-04T09:45:00Z","2026-09-04T10:30:00Z","true","APPROVED","DEMO","SYNTHETIC","10"
"SIM-S0167-Q-Solids","SIM-S0167","SIM-S0167-S","Solids","10.0842","wt%","SIM-M-Solids","SIM-Q02","9.5","10.5","EQ","2026-09-04T09:45:00Z","2026-09-04T10:30:00Z","true","APPROVED","DEMO","SYNTHETIC","10"
"SIM-S0167-Q-Viscosity","SIM-S0167","SIM-S0167-S","Viscosity","1.8676","mPa.s","SIM-M-Viscosity","SIM-Q02","1.2","2.2","EQ","2026-09-04T09:45:00Z","2026-09-04T10:30:00Z","true","APPROVED","DEMO","SYNTHETIC","1.7"
"SIM-S0167-Q-D50","SIM-S0167","SIM-S0167-S","D50","90.2596","nm","SIM-M-D50","SIM-Q02","75","105","EQ","2026-09-04T09:45:00Z","2026-09-04T10:30:00Z","true","APPROVED","DEMO","SYNTHETIC","90"
"SIM-S0167-Q-D90","SIM-S0167","SIM-S0167-S","D90","130.4211","nm","SIM-M-D90","SIM-Q02","110","180","EQ","2026-09-04T09:45:00Z","2026-09-04T10:30:00Z","true","APPROVED","DEMO","SYNTHETIC","130"
"SIM-S0167-Q-LPC_0p5","SIM-S0167","SIM-S0167-S","LPC_0p5","896.4415","count/mL","SIM-M-LPC_0p5","SIM-Q02","","3000","EQ","2026-09-04T09:45:00Z","2026-09-04T10:30:00Z","true","APPROVED","DEMO","SYNTHETIC","1000"
"SIM-S0167-Q-LPC_1p0","SIM-S0167","SIM-S0167-S","LPC_1p0","87.3822","count/mL","SIM-M-LPC_1p0","SIM-Q02","","600","EQ","2026-09-04T09:45:00Z","2026-09-04T10:30:00Z","true","APPROVED","DEMO","SYNTHETIC","80"
"SIM-S0167-Q-Zeta","SIM-S0167","SIM-S0167-S","Zeta","-40.7745","mV","SIM-M-Zeta","SIM-Q02","-50","-30","EQ","2026-09-04T09:45:00Z","2026-09-04T10:30:00Z","true","APPROVED","DEMO","SYNTHETIC","-40"
"SIM-S0167-Q-Fe","SIM-S0167","SIM-S0167-S","Fe","0.2531","ug/kg","SIM-M-Fe","SIM-Q02","","1","EQ","2026-09-04T09:45:00Z","2026-09-04T10:30:00Z","true","APPROVED","DEMO","SYNTHETIC","0.3"
"SIM-S0168-Q-pH","SIM-S0168","SIM-S0168-S","pH","10.0006","pH","SIM-M-pH","SIM-Q02","9.5","10.5","EQ","2026-09-04T09:45:00Z","2026-09-04T10:30:00Z","true","APPROVED","DEMO","SYNTHETIC","10"
"SIM-S0168-Q-Solids","SIM-S0168","SIM-S0168-S","Solids","9.9859","wt%","SIM-M-Solids","SIM-Q02","9.5","10.5","EQ","2026-09-04T09:45:00Z","2026-09-04T10:30:00Z","true","APPROVED","DEMO","SYNTHETIC","10"
"SIM-S0168-Q-Viscosity","SIM-S0168","SIM-S0168-S","Viscosity","1.7291","mPa.s","SIM-M-Viscosity","SIM-Q02","1.2","2.2","EQ","2026-09-04T09:45:00Z","2026-09-04T10:30:00Z","true","APPROVED","DEMO","SYNTHETIC","1.7"
"SIM-S0168-Q-D50","SIM-S0168","SIM-S0168-S","D50","91.4266","nm","SIM-M-D50","SIM-Q02","75","105","EQ","2026-09-04T09:45:00Z","2026-09-04T10:30:00Z","true","APPROVED","DEMO","SYNTHETIC","90"
"SIM-S0168-Q-D90","SIM-S0168","SIM-S0168-S","D90","126.5283","nm","SIM-M-D90","SIM-Q02","110","180","EQ","2026-09-04T09:45:00Z","2026-09-04T10:30:00Z","true","APPROVED","DEMO","SYNTHETIC","130"
"SIM-S0168-Q-LPC_0p5","SIM-S0168","SIM-S0168-S","LPC_0p5","1005.2944","count/mL","SIM-M-LPC_0p5","SIM-Q02","","3000","EQ","2026-09-04T09:45:00Z","2026-09-04T10:30:00Z","true","APPROVED","DEMO","SYNTHETIC","1000"
"SIM-S0168-Q-LPC_1p0","SIM-S0168","SIM-S0168-S","LPC_1p0","91.2111","count/mL","SIM-M-LPC_1p0","SIM-Q02","","600","EQ","2026-09-04T09:45:00Z","2026-09-04T10:30:00Z","true","APPROVED","DEMO","SYNTHETIC","80"
"SIM-S0168-Q-Zeta","SIM-S0168","SIM-S0168-S","Zeta","-39.9505","mV","SIM-M-Zeta","SIM-Q02","-50","-30","EQ","2026-09-04T09:45:00Z","2026-09-04T10:30:00Z","true","APPROVED","DEMO","SYNTHETIC","-40"
"SIM-S0168-Q-Fe","SIM-S0168","SIM-S0168-S","Fe","0.2851","ug/kg","SIM-M-Fe","SIM-Q02","","1","EQ","2026-09-04T09:45:00Z","2026-09-04T10:30:00Z","true","APPROVED","DEMO","SYNTHETIC","0.3"
"SIM-S0169-Q-pH","SIM-S0169","SIM-S0169-S","pH","10.0025","pH","SIM-M-pH","SIM-Q02","9.5","10.5","EQ","2026-09-04T11:15:00Z","2026-09-04T12:00:00Z","true","APPROVED","DEMO","SYNTHETIC","10"
"SIM-S0169-Q-Solids","SIM-S0169","SIM-S0169-S","Solids","10.055","wt%","SIM-M-Solids","SIM-Q02","9.5","10.5","EQ","2026-09-04T11:15:00Z","2026-09-04T12:00:00Z","true","APPROVED","DEMO","SYNTHETIC","10"
"SIM-S0169-Q-Viscosity","SIM-S0169","SIM-S0169-S","Viscosity","1.695","mPa.s","SIM-M-Viscosity","SIM-Q02","1.2","2.2","EQ","2026-09-04T11:15:00Z","2026-09-04T12:00:00Z","true","APPROVED","DEMO","SYNTHETIC","1.7"
"SIM-S0169-Q-D50","SIM-S0169","SIM-S0169-S","D50","89.3599","nm","SIM-M-D50","SIM-Q02","75","105","EQ","2026-09-04T11:15:00Z","2026-09-04T12:00:00Z","true","APPROVED","DEMO","SYNTHETIC","90"
"SIM-S0169-Q-D90","SIM-S0169","SIM-S0169-S","D90","133.0478","nm","SIM-M-D90","SIM-Q02","110","180","EQ","2026-09-04T11:15:00Z","2026-09-04T12:00:00Z","true","APPROVED","DEMO","SYNTHETIC","130"
"SIM-S0169-Q-LPC_0p5","SIM-S0169","SIM-S0169-S","LPC_0p5","1111.192","count/mL","SIM-M-LPC_0p5","SIM-Q02","","3000","EQ","2026-09-04T11:15:00Z","2026-09-04T12:00:00Z","true","APPROVED","DEMO","SYNTHETIC","1000"
"SIM-S0169-Q-LPC_1p0","SIM-S0169","SIM-S0169-S","LPC_1p0","82.837","count/mL","SIM-M-LPC_1p0","SIM-Q02","","600","EQ","2026-09-04T11:15:00Z","2026-09-04T12:00:00Z","true","APPROVED","DEMO","SYNTHETIC","80"
"SIM-S0169-Q-Zeta","SIM-S0169","SIM-S0169-S","Zeta","-40.3973","mV","SIM-M-Zeta","SIM-Q02","-50","-30","EQ","2026-09-04T11:15:00Z","2026-09-04T12:00:00Z","true","APPROVED","DEMO","SYNTHETIC","-40"
"SIM-S0169-Q-Fe","SIM-S0169","SIM-S0169-S","Fe","0.3002","ug/kg","SIM-M-Fe","SIM-Q02","","1","EQ","2026-09-04T11:15:00Z","2026-09-04T12:00:00Z","true","APPROVED","DEMO","SYNTHETIC","0.3"
"SIM-S0170-Q-pH","SIM-S0170","SIM-S0170-S","pH","10.1324","pH","SIM-M-pH","SIM-Q02","9.5","10.5","EQ","2026-09-04T11:15:00Z","2026-09-04T12:00:00Z","true","APPROVED","DEMO","SYNTHETIC","10"
"SIM-S0170-Q-Solids","SIM-S0170","SIM-S0170-S","Solids","9.9369","wt%","SIM-M-Solids","SIM-Q02","9.5","10.5","EQ","2026-09-04T11:15:00Z","2026-09-04T12:00:00Z","true","APPROVED","DEMO","SYNTHETIC","10"
"SIM-S0170-Q-Viscosity","SIM-S0170","SIM-S0170-S","Viscosity","1.6254","mPa.s","SIM-M-Viscosity","SIM-Q02","1.2","2.2","EQ","2026-09-04T11:15:00Z","2026-09-04T12:00:00Z","true","APPROVED","DEMO","SYNTHETIC","1.7"
"SIM-S0170-Q-D50","SIM-S0170","SIM-S0170-S","D50","90.5481","nm","SIM-M-D50","SIM-Q02","75","105","EQ","2026-09-04T11:15:00Z","2026-09-04T12:00:00Z","true","APPROVED","DEMO","SYNTHETIC","90"
"SIM-S0170-Q-D90","SIM-S0170","SIM-S0170-S","D90","118.9282","nm","SIM-M-D90","SIM-Q02","110","180","EQ","2026-09-04T11:15:00Z","2026-09-04T12:00:00Z","true","APPROVED","DEMO","SYNTHETIC","130"
"SIM-S0170-Q-LPC_0p5","SIM-S0170","SIM-S0170-S","LPC_0p5","1112.8983","count/mL","SIM-M-LPC_0p5","SIM-Q02","","3000","EQ","2026-09-04T11:15:00Z","2026-09-04T12:00:00Z","true","APPROVED","DEMO","SYNTHETIC","1000"
"SIM-S0170-Q-LPC_1p0","SIM-S0170","SIM-S0170-S","LPC_1p0","82.4324","count/mL","SIM-M-LPC_1p0","SIM-Q02","","600","EQ","2026-09-04T11:15:00Z","2026-09-04T12:00:00Z","true","APPROVED","DEMO","SYNTHETIC","80"
"SIM-S0170-Q-Zeta","SIM-S0170","SIM-S0170-S","Zeta","-40.0127","mV","SIM-M-Zeta","SIM-Q02","-50","-30","EQ","2026-09-04T11:15:00Z","2026-09-04T12:00:00Z","true","APPROVED","DEMO","SYNTHETIC","-40"
"SIM-S0170-Q-Fe","SIM-S0170","SIM-S0170-S","Fe","0.3573","ug/kg","SIM-M-Fe","SIM-Q02","","1","EQ","2026-09-04T11:15:00Z","2026-09-04T12:00:00Z","true","APPROVED","DEMO","SYNTHETIC","0.3"
"SIM-S0171-Q-pH","SIM-S0171","SIM-S0171-S","pH","10.0959","pH","SIM-M-pH","SIM-Q02","9.5","10.5","EQ","2026-09-04T11:15:00Z","2026-09-04T12:00:00Z","true","APPROVED","DEMO","SYNTHETIC","10"
"SIM-S0171-Q-Solids","SIM-S0171","SIM-S0171-S","Solids","9.934","wt%","SIM-M-Solids","SIM-Q02","9.5","10.5","EQ","2026-09-04T11:15:00Z","2026-09-04T12:00:00Z","true","APPROVED","DEMO","SYNTHETIC","10"
"SIM-S0171-Q-Viscosity","SIM-S0171","SIM-S0171-S","Viscosity","1.6543","mPa.s","SIM-M-Viscosity","SIM-Q02","1.2","2.2","EQ","2026-09-04T11:15:00Z","2026-09-04T12:00:00Z","true","APPROVED","DEMO","SYNTHETIC","1.7"
"SIM-S0171-Q-D50","SIM-S0171","SIM-S0171-S","D50","88.4373","nm","SIM-M-D50","SIM-Q02","75","105","EQ","2026-09-04T11:15:00Z","2026-09-04T12:00:00Z","true","APPROVED","DEMO","SYNTHETIC","90"
"SIM-S0171-Q-D90","SIM-S0171","SIM-S0171-S","D90","138.5784","nm","SIM-M-D90","SIM-Q02","110","180","EQ","2026-09-04T11:15:00Z","2026-09-04T12:00:00Z","true","APPROVED","DEMO","SYNTHETIC","130"
"SIM-S0171-Q-LPC_0p5","SIM-S0171","SIM-S0171-S","LPC_0p5","999.342","count/mL","SIM-M-LPC_0p5","SIM-Q02","","3000","EQ","2026-09-04T11:15:00Z","2026-09-04T12:00:00Z","true","APPROVED","DEMO","SYNTHETIC","1000"
"SIM-S0171-Q-LPC_1p0","SIM-S0171","SIM-S0171-S","LPC_1p0","65.5524","count/mL","SIM-M-LPC_1p0","SIM-Q02","","600","EQ","2026-09-04T11:15:00Z","2026-09-04T12:00:00Z","true","APPROVED","DEMO","SYNTHETIC","80"
"SIM-S0171-Q-Zeta","SIM-S0171","SIM-S0171-S","Zeta","-40.3694","mV","SIM-M-Zeta","SIM-Q02","-50","-30","EQ","2026-09-04T11:15:00Z","2026-09-04T12:00:00Z","true","APPROVED","DEMO","SYNTHETIC","-40"
"SIM-S0171-Q-Fe","SIM-S0171","SIM-S0171-S","Fe","0.2994","ug/kg","SIM-M-Fe","SIM-Q02","","1","EQ","2026-09-04T11:15:00Z","2026-09-04T12:00:00Z","true","APPROVED","DEMO","SYNTHETIC","0.3"
"SIM-S0172-Q-pH","SIM-S0172","SIM-S0172-S","pH","10.0517","pH","SIM-M-pH","SIM-Q02","9.5","10.5","EQ","2026-09-04T12:45:00Z","2026-09-04T13:30:00Z","true","APPROVED","DEMO","SYNTHETIC","10"
"SIM-S0172-Q-Solids","SIM-S0172","SIM-S0172-S","Solids","10.1036","wt%","SIM-M-Solids","SIM-Q02","9.5","10.5","EQ","2026-09-04T12:45:00Z","2026-09-04T13:30:00Z","true","APPROVED","DEMO","SYNTHETIC","10"
"SIM-S0172-Q-Viscosity","SIM-S0172","SIM-S0172-S","Viscosity","1.7192","mPa.s","SIM-M-Viscosity","SIM-Q02","1.2","2.2","EQ","2026-09-04T12:45:00Z","2026-09-04T13:30:00Z","true","APPROVED","DEMO","SYNTHETIC","1.7"
"SIM-S0172-Q-D50","SIM-S0172","SIM-S0172-S","D50","86.9609","nm","SIM-M-D50","SIM-Q02","75","105","EQ","2026-09-04T12:45:00Z","2026-09-04T13:30:00Z","true","APPROVED","DEMO","SYNTHETIC","90"
"SIM-S0172-Q-D90","SIM-S0172","SIM-S0172-S","D90","132.515","nm","SIM-M-D90","SIM-Q02","110","180","EQ","2026-09-04T12:45:00Z","2026-09-04T13:30:00Z","true","APPROVED","DEMO","SYNTHETIC","130"
"SIM-S0172-Q-LPC_0p5","SIM-S0172","SIM-S0172-S","LPC_0p5","1009.7464","count/mL","SIM-M-LPC_0p5","SIM-Q02","","3000","EQ","2026-09-04T12:45:00Z","2026-09-04T13:30:00Z","true","APPROVED","DEMO","SYNTHETIC","1000"
"SIM-S0172-Q-LPC_1p0","SIM-S0172","SIM-S0172-S","LPC_1p0","89.8017","count/mL","SIM-M-LPC_1p0","SIM-Q02","","600","EQ","2026-09-04T12:45:00Z","2026-09-04T13:30:00Z","true","APPROVED","DEMO","SYNTHETIC","80"
"SIM-S0172-Q-Zeta","SIM-S0172","SIM-S0172-S","Zeta","-39.252","mV","SIM-M-Zeta","SIM-Q02","-50","-30","EQ","2026-09-04T12:45:00Z","2026-09-04T13:30:00Z","true","APPROVED","DEMO","SYNTHETIC","-40"
"SIM-S0172-Q-Fe","SIM-S0172","SIM-S0172-S","Fe","0.2965","ug/kg","SIM-M-Fe","SIM-Q02","","1","EQ","2026-09-04T12:45:00Z","2026-09-04T13:30:00Z","true","APPROVED","DEMO","SYNTHETIC","0.3"
"SIM-S0173-Q-pH","SIM-S0173","SIM-S0173-S","pH","10.0227","pH","SIM-M-pH","SIM-Q02","9.5","10.5","EQ","2026-09-04T12:45:00Z","2026-09-04T13:30:00Z","true","APPROVED","DEMO","SYNTHETIC","10"
"SIM-S0173-Q-Solids","SIM-S0173","SIM-S0173-S","Solids","9.9324","wt%","SIM-M-Solids","SIM-Q02","9.5","10.5","EQ","2026-09-04T12:45:00Z","2026-09-04T13:30:00Z","true","APPROVED","DEMO","SYNTHETIC","10"
"SIM-S0173-Q-Viscosity","SIM-S0173","SIM-S0173-S","Viscosity","1.6689","mPa.s","SIM-M-Viscosity","SIM-Q02","1.2","2.2","EQ","2026-09-04T12:45:00Z","2026-09-04T13:30:00Z","true","APPROVED","DEMO","SYNTHETIC","1.7"
"SIM-S0173-Q-D50","SIM-S0173","SIM-S0173-S","D50","89.9214","nm","SIM-M-D50","SIM-Q02","75","105","EQ","2026-09-04T12:45:00Z","2026-09-04T13:30:00Z","true","APPROVED","DEMO","SYNTHETIC","90"
"SIM-S0173-Q-D90","SIM-S0173","SIM-S0173-S","D90","130.864","nm","SIM-M-D90","SIM-Q02","110","180","EQ","2026-09-04T12:45:00Z","2026-09-04T13:30:00Z","true","APPROVED","DEMO","SYNTHETIC","130"
"SIM-S0173-Q-LPC_0p5","SIM-S0173","SIM-S0173-S","LPC_0p5","1088.3681","count/mL","SIM-M-LPC_0p5","SIM-Q02","","3000","EQ","2026-09-04T12:45:00Z","2026-09-04T13:30:00Z","true","APPROVED","DEMO","SYNTHETIC","1000"
"SIM-S0173-Q-LPC_1p0","SIM-S0173","SIM-S0173-S","LPC_1p0","75.018","count/mL","SIM-M-LPC_1p0","SIM-Q02","","600","EQ","2026-09-04T12:45:00Z","2026-09-04T13:30:00Z","true","APPROVED","DEMO","SYNTHETIC","80"
"SIM-S0173-Q-Zeta","SIM-S0173","SIM-S0173-S","Zeta","-39.7176","mV","SIM-M-Zeta","SIM-Q02","-50","-30","EQ","2026-09-04T12:45:00Z","2026-09-04T13:30:00Z","true","APPROVED","DEMO","SYNTHETIC","-40"
"SIM-S0173-Q-Fe","SIM-S0173","SIM-S0173-S","Fe","0.2732","ug/kg","SIM-M-Fe","SIM-Q02","","1","EQ","2026-09-04T12:45:00Z","2026-09-04T13:30:00Z","true","APPROVED","DEMO","SYNTHETIC","0.3"
"SIM-S0174-Q-pH","SIM-S0174","SIM-S0174-S","pH","9.9352","pH","SIM-M-pH","SIM-Q02","9.5","10.5","EQ","2026-09-04T12:45:00Z","2026-09-04T13:30:00Z","true","APPROVED","DEMO","SYNTHETIC","10"
"SIM-S0174-Q-Solids","SIM-S0174","SIM-S0174-S","Solids","10.0538","wt%","SIM-M-Solids","SIM-Q02","9.5","10.5","EQ","2026-09-04T12:45:00Z","2026-09-04T13:30:00Z","true","APPROVED","DEMO","SYNTHETIC","10"
"SIM-S0174-Q-Viscosity","SIM-S0174","SIM-S0174-S","Viscosity","1.7881","mPa.s","SIM-M-Viscosity","SIM-Q02","1.2","2.2","EQ","2026-09-04T12:45:00Z","2026-09-04T13:30:00Z","true","APPROVED","DEMO","SYNTHETIC","1.7"
"SIM-S0174-Q-D50","SIM-S0174","SIM-S0174-S","D50","91.0247","nm","SIM-M-D50","SIM-Q02","75","105","EQ","2026-09-04T12:45:00Z","2026-09-04T13:30:00Z","true","APPROVED","DEMO","SYNTHETIC","90"
"SIM-S0174-Q-D90","SIM-S0174","SIM-S0174-S","D90","126.1499","nm","SIM-M-D90","SIM-Q02","110","180","EQ","2026-09-04T12:45:00Z","2026-09-04T13:30:00Z","true","APPROVED","DEMO","SYNTHETIC","130"
"SIM-S0174-Q-LPC_0p5","SIM-S0174","SIM-S0174-S","LPC_0p5","1173.4168","count/mL","SIM-M-LPC_0p5","SIM-Q02","","3000","EQ","2026-09-04T12:45:00Z","2026-09-04T13:30:00Z","true","APPROVED","DEMO","SYNTHETIC","1000"
"SIM-S0174-Q-LPC_1p0","SIM-S0174","SIM-S0174-S","LPC_1p0","78.3714","count/mL","SIM-M-LPC_1p0","SIM-Q02","","600","EQ","2026-09-04T12:45:00Z","2026-09-04T13:30:00Z","true","APPROVED","DEMO","SYNTHETIC","80"
"SIM-S0174-Q-Zeta","SIM-S0174","SIM-S0174-S","Zeta","-41.6217","mV","SIM-M-Zeta","SIM-Q02","-50","-30","EQ","2026-09-04T12:45:00Z","2026-09-04T13:30:00Z","true","APPROVED","DEMO","SYNTHETIC","-40"
"SIM-S0174-Q-Fe","SIM-S0174","SIM-S0174-S","Fe","0.2982","ug/kg","SIM-M-Fe","SIM-Q02","","1","EQ","2026-09-04T12:45:00Z","2026-09-04T13:30:00Z","true","APPROVED","DEMO","SYNTHETIC","0.3"
"SIM-S0175-Q-pH","SIM-S0175","SIM-S0175-S","pH","10.0631","pH","SIM-M-pH","SIM-Q02","9.5","10.5","EQ","2026-09-04T14:15:00Z","2026-09-04T15:00:00Z","true","APPROVED","DEMO","SYNTHETIC","10"
"SIM-S0175-Q-Solids","SIM-S0175","SIM-S0175-S","Solids","10.0779","wt%","SIM-M-Solids","SIM-Q02","9.5","10.5","EQ","2026-09-04T14:15:00Z","2026-09-04T15:00:00Z","true","APPROVED","DEMO","SYNTHETIC","10"
"SIM-S0175-Q-Viscosity","SIM-S0175","SIM-S0175-S","Viscosity","1.6299","mPa.s","SIM-M-Viscosity","SIM-Q02","1.2","2.2","EQ","2026-09-04T14:15:00Z","2026-09-04T15:00:00Z","true","APPROVED","DEMO","SYNTHETIC","1.7"
"SIM-S0175-Q-D50","SIM-S0175","SIM-S0175-S","D50","90.0652","nm","SIM-M-D50","SIM-Q02","75","105","EQ","2026-09-04T14:15:00Z","2026-09-04T15:00:00Z","true","APPROVED","DEMO","SYNTHETIC","90"
"SIM-S0175-Q-D90","SIM-S0175","SIM-S0175-S","D90","125.538","nm","SIM-M-D90","SIM-Q02","110","180","EQ","2026-09-04T14:15:00Z","2026-09-04T15:00:00Z","true","APPROVED","DEMO","SYNTHETIC","130"
"SIM-S0175-Q-LPC_0p5","SIM-S0175","SIM-S0175-S","LPC_0p5","922.124","count/mL","SIM-M-LPC_0p5","SIM-Q02","","3000","EQ","2026-09-04T14:15:00Z","2026-09-04T15:00:00Z","true","APPROVED","DEMO","SYNTHETIC","1000"
"SIM-S0175-Q-LPC_1p0","SIM-S0175","SIM-S0175-S","LPC_1p0","76.4264","count/mL","SIM-M-LPC_1p0","SIM-Q02","","600","EQ","2026-09-04T14:15:00Z","2026-09-04T15:00:00Z","true","APPROVED","DEMO","SYNTHETIC","80"
"SIM-S0175-Q-Zeta","SIM-S0175","SIM-S0175-S","Zeta","-39.4234","mV","SIM-M-Zeta","SIM-Q02","-50","-30","EQ","2026-09-04T14:15:00Z","2026-09-04T15:00:00Z","true","APPROVED","DEMO","SYNTHETIC","-40"
"SIM-S0175-Q-Fe","SIM-S0175","SIM-S0175-S","Fe","0.3056","ug/kg","SIM-M-Fe","SIM-Q02","","1","EQ","2026-09-04T14:15:00Z","2026-09-04T15:00:00Z","true","APPROVED","DEMO","SYNTHETIC","0.3"
"SIM-S0176-Q-pH","SIM-S0176","SIM-S0176-S","pH","10.0534","pH","SIM-M-pH","SIM-Q02","9.5","10.5","EQ","2026-09-04T14:15:00Z","2026-09-04T15:00:00Z","true","APPROVED","DEMO","SYNTHETIC","10"
"SIM-S0176-Q-Solids","SIM-S0176","SIM-S0176-S","Solids","10.1496","wt%","SIM-M-Solids","SIM-Q02","9.5","10.5","EQ","2026-09-04T14:15:00Z","2026-09-04T15:00:00Z","true","APPROVED","DEMO","SYNTHETIC","10"
"SIM-S0176-Q-Viscosity","SIM-S0176","SIM-S0176-S","Viscosity","1.6603","mPa.s","SIM-M-Viscosity","SIM-Q02","1.2","2.2","EQ","2026-09-04T14:15:00Z","2026-09-04T15:00:00Z","true","APPROVED","DEMO","SYNTHETIC","1.7"
"SIM-S0176-Q-D50","SIM-S0176","SIM-S0176-S","D50","92.3724","nm","SIM-M-D50","SIM-Q02","75","105","EQ","2026-09-04T14:15:00Z","2026-09-04T15:00:00Z","true","APPROVED","DEMO","SYNTHETIC","90"
"SIM-S0176-Q-D90","SIM-S0176","SIM-S0176-S","D90","133.733","nm","SIM-M-D90","SIM-Q02","110","180","EQ","2026-09-04T14:15:00Z","2026-09-04T15:00:00Z","true","APPROVED","DEMO","SYNTHETIC","130"
"SIM-S0176-Q-LPC_0p5","SIM-S0176","SIM-S0176-S","LPC_0p5","1122.6632","count/mL","SIM-M-LPC_0p5","SIM-Q02","","3000","EQ","2026-09-04T14:15:00Z","2026-09-04T15:00:00Z","true","APPROVED","DEMO","SYNTHETIC","1000"
"SIM-S0176-Q-LPC_1p0","SIM-S0176","SIM-S0176-S","LPC_1p0","75.4529","count/mL","SIM-M-LPC_1p0","SIM-Q02","","600","EQ","2026-09-04T14:15:00Z","2026-09-04T15:00:00Z","true","APPROVED","DEMO","SYNTHETIC","80"
"SIM-S0176-Q-Zeta","SIM-S0176","SIM-S0176-S","Zeta","-39.1518","mV","SIM-M-Zeta","SIM-Q02","-50","-30","EQ","2026-09-04T14:15:00Z","2026-09-04T15:00:00Z","true","APPROVED","DEMO","SYNTHETIC","-40"
"SIM-S0176-Q-Fe","SIM-S0176","SIM-S0176-S","Fe","0.3171","ug/kg","SIM-M-Fe","SIM-Q02","","1","EQ","2026-09-04T14:15:00Z","2026-09-04T15:00:00Z","true","APPROVED","DEMO","SYNTHETIC","0.3"
"SIM-S0177-Q-pH","SIM-S0177","SIM-S0177-S","pH","10.0269","pH","SIM-M-pH","SIM-Q02","9.5","10.5","EQ","2026-09-04T14:15:00Z","2026-09-04T15:00:00Z","true","APPROVED","DEMO","SYNTHETIC","10"
"SIM-S0177-Q-Solids","SIM-S0177","SIM-S0177-S","Solids","10.0505","wt%","SIM-M-Solids","SIM-Q02","9.5","10.5","EQ","2026-09-04T14:15:00Z","2026-09-04T15:00:00Z","true","APPROVED","DEMO","SYNTHETIC","10"
"SIM-S0177-Q-Viscosity","SIM-S0177","SIM-S0177-S","Viscosity","1.7113","mPa.s","SIM-M-Viscosity","SIM-Q02","1.2","2.2","EQ","2026-09-04T14:15:00Z","2026-09-04T15:00:00Z","true","APPROVED","DEMO","SYNTHETIC","1.7"
"SIM-S0177-Q-D50","SIM-S0177","SIM-S0177-S","D50","88.7621","nm","SIM-M-D50","SIM-Q02","75","105","EQ","2026-09-04T14:15:00Z","2026-09-04T15:00:00Z","true","APPROVED","DEMO","SYNTHETIC","90"
"SIM-S0177-Q-D90","SIM-S0177","SIM-S0177-S","D90","135.3139","nm","SIM-M-D90","SIM-Q02","110","180","EQ","2026-09-04T14:15:00Z","2026-09-04T15:00:00Z","true","APPROVED","DEMO","SYNTHETIC","130"
"SIM-S0177-Q-LPC_0p5","SIM-S0177","SIM-S0177-S","LPC_0p5","1057.0892","count/mL","SIM-M-LPC_0p5","SIM-Q02","","3000","EQ","2026-09-04T14:15:00Z","2026-09-04T15:00:00Z","true","APPROVED","DEMO","SYNTHETIC","1000"
"SIM-S0177-Q-LPC_1p0","SIM-S0177","SIM-S0177-S","LPC_1p0","83.8998","count/mL","SIM-M-LPC_1p0","SIM-Q02","","600","EQ","2026-09-04T14:15:00Z","2026-09-04T15:00:00Z","true","APPROVED","DEMO","SYNTHETIC","80"
"SIM-S0177-Q-Zeta","SIM-S0177","SIM-S0177-S","Zeta","-40.9098","mV","SIM-M-Zeta","SIM-Q02","-50","-30","EQ","2026-09-04T14:15:00Z","2026-09-04T15:00:00Z","true","APPROVED","DEMO","SYNTHETIC","-40"
"SIM-S0177-Q-Fe","SIM-S0177","SIM-S0177-S","Fe","0.2694","ug/kg","SIM-M-Fe","SIM-Q02","","1","EQ","2026-09-04T14:15:00Z","2026-09-04T15:00:00Z","true","APPROVED","DEMO","SYNTHETIC","0.3"
"SIM-S0178-Q-pH","SIM-S0178","SIM-S0178-S","pH","9.9754","pH","SIM-M-pH","SIM-Q02","9.5","10.5","EQ","2026-09-04T15:45:00Z","2026-09-04T16:30:00Z","true","APPROVED","DEMO","SYNTHETIC","10"
"SIM-S0178-Q-Solids","SIM-S0178","SIM-S0178-S","Solids","10.0743","wt%","SIM-M-Solids","SIM-Q02","9.5","10.5","EQ","2026-09-04T15:45:00Z","2026-09-04T16:30:00Z","true","APPROVED","DEMO","SYNTHETIC","10"
"SIM-S0178-Q-Viscosity","SIM-S0178","SIM-S0178-S","Viscosity","1.7356","mPa.s","SIM-M-Viscosity","SIM-Q02","1.2","2.2","EQ","2026-09-04T15:45:00Z","2026-09-04T16:30:00Z","true","APPROVED","DEMO","SYNTHETIC","1.7"
"SIM-S0178-Q-D50","SIM-S0178","SIM-S0178-S","D50","91.8454","nm","SIM-M-D50","SIM-Q02","75","105","EQ","2026-09-04T15:45:00Z","2026-09-04T16:30:00Z","true","APPROVED","DEMO","SYNTHETIC","90"
"SIM-S0178-Q-D90","SIM-S0178","SIM-S0178-S","D90","138.771","nm","SIM-M-D90","SIM-Q02","110","180","EQ","2026-09-04T15:45:00Z","2026-09-04T16:30:00Z","true","APPROVED","DEMO","SYNTHETIC","130"
"SIM-S0178-Q-LPC_0p5","SIM-S0178","SIM-S0178-S","LPC_0p5","1039.5981","count/mL","SIM-M-LPC_0p5","SIM-Q02","","3000","EQ","2026-09-04T15:45:00Z","2026-09-04T16:30:00Z","true","APPROVED","DEMO","SYNTHETIC","1000"
"SIM-S0178-Q-LPC_1p0","SIM-S0178","SIM-S0178-S","LPC_1p0","80.3466","count/mL","SIM-M-LPC_1p0","SIM-Q02","","600","EQ","2026-09-04T15:45:00Z","2026-09-04T16:30:00Z","true","APPROVED","DEMO","SYNTHETIC","80"
"SIM-S0178-Q-Zeta","SIM-S0178","SIM-S0178-S","Zeta","-40.6076","mV","SIM-M-Zeta","SIM-Q02","-50","-30","EQ","2026-09-04T15:45:00Z","2026-09-04T16:30:00Z","true","APPROVED","DEMO","SYNTHETIC","-40"
"SIM-S0178-Q-Fe","SIM-S0178","SIM-S0178-S","Fe","0.2852","ug/kg","SIM-M-Fe","SIM-Q02","","1","EQ","2026-09-04T15:45:00Z","2026-09-04T16:30:00Z","true","APPROVED","DEMO","SYNTHETIC","0.3"
"SIM-S0179-Q-pH","SIM-S0179","SIM-S0179-S","pH","9.8771","pH","SIM-M-pH","SIM-Q02","9.5","10.5","EQ","2026-09-04T15:45:00Z","2026-09-04T16:30:00Z","true","APPROVED","DEMO","SYNTHETIC","10"
"SIM-S0179-Q-Solids","SIM-S0179","SIM-S0179-S","Solids","10.045","wt%","SIM-M-Solids","SIM-Q02","9.5","10.5","EQ","2026-09-04T15:45:00Z","2026-09-04T16:30:00Z","true","APPROVED","DEMO","SYNTHETIC","10"
"SIM-S0179-Q-Viscosity","SIM-S0179","SIM-S0179-S","Viscosity","1.7581","mPa.s","SIM-M-Viscosity","SIM-Q02","1.2","2.2","EQ","2026-09-04T15:45:00Z","2026-09-04T16:30:00Z","true","APPROVED","DEMO","SYNTHETIC","1.7"
"SIM-S0179-Q-D50","SIM-S0179","SIM-S0179-S","D50","89.4709","nm","SIM-M-D50","SIM-Q02","75","105","EQ","2026-09-04T15:45:00Z","2026-09-04T16:30:00Z","true","APPROVED","DEMO","SYNTHETIC","90"
"SIM-S0179-Q-D90","SIM-S0179","SIM-S0179-S","D90","126.6232","nm","SIM-M-D90","SIM-Q02","110","180","EQ","2026-09-04T15:45:00Z","2026-09-04T16:30:00Z","true","APPROVED","DEMO","SYNTHETIC","130"
"SIM-S0179-Q-LPC_0p5","SIM-S0179","SIM-S0179-S","LPC_0p5","1309.4987","count/mL","SIM-M-LPC_0p5","SIM-Q02","","3000","EQ","2026-09-04T15:45:00Z","2026-09-04T16:30:00Z","true","APPROVED","DEMO","SYNTHETIC","1000"
"SIM-S0179-Q-LPC_1p0","SIM-S0179","SIM-S0179-S","LPC_1p0","91.9033","count/mL","SIM-M-LPC_1p0","SIM-Q02","","600","EQ","2026-09-04T15:45:00Z","2026-09-04T16:30:00Z","true","APPROVED","DEMO","SYNTHETIC","80"
"SIM-S0179-Q-Zeta","SIM-S0179","SIM-S0179-S","Zeta","-39.1822","mV","SIM-M-Zeta","SIM-Q02","-50","-30","EQ","2026-09-04T15:45:00Z","2026-09-04T16:30:00Z","true","APPROVED","DEMO","SYNTHETIC","-40"
"SIM-S0179-Q-Fe","SIM-S0179","SIM-S0179-S","Fe","0.3337","ug/kg","SIM-M-Fe","SIM-Q02","","1","EQ","2026-09-04T15:45:00Z","2026-09-04T16:30:00Z","true","APPROVED","DEMO","SYNTHETIC","0.3"
"SIM-S0180-Q-pH","SIM-S0180","SIM-S0180-S","pH","9.9607","pH","SIM-M-pH","SIM-Q02","9.5","10.5","EQ","2026-09-04T15:45:00Z","2026-09-04T16:30:00Z","true","APPROVED","DEMO","SYNTHETIC","10"
"SIM-S0180-Q-Solids","SIM-S0180","SIM-S0180-S","Solids","9.9678","wt%","SIM-M-Solids","SIM-Q02","9.5","10.5","EQ","2026-09-04T15:45:00Z","2026-09-04T16:30:00Z","true","APPROVED","DEMO","SYNTHETIC","10"
"SIM-S0180-Q-Viscosity","SIM-S0180","SIM-S0180-S","Viscosity","1.6948","mPa.s","SIM-M-Viscosity","SIM-Q02","1.2","2.2","EQ","2026-09-04T15:45:00Z","2026-09-04T16:30:00Z","true","APPROVED","DEMO","SYNTHETIC","1.7"
"SIM-S0180-Q-D50","SIM-S0180","SIM-S0180-S","D50","91.3657","nm","SIM-M-D50","SIM-Q02","75","105","EQ","2026-09-04T15:45:00Z","2026-09-04T16:30:00Z","true","APPROVED","DEMO","SYNTHETIC","90"
"SIM-S0180-Q-D90","SIM-S0180","SIM-S0180-S","D90","126.164","nm","SIM-M-D90","SIM-Q02","110","180","EQ","2026-09-04T15:45:00Z","2026-09-04T16:30:00Z","true","APPROVED","DEMO","SYNTHETIC","130"
"SIM-S0180-Q-LPC_0p5","SIM-S0180","SIM-S0180-S","LPC_0p5","758.8413","count/mL","SIM-M-LPC_0p5","SIM-Q02","","3000","EQ","2026-09-04T15:45:00Z","2026-09-04T16:30:00Z","true","APPROVED","DEMO","SYNTHETIC","1000"
"SIM-S0180-Q-LPC_1p0","SIM-S0180","SIM-S0180-S","LPC_1p0","71.9792","count/mL","SIM-M-LPC_1p0","SIM-Q02","","600","EQ","2026-09-04T15:45:00Z","2026-09-04T16:30:00Z","true","APPROVED","DEMO","SYNTHETIC","80"
"SIM-S0180-Q-Zeta","SIM-S0180","SIM-S0180-S","Zeta","-40.3547","mV","SIM-M-Zeta","SIM-Q02","-50","-30","EQ","2026-09-04T15:45:00Z","2026-09-04T16:30:00Z","true","APPROVED","DEMO","SYNTHETIC","-40"
"SIM-S0180-Q-Fe","SIM-S0180","SIM-S0180-S","Fe","0.2875","ug/kg","SIM-M-Fe","SIM-Q02","","1","EQ","2026-09-04T15:45:00Z","2026-09-04T16:30:00Z","true","APPROVED","DEMO","SYNTHETIC","0.3"
"SIM-S0181-Q-pH","SIM-S0181","SIM-S0181-S","pH","10.1652","pH","SIM-M-pH","SIM-Q02","9.5","10.5","EQ","2026-09-04T17:15:00Z","2026-09-04T18:00:00Z","true","APPROVED","DEMO","SYNTHETIC","10"
"SIM-S0181-Q-Solids","SIM-S0181","SIM-S0181-S","Solids","10.0187","wt%","SIM-M-Solids","SIM-Q02","9.5","10.5","EQ","2026-09-04T17:15:00Z","2026-09-04T18:00:00Z","true","APPROVED","DEMO","SYNTHETIC","10"
"SIM-S0181-Q-Viscosity","SIM-S0181","SIM-S0181-S","Viscosity","1.7371","mPa.s","SIM-M-Viscosity","SIM-Q02","1.2","2.2","EQ","2026-09-04T17:15:00Z","2026-09-04T18:00:00Z","true","APPROVED","DEMO","SYNTHETIC","1.7"
"SIM-S0181-Q-D50","SIM-S0181","SIM-S0181-S","D50","87.2081","nm","SIM-M-D50","SIM-Q02","75","105","EQ","2026-09-04T17:15:00Z","2026-09-04T18:00:00Z","true","APPROVED","DEMO","SYNTHETIC","90"
"SIM-S0181-Q-D90","SIM-S0181","SIM-S0181-S","D90","131.9324","nm","SIM-M-D90","SIM-Q02","110","180","EQ","2026-09-04T17:15:00Z","2026-09-04T18:00:00Z","true","APPROVED","DEMO","SYNTHETIC","130"
"SIM-S0181-Q-LPC_0p5","SIM-S0181","SIM-S0181-S","LPC_0p5","965.9666","count/mL","SIM-M-LPC_0p5","SIM-Q02","","3000","EQ","2026-09-04T17:15:00Z","2026-09-04T18:00:00Z","true","APPROVED","DEMO","SYNTHETIC","1000"
"SIM-S0181-Q-LPC_1p0","SIM-S0181","SIM-S0181-S","LPC_1p0","86.1118","count/mL","SIM-M-LPC_1p0","SIM-Q02","","600","EQ","2026-09-04T17:15:00Z","2026-09-04T18:00:00Z","true","APPROVED","DEMO","SYNTHETIC","80"
"SIM-S0181-Q-Zeta","SIM-S0181","SIM-S0181-S","Zeta","-39.0137","mV","SIM-M-Zeta","SIM-Q02","-50","-30","EQ","2026-09-04T17:15:00Z","2026-09-04T18:00:00Z","true","APPROVED","DEMO","SYNTHETIC","-40"
"SIM-S0181-Q-Fe","SIM-S0181","SIM-S0181-S","Fe","0.2916","ug/kg","SIM-M-Fe","SIM-Q02","","1","EQ","2026-09-04T17:15:00Z","2026-09-04T18:00:00Z","true","APPROVED","DEMO","SYNTHETIC","0.3"
"SIM-S0182-Q-pH","SIM-S0182","SIM-S0182-S","pH","10.0575","pH","SIM-M-pH","SIM-Q02","9.5","10.5","EQ","2026-09-04T17:15:00Z","2026-09-04T18:00:00Z","true","APPROVED","DEMO","SYNTHETIC","10"
"SIM-S0182-Q-Solids","SIM-S0182","SIM-S0182-S","Solids","10.0566","wt%","SIM-M-Solids","SIM-Q02","9.5","10.5","EQ","2026-09-04T17:15:00Z","2026-09-04T18:00:00Z","true","APPROVED","DEMO","SYNTHETIC","10"
"SIM-S0182-Q-Viscosity","SIM-S0182","SIM-S0182-S","Viscosity","1.7707","mPa.s","SIM-M-Viscosity","SIM-Q02","1.2","2.2","EQ","2026-09-04T17:15:00Z","2026-09-04T18:00:00Z","true","APPROVED","DEMO","SYNTHETIC","1.7"
"SIM-S0182-Q-D50","SIM-S0182","SIM-S0182-S","D50","94.5217","nm","SIM-M-D50","SIM-Q02","75","105","EQ","2026-09-04T17:15:00Z","2026-09-04T18:00:00Z","true","APPROVED","DEMO","SYNTHETIC","90"
"SIM-S0182-Q-D90","SIM-S0182","SIM-S0182-S","D90","134.3104","nm","SIM-M-D90","SIM-Q02","110","180","EQ","2026-09-04T17:15:00Z","2026-09-04T18:00:00Z","true","APPROVED","DEMO","SYNTHETIC","130"
"SIM-S0182-Q-LPC_0p5","SIM-S0182","SIM-S0182-S","LPC_0p5","969.2571","count/mL","SIM-M-LPC_0p5","SIM-Q02","","3000","EQ","2026-09-04T17:15:00Z","2026-09-04T18:00:00Z","true","APPROVED","DEMO","SYNTHETIC","1000"
"SIM-S0182-Q-LPC_1p0","SIM-S0182","SIM-S0182-S","LPC_1p0","80.7304","count/mL","SIM-M-LPC_1p0","SIM-Q02","","600","EQ","2026-09-04T17:15:00Z","2026-09-04T18:00:00Z","true","APPROVED","DEMO","SYNTHETIC","80"
"SIM-S0182-Q-Zeta","SIM-S0182","SIM-S0182-S","Zeta","-39.9219","mV","SIM-M-Zeta","SIM-Q02","-50","-30","EQ","2026-09-04T17:15:00Z","2026-09-04T18:00:00Z","true","APPROVED","DEMO","SYNTHETIC","-40"
"SIM-S0182-Q-Fe","SIM-S0182","SIM-S0182-S","Fe","0.2931","ug/kg","SIM-M-Fe","SIM-Q02","","1","EQ","2026-09-04T17:15:00Z","2026-09-04T18:00:00Z","true","APPROVED","DEMO","SYNTHETIC","0.3"
"SIM-S0183-Q-pH","SIM-S0183","SIM-S0183-S","pH","10.0103","pH","SIM-M-pH","SIM-Q02","9.5","10.5","EQ","2026-09-04T17:15:00Z","2026-09-04T18:00:00Z","true","APPROVED","DEMO","SYNTHETIC","10"
"SIM-S0183-Q-Solids","SIM-S0183","SIM-S0183-S","Solids","10.0231","wt%","SIM-M-Solids","SIM-Q02","9.5","10.5","EQ","2026-09-04T17:15:00Z","2026-09-04T18:00:00Z","true","APPROVED","DEMO","SYNTHETIC","10"
"SIM-S0183-Q-Viscosity","SIM-S0183","SIM-S0183-S","Viscosity","1.7051","mPa.s","SIM-M-Viscosity","SIM-Q02","1.2","2.2","EQ","2026-09-04T17:15:00Z","2026-09-04T18:00:00Z","true","APPROVED","DEMO","SYNTHETIC","1.7"
"SIM-S0183-Q-D50","SIM-S0183","SIM-S0183-S","D50","90.9953","nm","SIM-M-D50","SIM-Q02","75","105","EQ","2026-09-04T17:15:00Z","2026-09-04T18:00:00Z","true","APPROVED","DEMO","SYNTHETIC","90"
"SIM-S0183-Q-D90","SIM-S0183","SIM-S0183-S","D90","126.5465","nm","SIM-M-D90","SIM-Q02","110","180","EQ","2026-09-04T17:15:00Z","2026-09-04T18:00:00Z","true","APPROVED","DEMO","SYNTHETIC","130"
"SIM-S0183-Q-LPC_0p5","SIM-S0183","SIM-S0183-S","LPC_0p5","1078.5129","count/mL","SIM-M-LPC_0p5","SIM-Q02","","3000","EQ","2026-09-04T17:15:00Z","2026-09-04T18:00:00Z","true","APPROVED","DEMO","SYNTHETIC","1000"
"SIM-S0183-Q-LPC_1p0","SIM-S0183","SIM-S0183-S","LPC_1p0","83.2348","count/mL","SIM-M-LPC_1p0","SIM-Q02","","600","EQ","2026-09-04T17:15:00Z","2026-09-04T18:00:00Z","true","APPROVED","DEMO","SYNTHETIC","80"
"SIM-S0183-Q-Zeta","SIM-S0183","SIM-S0183-S","Zeta","-40.607","mV","SIM-M-Zeta","SIM-Q02","-50","-30","EQ","2026-09-04T17:15:00Z","2026-09-04T18:00:00Z","true","APPROVED","DEMO","SYNTHETIC","-40"
"SIM-S0183-Q-Fe","SIM-S0183","SIM-S0183-S","Fe","0.2779","ug/kg","SIM-M-Fe","SIM-Q02","","1","EQ","2026-09-04T17:15:00Z","2026-09-04T18:00:00Z","true","APPROVED","DEMO","SYNTHETIC","0.3"
"SIM-S0184-Q-pH","SIM-S0184","SIM-S0184-S","pH","10.0085","pH","SIM-M-pH","SIM-Q02","9.5","10.5","EQ","2026-09-04T18:45:00Z","2026-09-04T19:30:00Z","true","APPROVED","DEMO","SYNTHETIC","10"
"SIM-S0184-Q-Solids","SIM-S0184","SIM-S0184-S","Solids","10.0043","wt%","SIM-M-Solids","SIM-Q02","9.5","10.5","EQ","2026-09-04T18:45:00Z","2026-09-04T19:30:00Z","true","APPROVED","DEMO","SYNTHETIC","10"
"SIM-S0184-Q-Viscosity","SIM-S0184","SIM-S0184-S","Viscosity","1.6941","mPa.s","SIM-M-Viscosity","SIM-Q02","1.2","2.2","EQ","2026-09-04T18:45:00Z","2026-09-04T19:30:00Z","true","APPROVED","DEMO","SYNTHETIC","1.7"
"SIM-S0184-Q-D50","SIM-S0184","SIM-S0184-S","D50","87.1599","nm","SIM-M-D50","SIM-Q02","75","105","EQ","2026-09-04T18:45:00Z","2026-09-04T19:30:00Z","true","APPROVED","DEMO","SYNTHETIC","90"
"SIM-S0184-Q-D90","SIM-S0184","SIM-S0184-S","D90","125.1517","nm","SIM-M-D90","SIM-Q02","110","180","EQ","2026-09-04T18:45:00Z","2026-09-04T19:30:00Z","true","APPROVED","DEMO","SYNTHETIC","130"
"SIM-S0184-Q-LPC_0p5","SIM-S0184","SIM-S0184-S","LPC_0p5","1171.1263","count/mL","SIM-M-LPC_0p5","SIM-Q02","","3000","EQ","2026-09-04T18:45:00Z","2026-09-04T19:30:00Z","true","APPROVED","DEMO","SYNTHETIC","1000"
"SIM-S0184-Q-LPC_1p0","SIM-S0184","SIM-S0184-S","LPC_1p0","68.768","count/mL","SIM-M-LPC_1p0","SIM-Q02","","600","EQ","2026-09-04T18:45:00Z","2026-09-04T19:30:00Z","true","APPROVED","DEMO","SYNTHETIC","80"
"SIM-S0184-Q-Zeta","SIM-S0184","SIM-S0184-S","Zeta","-38.7407","mV","SIM-M-Zeta","SIM-Q02","-50","-30","EQ","2026-09-04T18:45:00Z","2026-09-04T19:30:00Z","true","APPROVED","DEMO","SYNTHETIC","-40"
"SIM-S0184-Q-Fe","SIM-S0184","SIM-S0184-S","Fe","0.273","ug/kg","SIM-M-Fe","SIM-Q02","","1","EQ","2026-09-04T18:45:00Z","2026-09-04T19:30:00Z","true","APPROVED","DEMO","SYNTHETIC","0.3"
"SIM-S0185-Q-pH","SIM-S0185","SIM-S0185-S","pH","9.9836","pH","SIM-M-pH","SIM-Q02","9.5","10.5","EQ","2026-09-04T18:45:00Z","2026-09-04T19:30:00Z","true","APPROVED","DEMO","SYNTHETIC","10"
"SIM-S0185-Q-Solids","SIM-S0185","SIM-S0185-S","Solids","9.9861","wt%","SIM-M-Solids","SIM-Q02","9.5","10.5","EQ","2026-09-04T18:45:00Z","2026-09-04T19:30:00Z","true","APPROVED","DEMO","SYNTHETIC","10"
"SIM-S0185-Q-Viscosity","SIM-S0185","SIM-S0185-S","Viscosity","1.6862","mPa.s","SIM-M-Viscosity","SIM-Q02","1.2","2.2","EQ","2026-09-04T18:45:00Z","2026-09-04T19:30:00Z","true","APPROVED","DEMO","SYNTHETIC","1.7"
"SIM-S0185-Q-D50","SIM-S0185","SIM-S0185-S","D50","89.9698","nm","SIM-M-D50","SIM-Q02","75","105","EQ","2026-09-04T18:45:00Z","2026-09-04T19:30:00Z","true","APPROVED","DEMO","SYNTHETIC","90"
"SIM-S0185-Q-D90","SIM-S0185","SIM-S0185-S","D90","134.6684","nm","SIM-M-D90","SIM-Q02","110","180","EQ","2026-09-04T18:45:00Z","2026-09-04T19:30:00Z","true","APPROVED","DEMO","SYNTHETIC","130"
"SIM-S0185-Q-LPC_0p5","SIM-S0185","SIM-S0185-S","LPC_0p5","1296.7254","count/mL","SIM-M-LPC_0p5","SIM-Q02","","3000","EQ","2026-09-04T18:45:00Z","2026-09-04T19:30:00Z","true","APPROVED","DEMO","SYNTHETIC","1000"
"SIM-S0185-Q-LPC_1p0","SIM-S0185","SIM-S0185-S","LPC_1p0","101.3035","count/mL","SIM-M-LPC_1p0","SIM-Q02","","600","EQ","2026-09-04T18:45:00Z","2026-09-04T19:30:00Z","true","APPROVED","DEMO","SYNTHETIC","80"
"SIM-S0185-Q-Zeta","SIM-S0185","SIM-S0185-S","Zeta","-41.2129","mV","SIM-M-Zeta","SIM-Q02","-50","-30","EQ","2026-09-04T18:45:00Z","2026-09-04T19:30:00Z","true","APPROVED","DEMO","SYNTHETIC","-40"
"SIM-S0185-Q-Fe","SIM-S0185","SIM-S0185-S","Fe","0.3108","ug/kg","SIM-M-Fe","SIM-Q02","","1","EQ","2026-09-04T18:45:00Z","2026-09-04T19:30:00Z","true","APPROVED","DEMO","SYNTHETIC","0.3"
"SIM-S0186-Q-pH","SIM-S0186","SIM-S0186-S","pH","10.0404","pH","SIM-M-pH","SIM-Q02","9.5","10.5","EQ","2026-09-04T18:45:00Z","2026-09-04T19:30:00Z","true","APPROVED","DEMO","SYNTHETIC","10"
"SIM-S0186-Q-Solids","SIM-S0186","SIM-S0186-S","Solids","9.9647","wt%","SIM-M-Solids","SIM-Q02","9.5","10.5","EQ","2026-09-04T18:45:00Z","2026-09-04T19:30:00Z","true","APPROVED","DEMO","SYNTHETIC","10"
"SIM-S0186-Q-Viscosity","SIM-S0186","SIM-S0186-S","Viscosity","1.7657","mPa.s","SIM-M-Viscosity","SIM-Q02","1.2","2.2","EQ","2026-09-04T18:45:00Z","2026-09-04T19:30:00Z","true","APPROVED","DEMO","SYNTHETIC","1.7"
"SIM-S0186-Q-D50","SIM-S0186","SIM-S0186-S","D50","87.8356","nm","SIM-M-D50","SIM-Q02","75","105","EQ","2026-09-04T18:45:00Z","2026-09-04T19:30:00Z","true","APPROVED","DEMO","SYNTHETIC","90"
"SIM-S0186-Q-D90","SIM-S0186","SIM-S0186-S","D90","126.3013","nm","SIM-M-D90","SIM-Q02","110","180","EQ","2026-09-04T18:45:00Z","2026-09-04T19:30:00Z","true","APPROVED","DEMO","SYNTHETIC","130"
"SIM-S0186-Q-LPC_0p5","SIM-S0186","SIM-S0186-S","LPC_0p5","1102.0227","count/mL","SIM-M-LPC_0p5","SIM-Q02","","3000","EQ","2026-09-04T18:45:00Z","2026-09-04T19:30:00Z","true","APPROVED","DEMO","SYNTHETIC","1000"
"SIM-S0186-Q-LPC_1p0","SIM-S0186","SIM-S0186-S","LPC_1p0","78.0542","count/mL","SIM-M-LPC_1p0","SIM-Q02","","600","EQ","2026-09-04T18:45:00Z","2026-09-04T19:30:00Z","true","APPROVED","DEMO","SYNTHETIC","80"
"SIM-S0186-Q-Zeta","SIM-S0186","SIM-S0186-S","Zeta","-42.3245","mV","SIM-M-Zeta","SIM-Q02","-50","-30","EQ","2026-09-04T18:45:00Z","2026-09-04T19:30:00Z","true","APPROVED","DEMO","SYNTHETIC","-40"
"SIM-S0186-Q-Fe","SIM-S0186","SIM-S0186-S","Fe","0.3068","ug/kg","SIM-M-Fe","SIM-Q02","","1","EQ","2026-09-04T18:45:00Z","2026-09-04T19:30:00Z","true","APPROVED","DEMO","SYNTHETIC","0.3"
"SIM-S0187-Q-pH","SIM-S0187","SIM-S0187-S","pH","9.8792","pH","SIM-M-pH","SIM-Q02","9.5","10.5","EQ","2026-09-04T20:15:00Z","2026-09-04T21:00:00Z","true","APPROVED","DEMO","SYNTHETIC","10"
"SIM-S0187-Q-Solids","SIM-S0187","SIM-S0187-S","Solids","10.0038","wt%","SIM-M-Solids","SIM-Q02","9.5","10.5","EQ","2026-09-04T20:15:00Z","2026-09-04T21:00:00Z","true","APPROVED","DEMO","SYNTHETIC","10"
"SIM-S0187-Q-Viscosity","SIM-S0187","SIM-S0187-S","Viscosity","1.7588","mPa.s","SIM-M-Viscosity","SIM-Q02","1.2","2.2","EQ","2026-09-04T20:15:00Z","2026-09-04T21:00:00Z","true","APPROVED","DEMO","SYNTHETIC","1.7"
"SIM-S0187-Q-D50","SIM-S0187","SIM-S0187-S","D50","91.413","nm","SIM-M-D50","SIM-Q02","75","105","EQ","2026-09-04T20:15:00Z","2026-09-04T21:00:00Z","true","APPROVED","DEMO","SYNTHETIC","90"
"SIM-S0187-Q-D90","SIM-S0187","SIM-S0187-S","D90","129.6859","nm","SIM-M-D90","SIM-Q02","110","180","EQ","2026-09-04T20:15:00Z","2026-09-04T21:00:00Z","true","APPROVED","DEMO","SYNTHETIC","130"
"SIM-S0187-Q-LPC_0p5","SIM-S0187","SIM-S0187-S","LPC_0p5","967.8352","count/mL","SIM-M-LPC_0p5","SIM-Q02","","3000","EQ","2026-09-04T20:15:00Z","2026-09-04T21:00:00Z","true","APPROVED","DEMO","SYNTHETIC","1000"
"SIM-S0187-Q-LPC_1p0","SIM-S0187","SIM-S0187-S","LPC_1p0","85.087","count/mL","SIM-M-LPC_1p0","SIM-Q02","","600","EQ","2026-09-04T20:15:00Z","2026-09-04T21:00:00Z","true","APPROVED","DEMO","SYNTHETIC","80"
"SIM-S0187-Q-Zeta","SIM-S0187","SIM-S0187-S","Zeta","-39.5713","mV","SIM-M-Zeta","SIM-Q02","-50","-30","EQ","2026-09-04T20:15:00Z","2026-09-04T21:00:00Z","true","APPROVED","DEMO","SYNTHETIC","-40"
"SIM-S0187-Q-Fe","SIM-S0187","SIM-S0187-S","Fe","0.297","ug/kg","SIM-M-Fe","SIM-Q02","","1","EQ","2026-09-04T20:15:00Z","2026-09-04T21:00:00Z","true","APPROVED","DEMO","SYNTHETIC","0.3"
"SIM-S0188-Q-pH","SIM-S0188","SIM-S0188-S","pH","10.0669","pH","SIM-M-pH","SIM-Q02","9.5","10.5","EQ","2026-09-04T20:15:00Z","2026-09-04T21:00:00Z","true","APPROVED","DEMO","SYNTHETIC","10"
"SIM-S0188-Q-Solids","SIM-S0188","SIM-S0188-S","Solids","10.0311","wt%","SIM-M-Solids","SIM-Q02","9.5","10.5","EQ","2026-09-04T20:15:00Z","2026-09-04T21:00:00Z","true","APPROVED","DEMO","SYNTHETIC","10"
"SIM-S0188-Q-Viscosity","SIM-S0188","SIM-S0188-S","Viscosity","1.6675","mPa.s","SIM-M-Viscosity","SIM-Q02","1.2","2.2","EQ","2026-09-04T20:15:00Z","2026-09-04T21:00:00Z","true","APPROVED","DEMO","SYNTHETIC","1.7"
"SIM-S0188-Q-D50","SIM-S0188","SIM-S0188-S","D50","89.2789","nm","SIM-M-D50","SIM-Q02","75","105","EQ","2026-09-04T20:15:00Z","2026-09-04T21:00:00Z","true","APPROVED","DEMO","SYNTHETIC","90"
"SIM-S0188-Q-D90","SIM-S0188","SIM-S0188-S","D90","130.29","nm","SIM-M-D90","SIM-Q02","110","180","EQ","2026-09-04T20:15:00Z","2026-09-04T21:00:00Z","true","APPROVED","DEMO","SYNTHETIC","130"
"SIM-S0188-Q-LPC_0p5","SIM-S0188","SIM-S0188-S","LPC_0p5","952.7129","count/mL","SIM-M-LPC_0p5","SIM-Q02","","3000","EQ","2026-09-04T20:15:00Z","2026-09-04T21:00:00Z","true","APPROVED","DEMO","SYNTHETIC","1000"
"SIM-S0188-Q-LPC_1p0","SIM-S0188","SIM-S0188-S","LPC_1p0","68.1629","count/mL","SIM-M-LPC_1p0","SIM-Q02","","600","EQ","2026-09-04T20:15:00Z","2026-09-04T21:00:00Z","true","APPROVED","DEMO","SYNTHETIC","80"
"SIM-S0188-Q-Zeta","SIM-S0188","SIM-S0188-S","Zeta","-39.7652","mV","SIM-M-Zeta","SIM-Q02","-50","-30","EQ","2026-09-04T20:15:00Z","2026-09-04T21:00:00Z","true","APPROVED","DEMO","SYNTHETIC","-40"
"SIM-S0188-Q-Fe","SIM-S0188","SIM-S0188-S","Fe","0.3496","ug/kg","SIM-M-Fe","SIM-Q02","","1","EQ","2026-09-04T20:15:00Z","2026-09-04T21:00:00Z","true","APPROVED","DEMO","SYNTHETIC","0.3"
"SIM-S0189-Q-pH","SIM-S0189","SIM-S0189-S","pH","9.9656","pH","SIM-M-pH","SIM-Q02","9.5","10.5","EQ","2026-09-04T20:15:00Z","2026-09-04T21:00:00Z","true","APPROVED","DEMO","SYNTHETIC","10"
"SIM-S0189-Q-Solids","SIM-S0189","SIM-S0189-S","Solids","10.0277","wt%","SIM-M-Solids","SIM-Q02","9.5","10.5","EQ","2026-09-04T20:15:00Z","2026-09-04T21:00:00Z","true","APPROVED","DEMO","SYNTHETIC","10"
"SIM-S0189-Q-Viscosity","SIM-S0189","SIM-S0189-S","Viscosity","1.758","mPa.s","SIM-M-Viscosity","SIM-Q02","1.2","2.2","EQ","2026-09-04T20:15:00Z","2026-09-04T21:00:00Z","true","APPROVED","DEMO","SYNTHETIC","1.7"
"SIM-S0189-Q-D50","SIM-S0189","SIM-S0189-S","D50","92.7361","nm","SIM-M-D50","SIM-Q02","75","105","EQ","2026-09-04T20:15:00Z","2026-09-04T21:00:00Z","true","APPROVED","DEMO","SYNTHETIC","90"
"SIM-S0189-Q-D90","SIM-S0189","SIM-S0189-S","D90","128.2779","nm","SIM-M-D90","SIM-Q02","110","180","EQ","2026-09-04T20:15:00Z","2026-09-04T21:00:00Z","true","APPROVED","DEMO","SYNTHETIC","130"
"SIM-S0189-Q-LPC_0p5","SIM-S0189","SIM-S0189-S","LPC_0p5","1079.2299","count/mL","SIM-M-LPC_0p5","SIM-Q02","","3000","EQ","2026-09-04T20:15:00Z","2026-09-04T21:00:00Z","true","APPROVED","DEMO","SYNTHETIC","1000"
"SIM-S0189-Q-LPC_1p0","SIM-S0189","SIM-S0189-S","LPC_1p0","75.1079","count/mL","SIM-M-LPC_1p0","SIM-Q02","","600","EQ","2026-09-04T20:15:00Z","2026-09-04T21:00:00Z","true","APPROVED","DEMO","SYNTHETIC","80"
"SIM-S0189-Q-Zeta","SIM-S0189","SIM-S0189-S","Zeta","-40.0519","mV","SIM-M-Zeta","SIM-Q02","-50","-30","EQ","2026-09-04T20:15:00Z","2026-09-04T21:00:00Z","true","APPROVED","DEMO","SYNTHETIC","-40"
"SIM-S0189-Q-Fe","SIM-S0189","SIM-S0189-S","Fe","0.2385","ug/kg","SIM-M-Fe","SIM-Q02","","1","EQ","2026-09-04T20:15:00Z","2026-09-04T21:00:00Z","true","APPROVED","DEMO","SYNTHETIC","0.3"
"SIM-S0190-Q-pH","SIM-S0190","SIM-S0190-S","pH","9.9148","pH","SIM-M-pH","SIM-Q02","9.5","10.5","EQ","2026-09-04T21:45:00Z","2026-09-04T22:30:00Z","true","APPROVED","DEMO","SYNTHETIC","10"
"SIM-S0190-Q-Solids","SIM-S0190","SIM-S0190-S","Solids","10.0411","wt%","SIM-M-Solids","SIM-Q02","9.5","10.5","EQ","2026-09-04T21:45:00Z","2026-09-04T22:30:00Z","true","APPROVED","DEMO","SYNTHETIC","10"
"SIM-S0190-Q-Viscosity","SIM-S0190","SIM-S0190-S","Viscosity","1.6592","mPa.s","SIM-M-Viscosity","SIM-Q02","1.2","2.2","EQ","2026-09-04T21:45:00Z","2026-09-04T22:30:00Z","true","APPROVED","DEMO","SYNTHETIC","1.7"
"SIM-S0190-Q-D50","SIM-S0190","SIM-S0190-S","D50","86.9662","nm","SIM-M-D50","SIM-Q02","75","105","EQ","2026-09-04T21:45:00Z","2026-09-04T22:30:00Z","true","APPROVED","DEMO","SYNTHETIC","90"
"SIM-S0190-Q-D90","SIM-S0190","SIM-S0190-S","D90","123.9312","nm","SIM-M-D90","SIM-Q02","110","180","EQ","2026-09-04T21:45:00Z","2026-09-04T22:30:00Z","true","APPROVED","DEMO","SYNTHETIC","130"
"SIM-S0190-Q-LPC_0p5","SIM-S0190","SIM-S0190-S","LPC_0p5","1000.5386","count/mL","SIM-M-LPC_0p5","SIM-Q02","","3000","EQ","2026-09-04T21:45:00Z","2026-09-04T22:30:00Z","true","APPROVED","DEMO","SYNTHETIC","1000"
"SIM-S0190-Q-LPC_1p0","SIM-S0190","SIM-S0190-S","LPC_1p0","78.3826","count/mL","SIM-M-LPC_1p0","SIM-Q02","","600","EQ","2026-09-04T21:45:00Z","2026-09-04T22:30:00Z","true","APPROVED","DEMO","SYNTHETIC","80"
"SIM-S0190-Q-Zeta","SIM-S0190","SIM-S0190-S","Zeta","-40.213","mV","SIM-M-Zeta","SIM-Q02","-50","-30","EQ","2026-09-04T21:45:00Z","2026-09-04T22:30:00Z","true","APPROVED","DEMO","SYNTHETIC","-40"
"SIM-S0190-Q-Fe","SIM-S0190","SIM-S0190-S","Fe","0.2951","ug/kg","SIM-M-Fe","SIM-Q02","","1","EQ","2026-09-04T21:45:00Z","2026-09-04T22:30:00Z","true","APPROVED","DEMO","SYNTHETIC","0.3"
"SIM-S0191-Q-pH","SIM-S0191","SIM-S0191-S","pH","9.9186","pH","SIM-M-pH","SIM-Q02","9.5","10.5","EQ","2026-09-04T21:45:00Z","2026-09-04T22:30:00Z","true","APPROVED","DEMO","SYNTHETIC","10"
"SIM-S0191-Q-Solids","SIM-S0191","SIM-S0191-S","Solids","9.9752","wt%","SIM-M-Solids","SIM-Q02","9.5","10.5","EQ","2026-09-04T21:45:00Z","2026-09-04T22:30:00Z","true","APPROVED","DEMO","SYNTHETIC","10"
"SIM-S0191-Q-Viscosity","SIM-S0191","SIM-S0191-S","Viscosity","1.7329","mPa.s","SIM-M-Viscosity","SIM-Q02","1.2","2.2","EQ","2026-09-04T21:45:00Z","2026-09-04T22:30:00Z","true","APPROVED","DEMO","SYNTHETIC","1.7"
"SIM-S0191-Q-D50","SIM-S0191","SIM-S0191-S","D50","93.1552","nm","SIM-M-D50","SIM-Q02","75","105","EQ","2026-09-04T21:45:00Z","2026-09-04T22:30:00Z","true","APPROVED","DEMO","SYNTHETIC","90"
"SIM-S0191-Q-D90","SIM-S0191","SIM-S0191-S","D90","128.1177","nm","SIM-M-D90","SIM-Q02","110","180","EQ","2026-09-04T21:45:00Z","2026-09-04T22:30:00Z","true","APPROVED","DEMO","SYNTHETIC","130"
"SIM-S0191-Q-LPC_0p5","SIM-S0191","SIM-S0191-S","LPC_0p5","972.9891","count/mL","SIM-M-LPC_0p5","SIM-Q02","","3000","EQ","2026-09-04T21:45:00Z","2026-09-04T22:30:00Z","true","APPROVED","DEMO","SYNTHETIC","1000"
"SIM-S0191-Q-LPC_1p0","SIM-S0191","SIM-S0191-S","LPC_1p0","72.5796","count/mL","SIM-M-LPC_1p0","SIM-Q02","","600","EQ","2026-09-04T21:45:00Z","2026-09-04T22:30:00Z","true","APPROVED","DEMO","SYNTHETIC","80"
"SIM-S0191-Q-Zeta","SIM-S0191","SIM-S0191-S","Zeta","-40.6355","mV","SIM-M-Zeta","SIM-Q02","-50","-30","EQ","2026-09-04T21:45:00Z","2026-09-04T22:30:00Z","true","APPROVED","DEMO","SYNTHETIC","-40"
"SIM-S0191-Q-Fe","SIM-S0191","SIM-S0191-S","Fe","0.2686","ug/kg","SIM-M-Fe","SIM-Q02","","1","EQ","2026-09-04T21:45:00Z","2026-09-04T22:30:00Z","true","APPROVED","DEMO","SYNTHETIC","0.3"
"SIM-S0192-Q-pH","SIM-S0192","SIM-S0192-S","pH","9.9425","pH","SIM-M-pH","SIM-Q02","9.5","10.5","EQ","2026-09-04T21:45:00Z","2026-09-04T22:30:00Z","true","APPROVED","DEMO","SYNTHETIC","10"
"SIM-S0192-Q-Solids","SIM-S0192","SIM-S0192-S","Solids","9.9359","wt%","SIM-M-Solids","SIM-Q02","9.5","10.5","EQ","2026-09-04T21:45:00Z","2026-09-04T22:30:00Z","true","APPROVED","DEMO","SYNTHETIC","10"
"SIM-S0192-Q-Viscosity","SIM-S0192","SIM-S0192-S","Viscosity","1.6998","mPa.s","SIM-M-Viscosity","SIM-Q02","1.2","2.2","EQ","2026-09-04T21:45:00Z","2026-09-04T22:30:00Z","true","APPROVED","DEMO","SYNTHETIC","1.7"
"SIM-S0192-Q-D50","SIM-S0192","SIM-S0192-S","D50","90.5512","nm","SIM-M-D50","SIM-Q02","75","105","EQ","2026-09-04T21:45:00Z","2026-09-04T22:30:00Z","true","APPROVED","DEMO","SYNTHETIC","90"
"SIM-S0192-Q-D90","SIM-S0192","SIM-S0192-S","D90","140.2382","nm","SIM-M-D90","SIM-Q02","110","180","EQ","2026-09-04T21:45:00Z","2026-09-04T22:30:00Z","true","APPROVED","DEMO","SYNTHETIC","130"
"SIM-S0192-Q-LPC_0p5","SIM-S0192","SIM-S0192-S","LPC_0p5","789.76","count/mL","SIM-M-LPC_0p5","SIM-Q02","","3000","EQ","2026-09-04T21:45:00Z","2026-09-04T22:30:00Z","true","APPROVED","DEMO","SYNTHETIC","1000"
"SIM-S0192-Q-LPC_1p0","SIM-S0192","SIM-S0192-S","LPC_1p0","73.066","count/mL","SIM-M-LPC_1p0","SIM-Q02","","600","EQ","2026-09-04T21:45:00Z","2026-09-04T22:30:00Z","true","APPROVED","DEMO","SYNTHETIC","80"
"SIM-S0192-Q-Zeta","SIM-S0192","SIM-S0192-S","Zeta","-40.1813","mV","SIM-M-Zeta","SIM-Q02","-50","-30","EQ","2026-09-04T21:45:00Z","2026-09-04T22:30:00Z","true","APPROVED","DEMO","SYNTHETIC","-40"
"SIM-S0192-Q-Fe","SIM-S0192","SIM-S0192-S","Fe","0.3025","ug/kg","SIM-M-Fe","SIM-Q02","","1","EQ","2026-09-04T21:45:00Z","2026-09-04T22:30:00Z","true","APPROVED","DEMO","SYNTHETIC","0.3"
"SIM-S0193-Q-pH","SIM-S0193","SIM-S0193-S","pH","9.877","pH","SIM-M-pH","SIM-Q02","9.5","10.5","EQ","2026-09-04T23:15:00Z","2026-09-05T00:00:00Z","true","APPROVED","DEMO","SYNTHETIC","10"
"SIM-S0193-Q-Solids","SIM-S0193","SIM-S0193-S","Solids","10.0813","wt%","SIM-M-Solids","SIM-Q02","9.5","10.5","EQ","2026-09-04T23:15:00Z","2026-09-05T00:00:00Z","true","APPROVED","DEMO","SYNTHETIC","10"
"SIM-S0193-Q-Viscosity","SIM-S0193","SIM-S0193-S","Viscosity","1.6468","mPa.s","SIM-M-Viscosity","SIM-Q02","1.2","2.2","EQ","2026-09-04T23:15:00Z","2026-09-05T00:00:00Z","true","APPROVED","DEMO","SYNTHETIC","1.7"
"SIM-S0193-Q-D50","SIM-S0193","SIM-S0193-S","D50","87.2124","nm","SIM-M-D50","SIM-Q02","75","105","EQ","2026-09-04T23:15:00Z","2026-09-05T00:00:00Z","true","APPROVED","DEMO","SYNTHETIC","90"
"SIM-S0193-Q-D90","SIM-S0193","SIM-S0193-S","D90","127.4829","nm","SIM-M-D90","SIM-Q02","110","180","EQ","2026-09-04T23:15:00Z","2026-09-05T00:00:00Z","true","APPROVED","DEMO","SYNTHETIC","130"
"SIM-S0193-Q-LPC_0p5","SIM-S0193","SIM-S0193-S","LPC_0p5","1128.8238","count/mL","SIM-M-LPC_0p5","SIM-Q02","","3000","EQ","2026-09-04T23:15:00Z","2026-09-05T00:00:00Z","true","APPROVED","DEMO","SYNTHETIC","1000"
"SIM-S0193-Q-LPC_1p0","SIM-S0193","SIM-S0193-S","LPC_1p0","85.3138","count/mL","SIM-M-LPC_1p0","SIM-Q02","","600","EQ","2026-09-04T23:15:00Z","2026-09-05T00:00:00Z","true","APPROVED","DEMO","SYNTHETIC","80"
"SIM-S0193-Q-Zeta","SIM-S0193","SIM-S0193-S","Zeta","-40.5928","mV","SIM-M-Zeta","SIM-Q02","-50","-30","EQ","2026-09-04T23:15:00Z","2026-09-05T00:00:00Z","true","APPROVED","DEMO","SYNTHETIC","-40"
"SIM-S0193-Q-Fe","SIM-S0193","SIM-S0193-S","Fe","0.3191","ug/kg","SIM-M-Fe","SIM-Q02","","1","EQ","2026-09-04T23:15:00Z","2026-09-05T00:00:00Z","true","APPROVED","DEMO","SYNTHETIC","0.3"
"SIM-S0194-Q-pH","SIM-S0194","SIM-S0194-S","pH","10.0016","pH","SIM-M-pH","SIM-Q02","9.5","10.5","EQ","2026-09-04T23:15:00Z","2026-09-05T00:00:00Z","true","APPROVED","DEMO","SYNTHETIC","10"
"SIM-S0194-Q-Solids","SIM-S0194","SIM-S0194-S","Solids","10.0485","wt%","SIM-M-Solids","SIM-Q02","9.5","10.5","EQ","2026-09-04T23:15:00Z","2026-09-05T00:00:00Z","true","APPROVED","DEMO","SYNTHETIC","10"
"SIM-S0194-Q-Viscosity","SIM-S0194","SIM-S0194-S","Viscosity","1.7533","mPa.s","SIM-M-Viscosity","SIM-Q02","1.2","2.2","EQ","2026-09-04T23:15:00Z","2026-09-05T00:00:00Z","true","APPROVED","DEMO","SYNTHETIC","1.7"
"SIM-S0194-Q-D50","SIM-S0194","SIM-S0194-S","D50","88.401","nm","SIM-M-D50","SIM-Q02","75","105","EQ","2026-09-04T23:15:00Z","2026-09-05T00:00:00Z","true","APPROVED","DEMO","SYNTHETIC","90"
"SIM-S0194-Q-D90","SIM-S0194","SIM-S0194-S","D90","130.5459","nm","SIM-M-D90","SIM-Q02","110","180","EQ","2026-09-04T23:15:00Z","2026-09-05T00:00:00Z","true","APPROVED","DEMO","SYNTHETIC","130"
"SIM-S0194-Q-LPC_0p5","SIM-S0194","SIM-S0194-S","LPC_0p5","954.5451","count/mL","SIM-M-LPC_0p5","SIM-Q02","","3000","EQ","2026-09-04T23:15:00Z","2026-09-05T00:00:00Z","true","APPROVED","DEMO","SYNTHETIC","1000"
"SIM-S0194-Q-LPC_1p0","SIM-S0194","SIM-S0194-S","LPC_1p0","77.9617","count/mL","SIM-M-LPC_1p0","SIM-Q02","","600","EQ","2026-09-04T23:15:00Z","2026-09-05T00:00:00Z","true","APPROVED","DEMO","SYNTHETIC","80"
"SIM-S0194-Q-Zeta","SIM-S0194","SIM-S0194-S","Zeta","-40.5391","mV","SIM-M-Zeta","SIM-Q02","-50","-30","EQ","2026-09-04T23:15:00Z","2026-09-05T00:00:00Z","true","APPROVED","DEMO","SYNTHETIC","-40"
"SIM-S0194-Q-Fe","SIM-S0194","SIM-S0194-S","Fe","0.3004","ug/kg","SIM-M-Fe","SIM-Q02","","1","EQ","2026-09-04T23:15:00Z","2026-09-05T00:00:00Z","true","APPROVED","DEMO","SYNTHETIC","0.3"
"SIM-S0195-Q-pH","SIM-S0195","SIM-S0195-S","pH","10.2446","pH","SIM-M-pH","SIM-Q02","9.5","10.5","EQ","2026-09-04T23:15:00Z","2026-09-05T00:00:00Z","true","APPROVED","DEMO","SYNTHETIC","10"
"SIM-S0195-Q-Solids","SIM-S0195","SIM-S0195-S","Solids","9.8444","wt%","SIM-M-Solids","SIM-Q02","9.5","10.5","EQ","2026-09-04T23:15:00Z","2026-09-05T00:00:00Z","true","APPROVED","DEMO","SYNTHETIC","10"
"SIM-S0195-Q-Viscosity","SIM-S0195","SIM-S0195-S","Viscosity","1.7558","mPa.s","SIM-M-Viscosity","SIM-Q02","1.2","2.2","EQ","2026-09-04T23:15:00Z","2026-09-05T00:00:00Z","true","APPROVED","DEMO","SYNTHETIC","1.7"
"SIM-S0195-Q-D50","SIM-S0195","SIM-S0195-S","D50","88.8646","nm","SIM-M-D50","SIM-Q02","75","105","EQ","2026-09-04T23:15:00Z","2026-09-05T00:00:00Z","true","APPROVED","DEMO","SYNTHETIC","90"
"SIM-S0195-Q-D90","SIM-S0195","SIM-S0195-S","D90","137.3033","nm","SIM-M-D90","SIM-Q02","110","180","EQ","2026-09-04T23:15:00Z","2026-09-05T00:00:00Z","true","APPROVED","DEMO","SYNTHETIC","130"
"SIM-S0195-Q-LPC_0p5","SIM-S0195","SIM-S0195-S","LPC_0p5","961.9535","count/mL","SIM-M-LPC_0p5","SIM-Q02","","3000","EQ","2026-09-04T23:15:00Z","2026-09-05T00:00:00Z","true","APPROVED","DEMO","SYNTHETIC","1000"
"SIM-S0195-Q-LPC_1p0","SIM-S0195","SIM-S0195-S","LPC_1p0","77.9989","count/mL","SIM-M-LPC_1p0","SIM-Q02","","600","EQ","2026-09-04T23:15:00Z","2026-09-05T00:00:00Z","true","APPROVED","DEMO","SYNTHETIC","80"
"SIM-S0195-Q-Zeta","SIM-S0195","SIM-S0195-S","Zeta","-41.9465","mV","SIM-M-Zeta","SIM-Q02","-50","-30","EQ","2026-09-04T23:15:00Z","2026-09-05T00:00:00Z","true","APPROVED","DEMO","SYNTHETIC","-40"
"SIM-S0195-Q-Fe","SIM-S0195","SIM-S0195-S","Fe","0.3478","ug/kg","SIM-M-Fe","SIM-Q02","","1","EQ","2026-09-04T23:15:00Z","2026-09-05T00:00:00Z","true","APPROVED","DEMO","SYNTHETIC","0.3"
"SIM-S0196-Q-pH","SIM-S0196","SIM-S0196-S","pH","10.4614","pH","SIM-M-pH","SIM-Q02","9.5","10.5","EQ","2026-09-05T00:45:00Z","2026-09-05T01:30:00Z","true","APPROVED","DEMO","SYNTHETIC","10"
"SIM-S0196-Q-Solids","SIM-S0196","SIM-S0196-S","Solids","9.9799","wt%","SIM-M-Solids","SIM-Q02","9.5","10.5","EQ","2026-09-05T00:45:00Z","2026-09-05T01:30:00Z","true","APPROVED","DEMO","SYNTHETIC","10"
"SIM-S0196-Q-Viscosity","SIM-S0196","SIM-S0196-S","Viscosity","1.7861","mPa.s","SIM-M-Viscosity","SIM-Q02","1.2","2.2","EQ","2026-09-05T00:45:00Z","2026-09-05T01:30:00Z","true","APPROVED","DEMO","SYNTHETIC","1.7"
"SIM-S0196-Q-D50","SIM-S0196","SIM-S0196-S","D50","90.9198","nm","SIM-M-D50","SIM-Q02","75","105","EQ","2026-09-05T00:45:00Z","2026-09-05T01:30:00Z","true","APPROVED","DEMO","SYNTHETIC","90"
"SIM-S0196-Q-D90","SIM-S0196","SIM-S0196-S","D90","129.4914","nm","SIM-M-D90","SIM-Q02","110","180","EQ","2026-09-05T00:45:00Z","2026-09-05T01:30:00Z","true","APPROVED","DEMO","SYNTHETIC","130"
"SIM-S0196-Q-LPC_0p5","SIM-S0196","SIM-S0196-S","LPC_0p5","1051.4408","count/mL","SIM-M-LPC_0p5","SIM-Q02","","3000","EQ","2026-09-05T00:45:00Z","2026-09-05T01:30:00Z","true","APPROVED","DEMO","SYNTHETIC","1000"
"SIM-S0196-Q-LPC_1p0","SIM-S0196","SIM-S0196-S","LPC_1p0","81.8041","count/mL","SIM-M-LPC_1p0","SIM-Q02","","600","EQ","2026-09-05T00:45:00Z","2026-09-05T01:30:00Z","true","APPROVED","DEMO","SYNTHETIC","80"
"SIM-S0196-Q-Zeta","SIM-S0196","SIM-S0196-S","Zeta","-40.9476","mV","SIM-M-Zeta","SIM-Q02","-50","-30","EQ","2026-09-05T00:45:00Z","2026-09-05T01:30:00Z","true","APPROVED","DEMO","SYNTHETIC","-40"
"SIM-S0196-Q-Fe","SIM-S0196","SIM-S0196-S","Fe","0.2646","ug/kg","SIM-M-Fe","SIM-Q02","","1","EQ","2026-09-05T00:45:00Z","2026-09-05T01:30:00Z","true","APPROVED","DEMO","SYNTHETIC","0.3"
"SIM-S0197-Q-pH","SIM-S0197","SIM-S0197-S","pH","10.5404","pH","SIM-M-pH","SIM-Q02","9.5","10.5","EQ","2026-09-05T00:45:00Z","2026-09-05T01:30:00Z","true","APPROVED","DEMO","SYNTHETIC","10"
"SIM-S0197-Q-Solids","SIM-S0197","SIM-S0197-S","Solids","9.9199","wt%","SIM-M-Solids","SIM-Q02","9.5","10.5","EQ","2026-09-05T00:45:00Z","2026-09-05T01:30:00Z","true","APPROVED","DEMO","SYNTHETIC","10"
"SIM-S0197-Q-Viscosity","SIM-S0197","SIM-S0197-S","Viscosity","1.7199","mPa.s","SIM-M-Viscosity","SIM-Q02","1.2","2.2","EQ","2026-09-05T00:45:00Z","2026-09-05T01:30:00Z","true","APPROVED","DEMO","SYNTHETIC","1.7"
"SIM-S0197-Q-D50","SIM-S0197","SIM-S0197-S","D50","90.5254","nm","SIM-M-D50","SIM-Q02","75","105","EQ","2026-09-05T00:45:00Z","2026-09-05T01:30:00Z","true","APPROVED","DEMO","SYNTHETIC","90"
"SIM-S0197-Q-D90","SIM-S0197","SIM-S0197-S","D90","128.297","nm","SIM-M-D90","SIM-Q02","110","180","EQ","2026-09-05T00:45:00Z","2026-09-05T01:30:00Z","true","APPROVED","DEMO","SYNTHETIC","130"
"SIM-S0197-Q-LPC_0p5","SIM-S0197","SIM-S0197-S","LPC_0p5","1102.123","count/mL","SIM-M-LPC_0p5","SIM-Q02","","3000","EQ","2026-09-05T00:45:00Z","2026-09-05T01:30:00Z","true","APPROVED","DEMO","SYNTHETIC","1000"
"SIM-S0197-Q-LPC_1p0","SIM-S0197","SIM-S0197-S","LPC_1p0","76.1178","count/mL","SIM-M-LPC_1p0","SIM-Q02","","600","EQ","2026-09-05T00:45:00Z","2026-09-05T01:30:00Z","true","APPROVED","DEMO","SYNTHETIC","80"
"SIM-S0197-Q-Zeta","SIM-S0197","SIM-S0197-S","Zeta","-40.1162","mV","SIM-M-Zeta","SIM-Q02","-50","-30","EQ","2026-09-05T00:45:00Z","2026-09-05T01:30:00Z","true","APPROVED","DEMO","SYNTHETIC","-40"
"SIM-S0197-Q-Fe","SIM-S0197","SIM-S0197-S","Fe","0.2854","ug/kg","SIM-M-Fe","SIM-Q02","","1","EQ","2026-09-05T00:45:00Z","2026-09-05T01:30:00Z","true","APPROVED","DEMO","SYNTHETIC","0.3"
"SIM-S0198-Q-pH","SIM-S0198","SIM-S0198-S","pH","10.6474","pH","SIM-M-pH","SIM-Q02","9.5","10.5","EQ","2026-09-05T00:45:00Z","2026-09-05T01:30:00Z","true","APPROVED","DEMO","SYNTHETIC","10"
"SIM-S0198-Q-Solids","SIM-S0198","SIM-S0198-S","Solids","10.0374","wt%","SIM-M-Solids","SIM-Q02","9.5","10.5","EQ","2026-09-05T00:45:00Z","2026-09-05T01:30:00Z","true","APPROVED","DEMO","SYNTHETIC","10"
"SIM-S0198-Q-Viscosity","SIM-S0198","SIM-S0198-S","Viscosity","1.6865","mPa.s","SIM-M-Viscosity","SIM-Q02","1.2","2.2","EQ","2026-09-05T00:45:00Z","2026-09-05T01:30:00Z","true","APPROVED","DEMO","SYNTHETIC","1.7"
"SIM-S0198-Q-D50","SIM-S0198","SIM-S0198-S","D50","92.066","nm","SIM-M-D50","SIM-Q02","75","105","EQ","2026-09-05T00:45:00Z","2026-09-05T01:30:00Z","true","APPROVED","DEMO","SYNTHETIC","90"
"SIM-S0198-Q-D90","SIM-S0198","SIM-S0198-S","D90","117.7122","nm","SIM-M-D90","SIM-Q02","110","180","EQ","2026-09-05T00:45:00Z","2026-09-05T01:30:00Z","true","APPROVED","DEMO","SYNTHETIC","130"
"SIM-S0198-Q-LPC_0p5","SIM-S0198","SIM-S0198-S","LPC_0p5","1102.3432","count/mL","SIM-M-LPC_0p5","SIM-Q02","","3000","EQ","2026-09-05T00:45:00Z","2026-09-05T01:30:00Z","true","APPROVED","DEMO","SYNTHETIC","1000"
"SIM-S0198-Q-LPC_1p0","SIM-S0198","SIM-S0198-S","LPC_1p0","81.3815","count/mL","SIM-M-LPC_1p0","SIM-Q02","","600","EQ","2026-09-05T00:45:00Z","2026-09-05T01:30:00Z","true","APPROVED","DEMO","SYNTHETIC","80"
"SIM-S0198-Q-Zeta","SIM-S0198","SIM-S0198-S","Zeta","-42.7177","mV","SIM-M-Zeta","SIM-Q02","-50","-30","EQ","2026-09-05T00:45:00Z","2026-09-05T01:30:00Z","true","APPROVED","DEMO","SYNTHETIC","-40"
"SIM-S0198-Q-Fe","SIM-S0198","SIM-S0198-S","Fe","0.3122","ug/kg","SIM-M-Fe","SIM-Q02","","1","EQ","2026-09-05T00:45:00Z","2026-09-05T01:30:00Z","true","APPROVED","DEMO","SYNTHETIC","0.3"
"SIM-S0199-Q-pH","SIM-S0199","SIM-S0199-S","pH","10.6736","pH","SIM-M-pH","SIM-Q02","9.5","10.5","EQ","2026-09-05T02:15:00Z","2026-09-05T03:00:00Z","true","APPROVED","DEMO","SYNTHETIC","10"
"SIM-S0199-Q-Solids","SIM-S0199","SIM-S0199-S","Solids","9.9698","wt%","SIM-M-Solids","SIM-Q02","9.5","10.5","EQ","2026-09-05T02:15:00Z","2026-09-05T03:00:00Z","true","APPROVED","DEMO","SYNTHETIC","10"
"SIM-S0199-Q-Viscosity","SIM-S0199","SIM-S0199-S","Viscosity","1.7901","mPa.s","SIM-M-Viscosity","SIM-Q02","1.2","2.2","EQ","2026-09-05T02:15:00Z","2026-09-05T03:00:00Z","true","APPROVED","DEMO","SYNTHETIC","1.7"
"SIM-S0199-Q-D50","SIM-S0199","SIM-S0199-S","D50","93.1188","nm","SIM-M-D50","SIM-Q02","75","105","EQ","2026-09-05T02:15:00Z","2026-09-05T03:00:00Z","true","APPROVED","DEMO","SYNTHETIC","90"
"SIM-S0199-Q-D90","SIM-S0199","SIM-S0199-S","D90","126.6872","nm","SIM-M-D90","SIM-Q02","110","180","EQ","2026-09-05T02:15:00Z","2026-09-05T03:00:00Z","true","APPROVED","DEMO","SYNTHETIC","130"
"SIM-S0199-Q-LPC_0p5","SIM-S0199","SIM-S0199-S","LPC_0p5","1053.0592","count/mL","SIM-M-LPC_0p5","SIM-Q02","","3000","EQ","2026-09-05T02:15:00Z","2026-09-05T03:00:00Z","true","APPROVED","DEMO","SYNTHETIC","1000"
"SIM-S0199-Q-LPC_1p0","SIM-S0199","SIM-S0199-S","LPC_1p0","76.622","count/mL","SIM-M-LPC_1p0","SIM-Q02","","600","EQ","2026-09-05T02:15:00Z","2026-09-05T03:00:00Z","true","APPROVED","DEMO","SYNTHETIC","80"
"SIM-S0199-Q-Zeta","SIM-S0199","SIM-S0199-S","Zeta","-42.7369","mV","SIM-M-Zeta","SIM-Q02","-50","-30","EQ","2026-09-05T02:15:00Z","2026-09-05T03:00:00Z","true","APPROVED","DEMO","SYNTHETIC","-40"
"SIM-S0199-Q-Fe","SIM-S0199","SIM-S0199-S","Fe","0.3036","ug/kg","SIM-M-Fe","SIM-Q02","","1","EQ","2026-09-05T02:15:00Z","2026-09-05T03:00:00Z","true","APPROVED","DEMO","SYNTHETIC","0.3"
"SIM-S0200-Q-pH","SIM-S0200","SIM-S0200-S","pH","10.5168","pH","SIM-M-pH","SIM-Q02","9.5","10.5","EQ","2026-09-05T02:15:00Z","2026-09-05T03:00:00Z","true","APPROVED","DEMO","SYNTHETIC","10"
"SIM-S0200-Q-Solids","SIM-S0200","SIM-S0200-S","Solids","10.0959","wt%","SIM-M-Solids","SIM-Q02","9.5","10.5","EQ","2026-09-05T02:15:00Z","2026-09-05T03:00:00Z","true","APPROVED","DEMO","SYNTHETIC","10"
"SIM-S0200-Q-Viscosity","SIM-S0200","SIM-S0200-S","Viscosity","1.7614","mPa.s","SIM-M-Viscosity","SIM-Q02","1.2","2.2","EQ","2026-09-05T02:15:00Z","2026-09-05T03:00:00Z","true","APPROVED","DEMO","SYNTHETIC","1.7"
"SIM-S0200-Q-D50","SIM-S0200","SIM-S0200-S","D50","92.6081","nm","SIM-M-D50","SIM-Q02","75","105","EQ","2026-09-05T02:15:00Z","2026-09-05T03:00:00Z","true","APPROVED","DEMO","SYNTHETIC","90"
"SIM-S0200-Q-D90","SIM-S0200","SIM-S0200-S","D90","126.704","nm","SIM-M-D90","SIM-Q02","110","180","EQ","2026-09-05T02:15:00Z","2026-09-05T03:00:00Z","true","APPROVED","DEMO","SYNTHETIC","130"
"SIM-S0200-Q-LPC_0p5","SIM-S0200","SIM-S0200-S","LPC_0p5","1098.0548","count/mL","SIM-M-LPC_0p5","SIM-Q02","","3000","EQ","2026-09-05T02:15:00Z","2026-09-05T03:00:00Z","true","APPROVED","DEMO","SYNTHETIC","1000"
"SIM-S0200-Q-LPC_1p0","SIM-S0200","SIM-S0200-S","LPC_1p0","71.1851","count/mL","SIM-M-LPC_1p0","SIM-Q02","","600","EQ","2026-09-05T02:15:00Z","2026-09-05T03:00:00Z","true","APPROVED","DEMO","SYNTHETIC","80"
"SIM-S0200-Q-Zeta","SIM-S0200","SIM-S0200-S","Zeta","-40.8453","mV","SIM-M-Zeta","SIM-Q02","-50","-30","EQ","2026-09-05T02:15:00Z","2026-09-05T03:00:00Z","true","APPROVED","DEMO","SYNTHETIC","-40"
"SIM-S0200-Q-Fe","SIM-S0200","SIM-S0200-S","Fe","0.2905","ug/kg","SIM-M-Fe","SIM-Q02","","1","EQ","2026-09-05T02:15:00Z","2026-09-05T03:00:00Z","true","APPROVED","DEMO","SYNTHETIC","0.3"
"SIM-S0201-Q-pH","SIM-S0201","SIM-S0201-S","pH","10.5775","pH","SIM-M-pH","SIM-Q02","9.5","10.5","EQ","2026-09-05T02:15:00Z","2026-09-05T03:00:00Z","true","APPROVED","DEMO","SYNTHETIC","10"
"SIM-S0201-Q-Solids","SIM-S0201","SIM-S0201-S","Solids","10.1444","wt%","SIM-M-Solids","SIM-Q02","9.5","10.5","EQ","2026-09-05T02:15:00Z","2026-09-05T03:00:00Z","true","APPROVED","DEMO","SYNTHETIC","10"
"SIM-S0201-Q-Viscosity","SIM-S0201","SIM-S0201-S","Viscosity","1.6318","mPa.s","SIM-M-Viscosity","SIM-Q02","1.2","2.2","EQ","2026-09-05T02:15:00Z","2026-09-05T03:00:00Z","true","APPROVED","DEMO","SYNTHETIC","1.7"
"SIM-S0201-Q-D50","SIM-S0201","SIM-S0201-S","D50","85.8494","nm","SIM-M-D50","SIM-Q02","75","105","EQ","2026-09-05T02:15:00Z","2026-09-05T03:00:00Z","true","APPROVED","DEMO","SYNTHETIC","90"
"SIM-S0201-Q-D90","SIM-S0201","SIM-S0201-S","D90","129.652","nm","SIM-M-D90","SIM-Q02","110","180","EQ","2026-09-05T02:15:00Z","2026-09-05T03:00:00Z","true","APPROVED","DEMO","SYNTHETIC","130"
"SIM-S0201-Q-LPC_0p5","SIM-S0201","SIM-S0201-S","LPC_0p5","927.8407","count/mL","SIM-M-LPC_0p5","SIM-Q02","","3000","EQ","2026-09-05T02:15:00Z","2026-09-05T03:00:00Z","true","APPROVED","DEMO","SYNTHETIC","1000"
"SIM-S0201-Q-LPC_1p0","SIM-S0201","SIM-S0201-S","LPC_1p0","77.3299","count/mL","SIM-M-LPC_1p0","SIM-Q02","","600","EQ","2026-09-05T02:15:00Z","2026-09-05T03:00:00Z","true","APPROVED","DEMO","SYNTHETIC","80"
"SIM-S0201-Q-Zeta","SIM-S0201","SIM-S0201-S","Zeta","-42.0183","mV","SIM-M-Zeta","SIM-Q02","-50","-30","EQ","2026-09-05T02:15:00Z","2026-09-05T03:00:00Z","true","APPROVED","DEMO","SYNTHETIC","-40"
"SIM-S0201-Q-Fe","SIM-S0201","SIM-S0201-S","Fe","0.2884","ug/kg","SIM-M-Fe","SIM-Q02","","1","EQ","2026-09-05T02:15:00Z","2026-09-05T03:00:00Z","true","APPROVED","DEMO","SYNTHETIC","0.3"
"SIM-S0202-Q-pH","SIM-S0202","SIM-S0202-S","pH","10.573","pH","SIM-M-pH","SIM-Q02","9.5","10.5","EQ","2026-09-05T03:45:00Z","2026-09-05T04:30:00Z","true","APPROVED","DEMO","SYNTHETIC","10"
"SIM-S0202-Q-Solids","SIM-S0202","SIM-S0202-S","Solids","10.0169","wt%","SIM-M-Solids","SIM-Q02","9.5","10.5","EQ","2026-09-05T03:45:00Z","2026-09-05T04:30:00Z","true","APPROVED","DEMO","SYNTHETIC","10"
"SIM-S0202-Q-Viscosity","SIM-S0202","SIM-S0202-S","Viscosity","1.696","mPa.s","SIM-M-Viscosity","SIM-Q02","1.2","2.2","EQ","2026-09-05T03:45:00Z","2026-09-05T04:30:00Z","true","APPROVED","DEMO","SYNTHETIC","1.7"
"SIM-S0202-Q-D50","SIM-S0202","SIM-S0202-S","D50","91.442","nm","SIM-M-D50","SIM-Q02","75","105","EQ","2026-09-05T03:45:00Z","2026-09-05T04:30:00Z","true","APPROVED","DEMO","SYNTHETIC","90"
"SIM-S0202-Q-D90","SIM-S0202","SIM-S0202-S","D90","130.9857","nm","SIM-M-D90","SIM-Q02","110","180","EQ","2026-09-05T03:45:00Z","2026-09-05T04:30:00Z","true","APPROVED","DEMO","SYNTHETIC","130"
"SIM-S0202-Q-LPC_0p5","SIM-S0202","SIM-S0202-S","LPC_0p5","1155.783","count/mL","SIM-M-LPC_0p5","SIM-Q02","","3000","EQ","2026-09-05T03:45:00Z","2026-09-05T04:30:00Z","true","APPROVED","DEMO","SYNTHETIC","1000"
"SIM-S0202-Q-LPC_1p0","SIM-S0202","SIM-S0202-S","LPC_1p0","100.1","count/mL","SIM-M-LPC_1p0","SIM-Q02","","600","EQ","2026-09-05T03:45:00Z","2026-09-05T04:30:00Z","true","APPROVED","DEMO","SYNTHETIC","80"
"SIM-S0202-Q-Zeta","SIM-S0202","SIM-S0202-S","Zeta","-41.3584","mV","SIM-M-Zeta","SIM-Q02","-50","-30","EQ","2026-09-05T03:45:00Z","2026-09-05T04:30:00Z","true","APPROVED","DEMO","SYNTHETIC","-40"
"SIM-S0202-Q-Fe","SIM-S0202","SIM-S0202-S","Fe","0.3519","ug/kg","SIM-M-Fe","SIM-Q02","","1","EQ","2026-09-05T03:45:00Z","2026-09-05T04:30:00Z","true","APPROVED","DEMO","SYNTHETIC","0.3"
"SIM-S0203-Q-pH","SIM-S0203","SIM-S0203-S","pH","10.5591","pH","SIM-M-pH","SIM-Q02","9.5","10.5","EQ","2026-09-05T03:45:00Z","2026-09-05T04:30:00Z","true","APPROVED","DEMO","SYNTHETIC","10"
"SIM-S0203-Q-Solids","SIM-S0203","SIM-S0203-S","Solids","9.9354","wt%","SIM-M-Solids","SIM-Q02","9.5","10.5","EQ","2026-09-05T03:45:00Z","2026-09-05T04:30:00Z","true","APPROVED","DEMO","SYNTHETIC","10"
"SIM-S0203-Q-Viscosity","SIM-S0203","SIM-S0203-S","Viscosity","1.6588","mPa.s","SIM-M-Viscosity","SIM-Q02","1.2","2.2","EQ","2026-09-05T03:45:00Z","2026-09-05T04:30:00Z","true","APPROVED","DEMO","SYNTHETIC","1.7"
"SIM-S0203-Q-D50","SIM-S0203","SIM-S0203-S","D50","89.302","nm","SIM-M-D50","SIM-Q02","75","105","EQ","2026-09-05T03:45:00Z","2026-09-05T04:30:00Z","true","APPROVED","DEMO","SYNTHETIC","90"
"SIM-S0203-Q-D90","SIM-S0203","SIM-S0203-S","D90","128.9137","nm","SIM-M-D90","SIM-Q02","110","180","EQ","2026-09-05T03:45:00Z","2026-09-05T04:30:00Z","true","APPROVED","DEMO","SYNTHETIC","130"
"SIM-S0203-Q-LPC_0p5","SIM-S0203","SIM-S0203-S","LPC_0p5","1061.5862","count/mL","SIM-M-LPC_0p5","SIM-Q02","","3000","EQ","2026-09-05T03:45:00Z","2026-09-05T04:30:00Z","true","APPROVED","DEMO","SYNTHETIC","1000"
"SIM-S0203-Q-LPC_1p0","SIM-S0203","SIM-S0203-S","LPC_1p0","169.253","count/mL","SIM-M-LPC_1p0","SIM-Q02","","600","EQ","2026-09-05T03:45:00Z","2026-09-05T04:30:00Z","true","APPROVED","DEMO","SYNTHETIC","80"
"SIM-S0203-Q-Zeta","SIM-S0203","SIM-S0203-S","Zeta","-42.0889","mV","SIM-M-Zeta","SIM-Q02","-50","-30","EQ","2026-09-05T03:45:00Z","2026-09-05T04:30:00Z","true","APPROVED","DEMO","SYNTHETIC","-40"
"SIM-S0203-Q-Fe","SIM-S0203","SIM-S0203-S","Fe","0.3357","ug/kg","SIM-M-Fe","SIM-Q02","","1","EQ","2026-09-05T03:45:00Z","2026-09-05T04:30:00Z","true","APPROVED","DEMO","SYNTHETIC","0.3"
"SIM-S0204-Q-pH","SIM-S0204","SIM-S0204-S","pH","9.8539","pH","SIM-M-pH","SIM-Q02","9.5","10.5","EQ","2026-09-05T03:45:00Z","2026-09-05T04:30:00Z","true","APPROVED","DEMO","SYNTHETIC","10"
"SIM-S0204-Q-Solids","SIM-S0204","SIM-S0204-S","Solids","10.0676","wt%","SIM-M-Solids","SIM-Q02","9.5","10.5","EQ","2026-09-05T03:45:00Z","2026-09-05T04:30:00Z","true","APPROVED","DEMO","SYNTHETIC","10"
"SIM-S0204-Q-Viscosity","SIM-S0204","SIM-S0204-S","Viscosity","1.6949","mPa.s","SIM-M-Viscosity","SIM-Q02","1.2","2.2","EQ","2026-09-05T03:45:00Z","2026-09-05T04:30:00Z","true","APPROVED","DEMO","SYNTHETIC","1.7"
"SIM-S0204-Q-D50","SIM-S0204","SIM-S0204-S","D50","91.7284","nm","SIM-M-D50","SIM-Q02","75","105","EQ","2026-09-05T03:45:00Z","2026-09-05T04:30:00Z","true","APPROVED","DEMO","SYNTHETIC","90"
"SIM-S0204-Q-D90","SIM-S0204","SIM-S0204-S","D90","126.4498","nm","SIM-M-D90","SIM-Q02","110","180","EQ","2026-09-05T03:45:00Z","2026-09-05T04:30:00Z","true","APPROVED","DEMO","SYNTHETIC","130"
"SIM-S0204-Q-LPC_0p5","SIM-S0204","SIM-S0204-S","LPC_0p5","913.3233","count/mL","SIM-M-LPC_0p5","SIM-Q02","","3000","EQ","2026-09-05T03:45:00Z","2026-09-05T04:30:00Z","true","APPROVED","DEMO","SYNTHETIC","1000"
"SIM-S0204-Q-LPC_1p0","SIM-S0204","SIM-S0204-S","LPC_1p0","79.4673","count/mL","SIM-M-LPC_1p0","SIM-Q02","","600","EQ","2026-09-05T03:45:00Z","2026-09-05T04:30:00Z","true","APPROVED","DEMO","SYNTHETIC","80"
"SIM-S0204-Q-Zeta","SIM-S0204","SIM-S0204-S","Zeta","-42.3406","mV","SIM-M-Zeta","SIM-Q02","-50","-30","EQ","2026-09-05T03:45:00Z","2026-09-05T04:30:00Z","true","APPROVED","DEMO","SYNTHETIC","-40"
"SIM-S0204-Q-Fe","SIM-S0204","SIM-S0204-S","Fe","0.2445","ug/kg","SIM-M-Fe","SIM-Q02","","1","EQ","2026-09-05T03:45:00Z","2026-09-05T04:30:00Z","true","APPROVED","DEMO","SYNTHETIC","0.3"
"SIM-S0205-Q-pH","SIM-S0205","SIM-S0205-S","pH","9.9704","pH","SIM-M-pH","SIM-Q02","9.5","10.5","EQ","2026-09-05T05:15:00Z","2026-09-05T06:00:00Z","true","APPROVED","DEMO","SYNTHETIC","10"
"SIM-S0205-Q-Solids","SIM-S0205","SIM-S0205-S","Solids","9.9073","wt%","SIM-M-Solids","SIM-Q02","9.5","10.5","EQ","2026-09-05T05:15:00Z","2026-09-05T06:00:00Z","true","APPROVED","DEMO","SYNTHETIC","10"
"SIM-S0205-Q-Viscosity","SIM-S0205","SIM-S0205-S","Viscosity","1.8298","mPa.s","SIM-M-Viscosity","SIM-Q02","1.2","2.2","EQ","2026-09-05T05:15:00Z","2026-09-05T06:00:00Z","true","APPROVED","DEMO","SYNTHETIC","1.7"
"SIM-S0205-Q-D50","SIM-S0205","SIM-S0205-S","D50","86.5265","nm","SIM-M-D50","SIM-Q02","75","105","EQ","2026-09-05T05:15:00Z","2026-09-05T06:00:00Z","true","APPROVED","DEMO","SYNTHETIC","90"
"SIM-S0205-Q-D90","SIM-S0205","SIM-S0205-S","D90","125.7994","nm","SIM-M-D90","SIM-Q02","110","180","EQ","2026-09-05T05:15:00Z","2026-09-05T06:00:00Z","true","APPROVED","DEMO","SYNTHETIC","130"
"SIM-S0205-Q-LPC_0p5","SIM-S0205","SIM-S0205-S","LPC_0p5","1018.3806","count/mL","SIM-M-LPC_0p5","SIM-Q02","","3000","EQ","2026-09-05T05:15:00Z","2026-09-05T06:00:00Z","true","APPROVED","DEMO","SYNTHETIC","1000"
"SIM-S0205-Q-LPC_1p0","SIM-S0205","SIM-S0205-S","LPC_1p0","59.6607","count/mL","SIM-M-LPC_1p0","SIM-Q02","","600","EQ","2026-09-05T05:15:00Z","2026-09-05T06:00:00Z","true","APPROVED","DEMO","SYNTHETIC","80"
"SIM-S0205-Q-Zeta","SIM-S0205","SIM-S0205-S","Zeta","-40.0257","mV","SIM-M-Zeta","SIM-Q02","-50","-30","EQ","2026-09-05T05:15:00Z","2026-09-05T06:00:00Z","true","APPROVED","DEMO","SYNTHETIC","-40"
"SIM-S0205-Q-Fe","SIM-S0205","SIM-S0205-S","Fe","0.2476","ug/kg","SIM-M-Fe","SIM-Q02","","1","EQ","2026-09-05T05:15:00Z","2026-09-05T06:00:00Z","true","APPROVED","DEMO","SYNTHETIC","0.3"
"SIM-S0206-Q-pH","SIM-S0206","SIM-S0206-S","pH","10.0629","pH","SIM-M-pH","SIM-Q02","9.5","10.5","EQ","2026-09-05T05:15:00Z","2026-09-05T06:00:00Z","true","APPROVED","DEMO","SYNTHETIC","10"
"SIM-S0206-Q-Solids","SIM-S0206","SIM-S0206-S","Solids","10.0723","wt%","SIM-M-Solids","SIM-Q02","9.5","10.5","EQ","2026-09-05T05:15:00Z","2026-09-05T06:00:00Z","true","APPROVED","DEMO","SYNTHETIC","10"
"SIM-S0206-Q-Viscosity","SIM-S0206","SIM-S0206-S","Viscosity","1.7537","mPa.s","SIM-M-Viscosity","SIM-Q02","1.2","2.2","EQ","2026-09-05T05:15:00Z","2026-09-05T06:00:00Z","true","APPROVED","DEMO","SYNTHETIC","1.7"
"SIM-S0206-Q-D50","SIM-S0206","SIM-S0206-S","D50","92.8996","nm","SIM-M-D50","SIM-Q02","75","105","EQ","2026-09-05T05:15:00Z","2026-09-05T06:00:00Z","true","APPROVED","DEMO","SYNTHETIC","90"
"SIM-S0206-Q-D90","SIM-S0206","SIM-S0206-S","D90","139.4999","nm","SIM-M-D90","SIM-Q02","110","180","EQ","2026-09-05T05:15:00Z","2026-09-05T06:00:00Z","true","APPROVED","DEMO","SYNTHETIC","130"
"SIM-S0206-Q-LPC_0p5","SIM-S0206","SIM-S0206-S","LPC_0p5","1320.5551","count/mL","SIM-M-LPC_0p5","SIM-Q02","","3000","EQ","2026-09-05T05:15:00Z","2026-09-05T06:00:00Z","true","APPROVED","DEMO","SYNTHETIC","1000"
"SIM-S0206-Q-LPC_1p0","SIM-S0206","SIM-S0206-S","LPC_1p0","282.223","count/mL","SIM-M-LPC_1p0","SIM-Q02","","600","EQ","2026-09-05T05:15:00Z","2026-09-05T06:00:00Z","true","APPROVED","DEMO","SYNTHETIC","80"
"SIM-S0206-Q-Zeta","SIM-S0206","SIM-S0206-S","Zeta","-39.3521","mV","SIM-M-Zeta","SIM-Q02","-50","-30","EQ","2026-09-05T05:15:00Z","2026-09-05T06:00:00Z","true","APPROVED","DEMO","SYNTHETIC","-40"
"SIM-S0206-Q-Fe","SIM-S0206","SIM-S0206-S","Fe","0.3156","ug/kg","SIM-M-Fe","SIM-Q02","","1","EQ","2026-09-05T05:15:00Z","2026-09-05T06:00:00Z","true","APPROVED","DEMO","SYNTHETIC","0.3"
"SIM-S0207-Q-pH","SIM-S0207","SIM-S0207-S","pH","9.9088","pH","SIM-M-pH","SIM-Q02","9.5","10.5","EQ","2026-09-05T05:15:00Z","2026-09-05T06:00:00Z","true","APPROVED","DEMO","SYNTHETIC","10"
"SIM-S0207-Q-Solids","SIM-S0207","SIM-S0207-S","Solids","9.9544","wt%","SIM-M-Solids","SIM-Q02","9.5","10.5","EQ","2026-09-05T05:15:00Z","2026-09-05T06:00:00Z","true","APPROVED","DEMO","SYNTHETIC","10"
"SIM-S0207-Q-Viscosity","SIM-S0207","SIM-S0207-S","Viscosity","1.6517","mPa.s","SIM-M-Viscosity","SIM-Q02","1.2","2.2","EQ","2026-09-05T05:15:00Z","2026-09-05T06:00:00Z","true","APPROVED","DEMO","SYNTHETIC","1.7"
"SIM-S0207-Q-D50","SIM-S0207","SIM-S0207-S","D50","88.2297","nm","SIM-M-D50","SIM-Q02","75","105","EQ","2026-09-05T05:15:00Z","2026-09-05T06:00:00Z","true","APPROVED","DEMO","SYNTHETIC","90"
"SIM-S0207-Q-D90","SIM-S0207","SIM-S0207-S","D90","126.7784","nm","SIM-M-D90","SIM-Q02","110","180","EQ","2026-09-05T05:15:00Z","2026-09-05T06:00:00Z","true","APPROVED","DEMO","SYNTHETIC","130"
"SIM-S0207-Q-LPC_0p5","SIM-S0207","SIM-S0207-S","LPC_0p5","1288.7196","count/mL","SIM-M-LPC_0p5","SIM-Q02","","3000","EQ","2026-09-05T05:15:00Z","2026-09-05T06:00:00Z","true","APPROVED","DEMO","SYNTHETIC","1000"
"SIM-S0207-Q-LPC_1p0","SIM-S0207","SIM-S0207-S","LPC_1p0","68.5613","count/mL","SIM-M-LPC_1p0","SIM-Q02","","600","EQ","2026-09-05T05:15:00Z","2026-09-05T06:00:00Z","true","APPROVED","DEMO","SYNTHETIC","80"
"SIM-S0207-Q-Zeta","SIM-S0207","SIM-S0207-S","Zeta","-40.3185","mV","SIM-M-Zeta","SIM-Q02","-50","-30","EQ","2026-09-05T05:15:00Z","2026-09-05T06:00:00Z","true","APPROVED","DEMO","SYNTHETIC","-40"
"SIM-S0207-Q-Fe","SIM-S0207","SIM-S0207-S","Fe","0.3187","ug/kg","SIM-M-Fe","SIM-Q02","","1","EQ","2026-09-05T05:15:00Z","2026-09-05T06:00:00Z","true","APPROVED","DEMO","SYNTHETIC","0.3"
"SIM-S0208-Q-pH","SIM-S0208","SIM-S0208-S","pH","10.0216","pH","SIM-M-pH","SIM-Q02","9.5","10.5","EQ","2026-09-05T06:45:00Z","2026-09-05T07:30:00Z","true","APPROVED","DEMO","SYNTHETIC","10"
"SIM-S0208-Q-Solids","SIM-S0208","SIM-S0208-S","Solids","9.9411","wt%","SIM-M-Solids","SIM-Q02","9.5","10.5","EQ","2026-09-05T06:45:00Z","2026-09-05T07:30:00Z","true","APPROVED","DEMO","SYNTHETIC","10"
"SIM-S0208-Q-Viscosity","SIM-S0208","SIM-S0208-S","Viscosity","1.6918","mPa.s","SIM-M-Viscosity","SIM-Q02","1.2","2.2","EQ","2026-09-05T06:45:00Z","2026-09-05T07:30:00Z","true","APPROVED","DEMO","SYNTHETIC","1.7"
"SIM-S0208-Q-D50","SIM-S0208","SIM-S0208-S","D50","86.8934","nm","SIM-M-D50","SIM-Q02","75","105","EQ","2026-09-05T06:45:00Z","2026-09-05T07:30:00Z","true","APPROVED","DEMO","SYNTHETIC","90"
"SIM-S0208-Q-D90","SIM-S0208","SIM-S0208-S","D90","128.0967","nm","SIM-M-D90","SIM-Q02","110","180","EQ","2026-09-05T06:45:00Z","2026-09-05T07:30:00Z","true","APPROVED","DEMO","SYNTHETIC","130"
"SIM-S0208-Q-LPC_0p5","SIM-S0208","SIM-S0208-S","LPC_0p5","827.4852","count/mL","SIM-M-LPC_0p5","SIM-Q02","","3000","EQ","2026-09-05T06:45:00Z","2026-09-05T07:30:00Z","true","APPROVED","DEMO","SYNTHETIC","1000"
"SIM-S0208-Q-LPC_1p0","SIM-S0208","SIM-S0208-S","LPC_1p0","98.1653","count/mL","SIM-M-LPC_1p0","SIM-Q02","","600","EQ","2026-09-05T06:45:00Z","2026-09-05T07:30:00Z","true","APPROVED","DEMO","SYNTHETIC","80"
"SIM-S0208-Q-Zeta","SIM-S0208","SIM-S0208-S","Zeta","-37.9005","mV","SIM-M-Zeta","SIM-Q02","-50","-30","EQ","2026-09-05T06:45:00Z","2026-09-05T07:30:00Z","true","APPROVED","DEMO","SYNTHETIC","-40"
"SIM-S0208-Q-Fe","SIM-S0208","SIM-S0208-S","Fe","0.3076","ug/kg","SIM-M-Fe","SIM-Q02","","1","EQ","2026-09-05T06:45:00Z","2026-09-05T07:30:00Z","true","APPROVED","DEMO","SYNTHETIC","0.3"
"SIM-S0209-Q-pH","SIM-S0209","SIM-S0209-S","pH","9.9612","pH","SIM-M-pH","SIM-Q02","9.5","10.5","EQ","2026-09-05T06:45:00Z","2026-09-05T07:30:00Z","true","APPROVED","DEMO","SYNTHETIC","10"
"SIM-S0209-Q-Solids","SIM-S0209","SIM-S0209-S","Solids","10.0627","wt%","SIM-M-Solids","SIM-Q02","9.5","10.5","EQ","2026-09-05T06:45:00Z","2026-09-05T07:30:00Z","true","APPROVED","DEMO","SYNTHETIC","10"
"SIM-S0209-Q-Viscosity","SIM-S0209","SIM-S0209-S","Viscosity","1.704","mPa.s","SIM-M-Viscosity","SIM-Q02","1.2","2.2","EQ","2026-09-05T06:45:00Z","2026-09-05T07:30:00Z","true","APPROVED","DEMO","SYNTHETIC","1.7"
"SIM-S0209-Q-D50","SIM-S0209","SIM-S0209-S","D50","94.659","nm","SIM-M-D50","SIM-Q02","75","105","EQ","2026-09-05T06:45:00Z","2026-09-05T07:30:00Z","true","APPROVED","DEMO","SYNTHETIC","90"
"SIM-S0209-Q-D90","SIM-S0209","SIM-S0209-S","D90","133.008","nm","SIM-M-D90","SIM-Q02","110","180","EQ","2026-09-05T06:45:00Z","2026-09-05T07:30:00Z","true","APPROVED","DEMO","SYNTHETIC","130"
"SIM-S0209-Q-LPC_0p5","SIM-S0209","SIM-S0209-S","LPC_0p5","1787.3556","count/mL","SIM-M-LPC_0p5","SIM-Q02","","3000","EQ","2026-09-05T06:45:00Z","2026-09-05T07:30:00Z","true","APPROVED","DEMO","SYNTHETIC","1000"
"SIM-S0209-Q-LPC_1p0","SIM-S0209","SIM-S0209-S","LPC_1p0","384.2402","count/mL","SIM-M-LPC_1p0","SIM-Q02","","600","EQ","2026-09-05T06:45:00Z","2026-09-05T07:30:00Z","true","APPROVED","DEMO","SYNTHETIC","80"
"SIM-S0209-Q-Zeta","SIM-S0209","SIM-S0209-S","Zeta","-41.844","mV","SIM-M-Zeta","SIM-Q02","-50","-30","EQ","2026-09-05T06:45:00Z","2026-09-05T07:30:00Z","true","APPROVED","DEMO","SYNTHETIC","-40"
"SIM-S0209-Q-Fe","SIM-S0209","SIM-S0209-S","Fe","0.2964","ug/kg","SIM-M-Fe","SIM-Q02","","1","EQ","2026-09-05T06:45:00Z","2026-09-05T07:30:00Z","true","APPROVED","DEMO","SYNTHETIC","0.3"
"SIM-S0210-Q-pH","SIM-S0210","SIM-S0210-S","pH","10.1148","pH","SIM-M-pH","SIM-Q02","9.5","10.5","EQ","2026-09-05T06:45:00Z","2026-09-05T07:30:00Z","true","APPROVED","DEMO","SYNTHETIC","10"
"SIM-S0210-Q-Solids","SIM-S0210","SIM-S0210-S","Solids","10.0644","wt%","SIM-M-Solids","SIM-Q02","9.5","10.5","EQ","2026-09-05T06:45:00Z","2026-09-05T07:30:00Z","true","APPROVED","DEMO","SYNTHETIC","10"
"SIM-S0210-Q-Viscosity","SIM-S0210","SIM-S0210-S","Viscosity","1.6657","mPa.s","SIM-M-Viscosity","SIM-Q02","1.2","2.2","EQ","2026-09-05T06:45:00Z","2026-09-05T07:30:00Z","true","APPROVED","DEMO","SYNTHETIC","1.7"
"SIM-S0210-Q-D50","SIM-S0210","SIM-S0210-S","D50","90.0514","nm","SIM-M-D50","SIM-Q02","75","105","EQ","2026-09-05T06:45:00Z","2026-09-05T07:30:00Z","true","APPROVED","DEMO","SYNTHETIC","90"
"SIM-S0210-Q-D90","SIM-S0210","SIM-S0210-S","D90","127.1217","nm","SIM-M-D90","SIM-Q02","110","180","EQ","2026-09-05T06:45:00Z","2026-09-05T07:30:00Z","true","APPROVED","DEMO","SYNTHETIC","130"
"SIM-S0210-Q-LPC_0p5","SIM-S0210","SIM-S0210-S","LPC_0p5","1150.3807","count/mL","SIM-M-LPC_0p5","SIM-Q02","","3000","EQ","2026-09-05T06:45:00Z","2026-09-05T07:30:00Z","true","APPROVED","DEMO","SYNTHETIC","1000"
"SIM-S0210-Q-LPC_1p0","SIM-S0210","SIM-S0210-S","LPC_1p0","63.3668","count/mL","SIM-M-LPC_1p0","SIM-Q02","","600","EQ","2026-09-05T06:45:00Z","2026-09-05T07:30:00Z","true","APPROVED","DEMO","SYNTHETIC","80"
"SIM-S0210-Q-Zeta","SIM-S0210","SIM-S0210-S","Zeta","-40.8442","mV","SIM-M-Zeta","SIM-Q02","-50","-30","EQ","2026-09-05T06:45:00Z","2026-09-05T07:30:00Z","true","APPROVED","DEMO","SYNTHETIC","-40"
"SIM-S0210-Q-Fe","SIM-S0210","SIM-S0210-S","Fe","0.2931","ug/kg","SIM-M-Fe","SIM-Q02","","1","EQ","2026-09-05T06:45:00Z","2026-09-05T07:30:00Z","true","APPROVED","DEMO","SYNTHETIC","0.3"
"SIM-S0211-Q-pH","SIM-S0211","SIM-S0211-S","pH","10.0011","pH","SIM-M-pH","SIM-Q02","9.5","10.5","EQ","2026-09-05T08:15:00Z","2026-09-05T09:00:00Z","true","APPROVED","DEMO","SYNTHETIC","10"
"SIM-S0211-Q-Solids","SIM-S0211","SIM-S0211-S","Solids","9.943","wt%","SIM-M-Solids","SIM-Q02","9.5","10.5","EQ","2026-09-05T08:15:00Z","2026-09-05T09:00:00Z","true","APPROVED","DEMO","SYNTHETIC","10"
"SIM-S0211-Q-Viscosity","SIM-S0211","SIM-S0211-S","Viscosity","1.5564","mPa.s","SIM-M-Viscosity","SIM-Q02","1.2","2.2","EQ","2026-09-05T08:15:00Z","2026-09-05T09:00:00Z","true","APPROVED","DEMO","SYNTHETIC","1.7"
"SIM-S0211-Q-D50","SIM-S0211","SIM-S0211-S","D50","92.2388","nm","SIM-M-D50","SIM-Q02","75","105","EQ","2026-09-05T08:15:00Z","2026-09-05T09:00:00Z","true","APPROVED","DEMO","SYNTHETIC","90"
"SIM-S0211-Q-D90","SIM-S0211","SIM-S0211-S","D90","118.43","nm","SIM-M-D90","SIM-Q02","110","180","EQ","2026-09-05T08:15:00Z","2026-09-05T09:00:00Z","true","APPROVED","DEMO","SYNTHETIC","130"
"SIM-S0211-Q-LPC_0p5","SIM-S0211","SIM-S0211-S","LPC_0p5","1230.208","count/mL","SIM-M-LPC_0p5","SIM-Q02","","3000","EQ","2026-09-05T08:15:00Z","2026-09-05T09:00:00Z","true","APPROVED","DEMO","SYNTHETIC","1000"
"SIM-S0211-Q-LPC_1p0","SIM-S0211","SIM-S0211-S","LPC_1p0","95.842","count/mL","SIM-M-LPC_1p0","SIM-Q02","","600","EQ","2026-09-05T08:15:00Z","2026-09-05T09:00:00Z","true","APPROVED","DEMO","SYNTHETIC","80"
"SIM-S0211-Q-Zeta","SIM-S0211","SIM-S0211-S","Zeta","-40.585","mV","SIM-M-Zeta","SIM-Q02","-50","-30","EQ","2026-09-05T08:15:00Z","2026-09-05T09:00:00Z","true","APPROVED","DEMO","SYNTHETIC","-40"
"SIM-S0211-Q-Fe","SIM-S0211","SIM-S0211-S","Fe","0.3008","ug/kg","SIM-M-Fe","SIM-Q02","","1","EQ","2026-09-05T08:15:00Z","2026-09-05T09:00:00Z","true","APPROVED","DEMO","SYNTHETIC","0.3"
"SIM-S0212-Q-pH","SIM-S0212","SIM-S0212-S","pH","9.9926","pH","SIM-M-pH","SIM-Q02","9.5","10.5","EQ","2026-09-05T08:15:00Z","2026-09-05T09:00:00Z","true","APPROVED","DEMO","SYNTHETIC","10"
"SIM-S0212-Q-Solids","SIM-S0212","SIM-S0212-S","Solids","10.0593","wt%","SIM-M-Solids","SIM-Q02","9.5","10.5","EQ","2026-09-05T08:15:00Z","2026-09-05T09:00:00Z","true","APPROVED","DEMO","SYNTHETIC","10"
"SIM-S0212-Q-Viscosity","SIM-S0212","SIM-S0212-S","Viscosity","1.6415","mPa.s","SIM-M-Viscosity","SIM-Q02","1.2","2.2","EQ","2026-09-05T08:15:00Z","2026-09-05T09:00:00Z","true","APPROVED","DEMO","SYNTHETIC","1.7"
"SIM-S0212-Q-D50","SIM-S0212","SIM-S0212-S","D50","93.6252","nm","SIM-M-D50","SIM-Q02","75","105","EQ","2026-09-05T08:15:00Z","2026-09-05T09:00:00Z","true","APPROVED","DEMO","SYNTHETIC","90"
"SIM-S0212-Q-D90","SIM-S0212","SIM-S0212-S","D90","132.444","nm","SIM-M-D90","SIM-Q02","110","180","EQ","2026-09-05T08:15:00Z","2026-09-05T09:00:00Z","true","APPROVED","DEMO","SYNTHETIC","130"
"SIM-S0212-Q-LPC_0p5","SIM-S0212","SIM-S0212-S","LPC_0p5","1379.4744","count/mL","SIM-M-LPC_0p5","SIM-Q02","","3000","EQ","2026-09-05T08:15:00Z","2026-09-05T09:00:00Z","true","APPROVED","DEMO","SYNTHETIC","1000"
"SIM-S0212-Q-LPC_1p0","SIM-S0212","SIM-S0212-S","LPC_1p0","430.6941","count/mL","SIM-M-LPC_1p0","SIM-Q02","","600","EQ","2026-09-05T08:15:00Z","2026-09-05T09:00:00Z","true","APPROVED","DEMO","SYNTHETIC","80"
"SIM-S0212-Q-Zeta","SIM-S0212","SIM-S0212-S","Zeta","-40.8914","mV","SIM-M-Zeta","SIM-Q02","-50","-30","EQ","2026-09-05T08:15:00Z","2026-09-05T09:00:00Z","true","APPROVED","DEMO","SYNTHETIC","-40"
"SIM-S0212-Q-Fe","SIM-S0212","SIM-S0212-S","Fe","0.2781","ug/kg","SIM-M-Fe","SIM-Q02","","1","EQ","2026-09-05T08:15:00Z","2026-09-05T09:00:00Z","true","APPROVED","DEMO","SYNTHETIC","0.3"
"SIM-S0213-Q-pH","SIM-S0213","SIM-S0213-S","pH","10.0307","pH","SIM-M-pH","SIM-Q02","9.5","10.5","EQ","2026-09-05T08:15:00Z","2026-09-05T09:00:00Z","true","APPROVED","DEMO","SYNTHETIC","10"
"SIM-S0213-Q-Solids","SIM-S0213","SIM-S0213-S","Solids","10.0602","wt%","SIM-M-Solids","SIM-Q02","9.5","10.5","EQ","2026-09-05T08:15:00Z","2026-09-05T09:00:00Z","true","APPROVED","DEMO","SYNTHETIC","10"
"SIM-S0213-Q-Viscosity","SIM-S0213","SIM-S0213-S","Viscosity","1.8209","mPa.s","SIM-M-Viscosity","SIM-Q02","1.2","2.2","EQ","2026-09-05T08:15:00Z","2026-09-05T09:00:00Z","true","APPROVED","DEMO","SYNTHETIC","1.7"
"SIM-S0213-Q-D50","SIM-S0213","SIM-S0213-S","D50","92.4924","nm","SIM-M-D50","SIM-Q02","75","105","EQ","2026-09-05T08:15:00Z","2026-09-05T09:00:00Z","true","APPROVED","DEMO","SYNTHETIC","90"
"SIM-S0213-Q-D90","SIM-S0213","SIM-S0213-S","D90","130.7638","nm","SIM-M-D90","SIM-Q02","110","180","EQ","2026-09-05T08:15:00Z","2026-09-05T09:00:00Z","true","APPROVED","DEMO","SYNTHETIC","130"
"SIM-S0213-Q-LPC_0p5","SIM-S0213","SIM-S0213-S","LPC_0p5","729.8477","count/mL","SIM-M-LPC_0p5","SIM-Q02","","3000","EQ","2026-09-05T08:15:00Z","2026-09-05T09:00:00Z","true","APPROVED","DEMO","SYNTHETIC","1000"
"SIM-S0213-Q-LPC_1p0","SIM-S0213","SIM-S0213-S","LPC_1p0","88.3985","count/mL","SIM-M-LPC_1p0","SIM-Q02","","600","EQ","2026-09-05T08:15:00Z","2026-09-05T09:00:00Z","true","APPROVED","DEMO","SYNTHETIC","80"
"SIM-S0213-Q-Zeta","SIM-S0213","SIM-S0213-S","Zeta","-39.9796","mV","SIM-M-Zeta","SIM-Q02","-50","-30","EQ","2026-09-05T08:15:00Z","2026-09-05T09:00:00Z","true","APPROVED","DEMO","SYNTHETIC","-40"
"SIM-S0213-Q-Fe","SIM-S0213","SIM-S0213-S","Fe","0.2976","ug/kg","SIM-M-Fe","SIM-Q02","","1","EQ","2026-09-05T08:15:00Z","2026-09-05T09:00:00Z","true","APPROVED","DEMO","SYNTHETIC","0.3"
"SIM-S0214-Q-pH","SIM-S0214","SIM-S0214-S","pH","10.0492","pH","SIM-M-pH","SIM-Q02","9.5","10.5","EQ","2026-09-05T09:45:00Z","2026-09-05T10:30:00Z","true","APPROVED","DEMO","SYNTHETIC","10"
"SIM-S0214-Q-Solids","SIM-S0214","SIM-S0214-S","Solids","10.0864","wt%","SIM-M-Solids","SIM-Q02","9.5","10.5","EQ","2026-09-05T09:45:00Z","2026-09-05T10:30:00Z","true","APPROVED","DEMO","SYNTHETIC","10"
"SIM-S0214-Q-Viscosity","SIM-S0214","SIM-S0214-S","Viscosity","1.7471","mPa.s","SIM-M-Viscosity","SIM-Q02","1.2","2.2","EQ","2026-09-05T09:45:00Z","2026-09-05T10:30:00Z","true","APPROVED","DEMO","SYNTHETIC","1.7"
"SIM-S0214-Q-D50","SIM-S0214","SIM-S0214-S","D50","91.3148","nm","SIM-M-D50","SIM-Q02","75","105","EQ","2026-09-05T09:45:00Z","2026-09-05T10:30:00Z","true","APPROVED","DEMO","SYNTHETIC","90"
"SIM-S0214-Q-D90","SIM-S0214","SIM-S0214-S","D90","127.7844","nm","SIM-M-D90","SIM-Q02","110","180","EQ","2026-09-05T09:45:00Z","2026-09-05T10:30:00Z","true","APPROVED","DEMO","SYNTHETIC","130"
"SIM-S0214-Q-LPC_0p5","SIM-S0214","SIM-S0214-S","LPC_0p5","1110.7569","count/mL","SIM-M-LPC_0p5","SIM-Q02","","3000","EQ","2026-09-05T09:45:00Z","2026-09-05T10:30:00Z","true","APPROVED","DEMO","SYNTHETIC","1000"
"SIM-S0214-Q-LPC_1p0","SIM-S0214","SIM-S0214-S","LPC_1p0","81.3488","count/mL","SIM-M-LPC_1p0","SIM-Q02","","600","EQ","2026-09-05T09:45:00Z","2026-09-05T10:30:00Z","true","APPROVED","DEMO","SYNTHETIC","80"
"SIM-S0214-Q-Zeta","SIM-S0214","SIM-S0214-S","Zeta","-39.4399","mV","SIM-M-Zeta","SIM-Q02","-50","-30","EQ","2026-09-05T09:45:00Z","2026-09-05T10:30:00Z","true","APPROVED","DEMO","SYNTHETIC","-40"
"SIM-S0214-Q-Fe","SIM-S0214","SIM-S0214-S","Fe","0.2788","ug/kg","SIM-M-Fe","SIM-Q02","","1","EQ","2026-09-05T09:45:00Z","2026-09-05T10:30:00Z","true","APPROVED","DEMO","SYNTHETIC","0.3"
"SIM-S0215-Q-pH","SIM-S0215","SIM-S0215-S","pH","10.0922","pH","SIM-M-pH","SIM-Q02","9.5","10.5","EQ","2026-09-05T09:45:00Z","2026-09-05T10:30:00Z","true","APPROVED","DEMO","SYNTHETIC","10"
"SIM-S0215-Q-Solids","SIM-S0215","SIM-S0215-S","Solids","9.986","wt%","SIM-M-Solids","SIM-Q02","9.5","10.5","EQ","2026-09-05T09:45:00Z","2026-09-05T10:30:00Z","true","APPROVED","DEMO","SYNTHETIC","10"
"SIM-S0215-Q-Viscosity","SIM-S0215","SIM-S0215-S","Viscosity","1.6784","mPa.s","SIM-M-Viscosity","SIM-Q02","1.2","2.2","EQ","2026-09-05T09:45:00Z","2026-09-05T10:30:00Z","true","APPROVED","DEMO","SYNTHETIC","1.7"
"SIM-S0215-Q-D50","SIM-S0215","SIM-S0215-S","D50","89.8345","nm","SIM-M-D50","SIM-Q02","75","105","EQ","2026-09-05T09:45:00Z","2026-09-05T10:30:00Z","true","APPROVED","DEMO","SYNTHETIC","90"
"SIM-S0215-Q-D90","SIM-S0215","SIM-S0215-S","D90","125.5953","nm","SIM-M-D90","SIM-Q02","110","180","EQ","2026-09-05T09:45:00Z","2026-09-05T10:30:00Z","true","APPROVED","DEMO","SYNTHETIC","130"
"SIM-S0215-Q-LPC_0p5","SIM-S0215","SIM-S0215-S","LPC_0p5","1732.76","count/mL","SIM-M-LPC_0p5","SIM-Q02","","3000","EQ","2026-09-05T09:45:00Z","2026-09-05T10:30:00Z","true","APPROVED","DEMO","SYNTHETIC","1000"
"SIM-S0215-Q-LPC_1p0","SIM-S0215","SIM-S0215-S","LPC_1p0","639.0077","count/mL","SIM-M-LPC_1p0","SIM-Q02","","600","EQ","2026-09-05T09:45:00Z","2026-09-05T10:30:00Z","true","APPROVED","DEMO","SYNTHETIC","80"
"SIM-S0215-Q-Zeta","SIM-S0215","SIM-S0215-S","Zeta","-40.736","mV","SIM-M-Zeta","SIM-Q02","-50","-30","EQ","2026-09-05T09:45:00Z","2026-09-05T10:30:00Z","true","APPROVED","DEMO","SYNTHETIC","-40"
"SIM-S0215-Q-Fe","SIM-S0215","SIM-S0215-S","Fe","0.3636","ug/kg","SIM-M-Fe","SIM-Q02","","1","EQ","2026-09-05T09:45:00Z","2026-09-05T10:30:00Z","true","APPROVED","DEMO","SYNTHETIC","0.3"
"SIM-S0216-Q-pH","SIM-S0216","SIM-S0216-S","pH","10.0587","pH","SIM-M-pH","SIM-Q02","9.5","10.5","EQ","2026-09-05T09:45:00Z","2026-09-05T10:30:00Z","true","APPROVED","DEMO","SYNTHETIC","10"
"SIM-S0216-Q-Solids","SIM-S0216","SIM-S0216-S","Solids","9.8392","wt%","SIM-M-Solids","SIM-Q02","9.5","10.5","EQ","2026-09-05T09:45:00Z","2026-09-05T10:30:00Z","true","APPROVED","DEMO","SYNTHETIC","10"
"SIM-S0216-Q-Viscosity","SIM-S0216","SIM-S0216-S","Viscosity","1.7384","mPa.s","SIM-M-Viscosity","SIM-Q02","1.2","2.2","EQ","2026-09-05T09:45:00Z","2026-09-05T10:30:00Z","true","APPROVED","DEMO","SYNTHETIC","1.7"
"SIM-S0216-Q-D50","SIM-S0216","SIM-S0216-S","D50","89.6069","nm","SIM-M-D50","SIM-Q02","75","105","EQ","2026-09-05T09:45:00Z","2026-09-05T10:30:00Z","true","APPROVED","DEMO","SYNTHETIC","90"
"SIM-S0216-Q-D90","SIM-S0216","SIM-S0216-S","D90","128.0796","nm","SIM-M-D90","SIM-Q02","110","180","EQ","2026-09-05T09:45:00Z","2026-09-05T10:30:00Z","true","APPROVED","DEMO","SYNTHETIC","130"
"SIM-S0216-Q-LPC_0p5","SIM-S0216","SIM-S0216-S","LPC_0p5","837.3016","count/mL","SIM-M-LPC_0p5","SIM-Q02","","3000","EQ","2026-09-05T09:45:00Z","2026-09-05T10:30:00Z","true","APPROVED","DEMO","SYNTHETIC","1000"
"SIM-S0216-Q-LPC_1p0","SIM-S0216","SIM-S0216-S","LPC_1p0","78.4558","count/mL","SIM-M-LPC_1p0","SIM-Q02","","600","EQ","2026-09-05T09:45:00Z","2026-09-05T10:30:00Z","true","APPROVED","DEMO","SYNTHETIC","80"
"SIM-S0216-Q-Zeta","SIM-S0216","SIM-S0216-S","Zeta","-39.7699","mV","SIM-M-Zeta","SIM-Q02","-50","-30","EQ","2026-09-05T09:45:00Z","2026-09-05T10:30:00Z","true","APPROVED","DEMO","SYNTHETIC","-40"
"SIM-S0216-Q-Fe","SIM-S0216","SIM-S0216-S","Fe","0.2984","ug/kg","SIM-M-Fe","SIM-Q02","","1","EQ","2026-09-05T09:45:00Z","2026-09-05T10:30:00Z","true","APPROVED","DEMO","SYNTHETIC","0.3"
"SIM-S0217-Q-pH","SIM-S0217","SIM-S0217-S","pH","10.0418","pH","SIM-M-pH","SIM-Q02","9.5","10.5","EQ","2026-09-05T11:15:00Z","2026-09-05T12:00:00Z","true","APPROVED","DEMO","SYNTHETIC","10"
"SIM-S0217-Q-Solids","SIM-S0217","SIM-S0217-S","Solids","10.0194","wt%","SIM-M-Solids","SIM-Q02","9.5","10.5","EQ","2026-09-05T11:15:00Z","2026-09-05T12:00:00Z","true","APPROVED","DEMO","SYNTHETIC","10"
"SIM-S0217-Q-Viscosity","SIM-S0217","SIM-S0217-S","Viscosity","1.6054","mPa.s","SIM-M-Viscosity","SIM-Q02","1.2","2.2","EQ","2026-09-05T11:15:00Z","2026-09-05T12:00:00Z","true","APPROVED","DEMO","SYNTHETIC","1.7"
"SIM-S0217-Q-D50","SIM-S0217","SIM-S0217-S","D50","89.3842","nm","SIM-M-D50","SIM-Q02","75","105","EQ","2026-09-05T11:15:00Z","2026-09-05T12:00:00Z","true","APPROVED","DEMO","SYNTHETIC","90"
"SIM-S0217-Q-D90","SIM-S0217","SIM-S0217-S","D90","135.4258","nm","SIM-M-D90","SIM-Q02","110","180","EQ","2026-09-05T11:15:00Z","2026-09-05T12:00:00Z","true","APPROVED","DEMO","SYNTHETIC","130"
"SIM-S0217-Q-LPC_0p5","SIM-S0217","SIM-S0217-S","LPC_0p5","984.2685","count/mL","SIM-M-LPC_0p5","SIM-Q02","","3000","EQ","2026-09-05T11:15:00Z","2026-09-05T12:00:00Z","true","APPROVED","DEMO","SYNTHETIC","1000"
"SIM-S0217-Q-LPC_1p0","SIM-S0217","SIM-S0217-S","LPC_1p0","78.6778","count/mL","SIM-M-LPC_1p0","SIM-Q02","","600","EQ","2026-09-05T11:15:00Z","2026-09-05T12:00:00Z","true","APPROVED","DEMO","SYNTHETIC","80"
"SIM-S0217-Q-Zeta","SIM-S0217","SIM-S0217-S","Zeta","-39.4679","mV","SIM-M-Zeta","SIM-Q02","-50","-30","EQ","2026-09-05T11:15:00Z","2026-09-05T12:00:00Z","true","APPROVED","DEMO","SYNTHETIC","-40"
"SIM-S0217-Q-Fe","SIM-S0217","SIM-S0217-S","Fe","0.2612","ug/kg","SIM-M-Fe","SIM-Q02","","1","EQ","2026-09-05T11:15:00Z","2026-09-05T12:00:00Z","true","APPROVED","DEMO","SYNTHETIC","0.3"
"SIM-S0218-Q-pH","SIM-S0218","SIM-S0218-S","pH","9.9288","pH","SIM-M-pH","SIM-Q02","9.5","10.5","EQ","2026-09-05T11:15:00Z","2026-09-05T12:00:00Z","true","APPROVED","DEMO","SYNTHETIC","10"
"SIM-S0218-Q-Solids","SIM-S0218","SIM-S0218-S","Solids","10.0735","wt%","SIM-M-Solids","SIM-Q02","9.5","10.5","EQ","2026-09-05T11:15:00Z","2026-09-05T12:00:00Z","true","APPROVED","DEMO","SYNTHETIC","10"
"SIM-S0218-Q-Viscosity","SIM-S0218","SIM-S0218-S","Viscosity","1.6935","mPa.s","SIM-M-Viscosity","SIM-Q02","1.2","2.2","EQ","2026-09-05T11:15:00Z","2026-09-05T12:00:00Z","true","APPROVED","DEMO","SYNTHETIC","1.7"
"SIM-S0218-Q-D50","SIM-S0218","SIM-S0218-S","D50","90.2056","nm","SIM-M-D50","SIM-Q02","75","105","EQ","2026-09-05T11:15:00Z","2026-09-05T12:00:00Z","true","APPROVED","DEMO","SYNTHETIC","90"
"SIM-S0218-Q-D90","SIM-S0218","SIM-S0218-S","D90","121.746","nm","SIM-M-D90","SIM-Q02","110","180","EQ","2026-09-05T11:15:00Z","2026-09-05T12:00:00Z","true","APPROVED","DEMO","SYNTHETIC","130"
"SIM-S0218-Q-LPC_0p5","SIM-S0218","SIM-S0218-S","LPC_0p5","1976.629","count/mL","SIM-M-LPC_0p5","SIM-Q02","","3000","EQ","2026-09-05T11:15:00Z","2026-09-05T12:00:00Z","true","APPROVED","DEMO","SYNTHETIC","1000"
"SIM-S0218-Q-LPC_1p0","SIM-S0218","SIM-S0218-S","LPC_1p0","622.5929","count/mL","SIM-M-LPC_1p0","SIM-Q02","","600","EQ","2026-09-05T11:15:00Z","2026-09-05T12:00:00Z","true","APPROVED","DEMO","SYNTHETIC","80"
"SIM-S0218-Q-Zeta","SIM-S0218","SIM-S0218-S","Zeta","-39.8263","mV","SIM-M-Zeta","SIM-Q02","-50","-30","EQ","2026-09-05T11:15:00Z","2026-09-05T12:00:00Z","true","APPROVED","DEMO","SYNTHETIC","-40"
"SIM-S0218-Q-Fe","SIM-S0218","SIM-S0218-S","Fe","0.3346","ug/kg","SIM-M-Fe","SIM-Q02","","1","EQ","2026-09-05T11:15:00Z","2026-09-05T12:00:00Z","true","APPROVED","DEMO","SYNTHETIC","0.3"
"SIM-S0219-Q-pH","SIM-S0219","SIM-S0219-S","pH","10.08","pH","SIM-M-pH","SIM-Q02","9.5","10.5","EQ","2026-09-05T11:15:00Z","2026-09-05T12:00:00Z","true","APPROVED","DEMO","SYNTHETIC","10"
"SIM-S0219-Q-Solids","SIM-S0219","SIM-S0219-S","Solids","9.9165","wt%","SIM-M-Solids","SIM-Q02","9.5","10.5","EQ","2026-09-05T11:15:00Z","2026-09-05T12:00:00Z","true","APPROVED","DEMO","SYNTHETIC","10"
"SIM-S0219-Q-Viscosity","SIM-S0219","SIM-S0219-S","Viscosity","1.7698","mPa.s","SIM-M-Viscosity","SIM-Q02","1.2","2.2","EQ","2026-09-05T11:15:00Z","2026-09-05T12:00:00Z","true","APPROVED","DEMO","SYNTHETIC","1.7"
"SIM-S0219-Q-D50","SIM-S0219","SIM-S0219-S","D50","88.1705","nm","SIM-M-D50","SIM-Q02","75","105","EQ","2026-09-05T11:15:00Z","2026-09-05T12:00:00Z","true","APPROVED","DEMO","SYNTHETIC","90"
"SIM-S0219-Q-D90","SIM-S0219","SIM-S0219-S","D90","135.4804","nm","SIM-M-D90","SIM-Q02","110","180","EQ","2026-09-05T11:15:00Z","2026-09-05T12:00:00Z","true","APPROVED","DEMO","SYNTHETIC","130"
"SIM-S0219-Q-LPC_0p5","SIM-S0219","SIM-S0219-S","LPC_0p5","794.3597","count/mL","SIM-M-LPC_0p5","SIM-Q02","","3000","EQ","2026-09-05T11:15:00Z","2026-09-05T12:00:00Z","true","APPROVED","DEMO","SYNTHETIC","1000"
"SIM-S0219-Q-LPC_1p0","SIM-S0219","SIM-S0219-S","LPC_1p0","64.8243","count/mL","SIM-M-LPC_1p0","SIM-Q02","","600","EQ","2026-09-05T11:15:00Z","2026-09-05T12:00:00Z","true","APPROVED","DEMO","SYNTHETIC","80"
"SIM-S0219-Q-Zeta","SIM-S0219","SIM-S0219-S","Zeta","-40.5605","mV","SIM-M-Zeta","SIM-Q02","-50","-30","EQ","2026-09-05T11:15:00Z","2026-09-05T12:00:00Z","true","APPROVED","DEMO","SYNTHETIC","-40"
"SIM-S0219-Q-Fe","SIM-S0219","SIM-S0219-S","Fe","0.2808","ug/kg","SIM-M-Fe","SIM-Q02","","1","EQ","2026-09-05T11:15:00Z","2026-09-05T12:00:00Z","true","APPROVED","DEMO","SYNTHETIC","0.3"
"SIM-S0220-Q-pH","SIM-S0220","SIM-S0220-S","pH","10.0923","pH","SIM-M-pH","SIM-Q02","9.5","10.5","EQ","2026-09-05T12:45:00Z","2026-09-05T13:30:00Z","true","APPROVED","DEMO","SYNTHETIC","10"
"SIM-S0220-Q-Solids","SIM-S0220","SIM-S0220-S","Solids","9.9749","wt%","SIM-M-Solids","SIM-Q02","9.5","10.5","EQ","2026-09-05T12:45:00Z","2026-09-05T13:30:00Z","true","APPROVED","DEMO","SYNTHETIC","10"
"SIM-S0220-Q-Viscosity","SIM-S0220","SIM-S0220-S","Viscosity","1.6943","mPa.s","SIM-M-Viscosity","SIM-Q02","1.2","2.2","EQ","2026-09-05T12:45:00Z","2026-09-05T13:30:00Z","true","APPROVED","DEMO","SYNTHETIC","1.7"
"SIM-S0220-Q-D50","SIM-S0220","SIM-S0220-S","D50","91.6017","nm","SIM-M-D50","SIM-Q02","75","105","EQ","2026-09-05T12:45:00Z","2026-09-05T13:30:00Z","true","APPROVED","DEMO","SYNTHETIC","90"
"SIM-S0220-Q-D90","SIM-S0220","SIM-S0220-S","D90","132.1164","nm","SIM-M-D90","SIM-Q02","110","180","EQ","2026-09-05T12:45:00Z","2026-09-05T13:30:00Z","true","APPROVED","DEMO","SYNTHETIC","130"
"SIM-S0220-Q-LPC_0p5","SIM-S0220","SIM-S0220-S","LPC_0p5","906.4426","count/mL","SIM-M-LPC_0p5","SIM-Q02","","3000","EQ","2026-09-05T12:45:00Z","2026-09-05T13:30:00Z","true","APPROVED","DEMO","SYNTHETIC","1000"
"SIM-S0220-Q-LPC_1p0","SIM-S0220","SIM-S0220-S","LPC_1p0","80.4008","count/mL","SIM-M-LPC_1p0","SIM-Q02","","600","EQ","2026-09-05T12:45:00Z","2026-09-05T13:30:00Z","true","APPROVED","DEMO","SYNTHETIC","80"
"SIM-S0220-Q-Zeta","SIM-S0220","SIM-S0220-S","Zeta","-38.1746","mV","SIM-M-Zeta","SIM-Q02","-50","-30","EQ","2026-09-05T12:45:00Z","2026-09-05T13:30:00Z","true","APPROVED","DEMO","SYNTHETIC","-40"
"SIM-S0220-Q-Fe","SIM-S0220","SIM-S0220-S","Fe","0.3337","ug/kg","SIM-M-Fe","SIM-Q02","","1","EQ","2026-09-05T12:45:00Z","2026-09-05T13:30:00Z","true","APPROVED","DEMO","SYNTHETIC","0.3"
"SIM-S0221-Q-pH","SIM-S0221","SIM-S0221-S","pH","10.0214","pH","SIM-M-pH","SIM-Q02","9.5","10.5","EQ","2026-09-05T12:45:00Z","2026-09-05T13:30:00Z","true","APPROVED","DEMO","SYNTHETIC","10"
"SIM-S0221-Q-Solids","SIM-S0221","SIM-S0221-S","Solids","9.9004","wt%","SIM-M-Solids","SIM-Q02","9.5","10.5","EQ","2026-09-05T12:45:00Z","2026-09-05T13:30:00Z","true","APPROVED","DEMO","SYNTHETIC","10"
"SIM-S0221-Q-Viscosity","SIM-S0221","SIM-S0221-S","Viscosity","1.7473","mPa.s","SIM-M-Viscosity","SIM-Q02","1.2","2.2","EQ","2026-09-05T12:45:00Z","2026-09-05T13:30:00Z","true","APPROVED","DEMO","SYNTHETIC","1.7"
"SIM-S0221-Q-D50","SIM-S0221","SIM-S0221-S","D50","90.6809","nm","SIM-M-D50","SIM-Q02","75","105","EQ","2026-09-05T12:45:00Z","2026-09-05T13:30:00Z","true","APPROVED","DEMO","SYNTHETIC","90"
"SIM-S0221-Q-D90","SIM-S0221","SIM-S0221-S","D90","130.3694","nm","SIM-M-D90","SIM-Q02","110","180","EQ","2026-09-05T12:45:00Z","2026-09-05T13:30:00Z","true","APPROVED","DEMO","SYNTHETIC","130"
"SIM-S0221-Q-LPC_0p5","SIM-S0221","SIM-S0221-S","LPC_0p5","1828.4732","count/mL","SIM-M-LPC_0p5","SIM-Q02","","3000","EQ","2026-09-05T12:45:00Z","2026-09-05T13:30:00Z","true","APPROVED","DEMO","SYNTHETIC","1000"
"SIM-S0221-Q-LPC_1p0","SIM-S0221","SIM-S0221-S","LPC_1p0","739.3417","count/mL","SIM-M-LPC_1p0","SIM-Q02","","600","EQ","2026-09-05T12:45:00Z","2026-09-05T13:30:00Z","true","APPROVED","DEMO","SYNTHETIC","80"
"SIM-S0221-Q-Zeta","SIM-S0221","SIM-S0221-S","Zeta","-40.5091","mV","SIM-M-Zeta","SIM-Q02","-50","-30","EQ","2026-09-05T12:45:00Z","2026-09-05T13:30:00Z","true","APPROVED","DEMO","SYNTHETIC","-40"
"SIM-S0221-Q-Fe","SIM-S0221","SIM-S0221-S","Fe","0.2933","ug/kg","SIM-M-Fe","SIM-Q02","","1","EQ","2026-09-05T12:45:00Z","2026-09-05T13:30:00Z","true","APPROVED","DEMO","SYNTHETIC","0.3"
"SIM-S0222-Q-pH","SIM-S0222","SIM-S0222-S","pH","10.0488","pH","SIM-M-pH","SIM-Q02","9.5","10.5","EQ","2026-09-05T12:45:00Z","2026-09-05T13:30:00Z","true","APPROVED","DEMO","SYNTHETIC","10"
"SIM-S0222-Q-Solids","SIM-S0222","SIM-S0222-S","Solids","9.9774","wt%","SIM-M-Solids","SIM-Q02","9.5","10.5","EQ","2026-09-05T12:45:00Z","2026-09-05T13:30:00Z","true","APPROVED","DEMO","SYNTHETIC","10"
"SIM-S0222-Q-Viscosity","SIM-S0222","SIM-S0222-S","Viscosity","1.7011","mPa.s","SIM-M-Viscosity","SIM-Q02","1.2","2.2","EQ","2026-09-05T12:45:00Z","2026-09-05T13:30:00Z","true","APPROVED","DEMO","SYNTHETIC","1.7"
"SIM-S0222-Q-D50","SIM-S0222","SIM-S0222-S","D50","89.3537","nm","SIM-M-D50","SIM-Q02","75","105","EQ","2026-09-05T12:45:00Z","2026-09-05T13:30:00Z","true","APPROVED","DEMO","SYNTHETIC","90"
"SIM-S0222-Q-D90","SIM-S0222","SIM-S0222-S","D90","135.2008","nm","SIM-M-D90","SIM-Q02","110","180","EQ","2026-09-05T12:45:00Z","2026-09-05T13:30:00Z","true","APPROVED","DEMO","SYNTHETIC","130"
"SIM-S0222-Q-LPC_0p5","SIM-S0222","SIM-S0222-S","LPC_0p5","1054.8059","count/mL","SIM-M-LPC_0p5","SIM-Q02","","3000","EQ","2026-09-05T12:45:00Z","2026-09-05T13:30:00Z","true","APPROVED","DEMO","SYNTHETIC","1000"
"SIM-S0222-Q-LPC_1p0","SIM-S0222","SIM-S0222-S","LPC_1p0","75.6712","count/mL","SIM-M-LPC_1p0","SIM-Q02","","600","EQ","2026-09-05T12:45:00Z","2026-09-05T13:30:00Z","true","APPROVED","DEMO","SYNTHETIC","80"
"SIM-S0222-Q-Zeta","SIM-S0222","SIM-S0222-S","Zeta","-40.0919","mV","SIM-M-Zeta","SIM-Q02","-50","-30","EQ","2026-09-05T12:45:00Z","2026-09-05T13:30:00Z","true","APPROVED","DEMO","SYNTHETIC","-40"
"SIM-S0222-Q-Fe","SIM-S0222","SIM-S0222-S","Fe","0.2954","ug/kg","SIM-M-Fe","SIM-Q02","","1","EQ","2026-09-05T12:45:00Z","2026-09-05T13:30:00Z","true","APPROVED","DEMO","SYNTHETIC","0.3"
"SIM-S0223-Q-pH","SIM-S0223","SIM-S0223-S","pH","9.9837","pH","SIM-M-pH","SIM-Q02","9.5","10.5","EQ","2026-09-05T14:15:00Z","2026-09-05T15:00:00Z","true","APPROVED","DEMO","SYNTHETIC","10"
"SIM-S0223-Q-Solids","SIM-S0223","SIM-S0223-S","Solids","10.057","wt%","SIM-M-Solids","SIM-Q02","9.5","10.5","EQ","2026-09-05T14:15:00Z","2026-09-05T15:00:00Z","true","APPROVED","DEMO","SYNTHETIC","10"
"SIM-S0223-Q-Viscosity","SIM-S0223","SIM-S0223-S","Viscosity","1.7206","mPa.s","SIM-M-Viscosity","SIM-Q02","1.2","2.2","EQ","2026-09-05T14:15:00Z","2026-09-05T15:00:00Z","true","APPROVED","DEMO","SYNTHETIC","1.7"
"SIM-S0223-Q-D50","SIM-S0223","SIM-S0223-S","D50","89.3182","nm","SIM-M-D50","SIM-Q02","75","105","EQ","2026-09-05T14:15:00Z","2026-09-05T15:00:00Z","true","APPROVED","DEMO","SYNTHETIC","90"
"SIM-S0223-Q-D90","SIM-S0223","SIM-S0223-S","D90","128.4434","nm","SIM-M-D90","SIM-Q02","110","180","EQ","2026-09-05T14:15:00Z","2026-09-05T15:00:00Z","true","APPROVED","DEMO","SYNTHETIC","130"
"SIM-S0223-Q-LPC_0p5","SIM-S0223","SIM-S0223-S","LPC_0p5","1160.1758","count/mL","SIM-M-LPC_0p5","SIM-Q02","","3000","EQ","2026-09-05T14:15:00Z","2026-09-05T15:00:00Z","true","APPROVED","DEMO","SYNTHETIC","1000"
"SIM-S0223-Q-LPC_1p0","SIM-S0223","SIM-S0223-S","LPC_1p0","73.776","count/mL","SIM-M-LPC_1p0","SIM-Q02","","600","EQ","2026-09-05T14:15:00Z","2026-09-05T15:00:00Z","true","APPROVED","DEMO","SYNTHETIC","80"
"SIM-S0223-Q-Zeta","SIM-S0223","SIM-S0223-S","Zeta","-38.3062","mV","SIM-M-Zeta","SIM-Q02","-50","-30","EQ","2026-09-05T14:15:00Z","2026-09-05T15:00:00Z","true","APPROVED","DEMO","SYNTHETIC","-40"
"SIM-S0223-Q-Fe","SIM-S0223","SIM-S0223-S","Fe","0.2835","ug/kg","SIM-M-Fe","SIM-Q02","","1","EQ","2026-09-05T14:15:00Z","2026-09-05T15:00:00Z","true","APPROVED","DEMO","SYNTHETIC","0.3"
"SIM-S0224-Q-pH","SIM-S0224","SIM-S0224-S","pH","9.9192","pH","SIM-M-pH","SIM-Q02","9.5","10.5","EQ","2026-09-05T14:15:00Z","2026-09-05T15:00:00Z","true","APPROVED","DEMO","SYNTHETIC","10"
"SIM-S0224-Q-Solids","SIM-S0224","SIM-S0224-S","Solids","10.0075","wt%","SIM-M-Solids","SIM-Q02","9.5","10.5","EQ","2026-09-05T14:15:00Z","2026-09-05T15:00:00Z","true","APPROVED","DEMO","SYNTHETIC","10"
"SIM-S0224-Q-Viscosity","SIM-S0224","SIM-S0224-S","Viscosity","1.7589","mPa.s","SIM-M-Viscosity","SIM-Q02","1.2","2.2","EQ","2026-09-05T14:15:00Z","2026-09-05T15:00:00Z","true","APPROVED","DEMO","SYNTHETIC","1.7"
"SIM-S0224-Q-D50","SIM-S0224","SIM-S0224-S","D50","90.1766","nm","SIM-M-D50","SIM-Q02","75","105","EQ","2026-09-05T14:15:00Z","2026-09-05T15:00:00Z","true","APPROVED","DEMO","SYNTHETIC","90"
"SIM-S0224-Q-D90","SIM-S0224","SIM-S0224-S","D90","137.1176","nm","SIM-M-D90","SIM-Q02","110","180","EQ","2026-09-05T14:15:00Z","2026-09-05T15:00:00Z","true","APPROVED","DEMO","SYNTHETIC","130"
"SIM-S0224-Q-LPC_0p5","SIM-S0224","SIM-S0224-S","LPC_0p5","2238.0698","count/mL","SIM-M-LPC_0p5","SIM-Q02","","3000","EQ","2026-09-05T14:15:00Z","2026-09-05T15:00:00Z","true","APPROVED","DEMO","SYNTHETIC","1000"
"SIM-S0224-Q-LPC_1p0","SIM-S0224","SIM-S0224-S","LPC_1p0","982.5603","count/mL","SIM-M-LPC_1p0","SIM-Q02","","600","EQ","2026-09-05T14:15:00Z","2026-09-05T15:00:00Z","true","APPROVED","DEMO","SYNTHETIC","80"
"SIM-S0224-Q-Zeta","SIM-S0224","SIM-S0224-S","Zeta","-39.1347","mV","SIM-M-Zeta","SIM-Q02","-50","-30","EQ","2026-09-05T14:15:00Z","2026-09-05T15:00:00Z","true","APPROVED","DEMO","SYNTHETIC","-40"
"SIM-S0224-Q-Fe","SIM-S0224","SIM-S0224-S","Fe","0.2994","ug/kg","SIM-M-Fe","SIM-Q02","","1","EQ","2026-09-05T14:15:00Z","2026-09-05T15:00:00Z","true","APPROVED","DEMO","SYNTHETIC","0.3"
"SIM-S0225-Q-pH","SIM-S0225","SIM-S0225-S","pH","10.0422","pH","SIM-M-pH","SIM-Q02","9.5","10.5","EQ","2026-09-05T14:15:00Z","2026-09-05T15:00:00Z","true","APPROVED","DEMO","SYNTHETIC","10"
"SIM-S0225-Q-Solids","SIM-S0225","SIM-S0225-S","Solids","9.9959","wt%","SIM-M-Solids","SIM-Q02","9.5","10.5","EQ","2026-09-05T14:15:00Z","2026-09-05T15:00:00Z","true","APPROVED","DEMO","SYNTHETIC","10"
"SIM-S0225-Q-Viscosity","SIM-S0225","SIM-S0225-S","Viscosity","1.715","mPa.s","SIM-M-Viscosity","SIM-Q02","1.2","2.2","EQ","2026-09-05T14:15:00Z","2026-09-05T15:00:00Z","true","APPROVED","DEMO","SYNTHETIC","1.7"
"SIM-S0225-Q-D50","SIM-S0225","SIM-S0225-S","D50","90.396","nm","SIM-M-D50","SIM-Q02","75","105","EQ","2026-09-05T14:15:00Z","2026-09-05T15:00:00Z","true","APPROVED","DEMO","SYNTHETIC","90"
"SIM-S0225-Q-D90","SIM-S0225","SIM-S0225-S","D90","137.958","nm","SIM-M-D90","SIM-Q02","110","180","EQ","2026-09-05T14:15:00Z","2026-09-05T15:00:00Z","true","APPROVED","DEMO","SYNTHETIC","130"
"SIM-S0225-Q-LPC_0p5","SIM-S0225","SIM-S0225-S","LPC_0p5","913.0006","count/mL","SIM-M-LPC_0p5","SIM-Q02","","3000","EQ","2026-09-05T14:15:00Z","2026-09-05T15:00:00Z","true","APPROVED","DEMO","SYNTHETIC","1000"
"SIM-S0225-Q-LPC_1p0","SIM-S0225","SIM-S0225-S","LPC_1p0","70.51","count/mL","SIM-M-LPC_1p0","SIM-Q02","","600","EQ","2026-09-05T14:15:00Z","2026-09-05T15:00:00Z","true","APPROVED","DEMO","SYNTHETIC","80"
"SIM-S0225-Q-Zeta","SIM-S0225","SIM-S0225-S","Zeta","-38.9178","mV","SIM-M-Zeta","SIM-Q02","-50","-30","EQ","2026-09-05T14:15:00Z","2026-09-05T15:00:00Z","true","APPROVED","DEMO","SYNTHETIC","-40"
"SIM-S0225-Q-Fe","SIM-S0225","SIM-S0225-S","Fe","0.2845","ug/kg","SIM-M-Fe","SIM-Q02","","1","EQ","2026-09-05T14:15:00Z","2026-09-05T15:00:00Z","true","APPROVED","DEMO","SYNTHETIC","0.3"
"SIM-S0226-Q-pH","SIM-S0226","SIM-S0226-S","pH","10.0283","pH","SIM-M-pH","SIM-Q02","9.5","10.5","EQ","2026-09-05T15:45:00Z","2026-09-05T16:30:00Z","true","APPROVED","DEMO","SYNTHETIC","10"
"SIM-S0226-Q-Solids","SIM-S0226","SIM-S0226-S","Solids","10.2011","wt%","SIM-M-Solids","SIM-Q02","9.5","10.5","EQ","2026-09-05T15:45:00Z","2026-09-05T16:30:00Z","true","APPROVED","DEMO","SYNTHETIC","10"
"SIM-S0226-Q-Viscosity","SIM-S0226","SIM-S0226-S","Viscosity","1.8894","mPa.s","SIM-M-Viscosity","SIM-Q02","1.2","2.2","EQ","2026-09-05T15:45:00Z","2026-09-05T16:30:00Z","true","APPROVED","DEMO","SYNTHETIC","1.7"
"SIM-S0226-Q-D50","SIM-S0226","SIM-S0226-S","D50","89.3002","nm","SIM-M-D50","SIM-Q02","75","105","EQ","2026-09-05T15:45:00Z","2026-09-05T16:30:00Z","true","APPROVED","DEMO","SYNTHETIC","90"
"SIM-S0226-Q-D90","SIM-S0226","SIM-S0226-S","D90","127.097","nm","SIM-M-D90","SIM-Q02","110","180","EQ","2026-09-05T15:45:00Z","2026-09-05T16:30:00Z","true","APPROVED","DEMO","SYNTHETIC","130"
"SIM-S0226-Q-LPC_0p5","SIM-S0226","SIM-S0226-S","LPC_0p5","1083.8012","count/mL","SIM-M-LPC_0p5","SIM-Q02","","3000","EQ","2026-09-05T15:45:00Z","2026-09-05T16:30:00Z","true","APPROVED","DEMO","SYNTHETIC","1000"
"SIM-S0226-Q-LPC_1p0","SIM-S0226","SIM-S0226-S","LPC_1p0","87.0326","count/mL","SIM-M-LPC_1p0","SIM-Q02","","600","EQ","2026-09-05T15:45:00Z","2026-09-05T16:30:00Z","true","APPROVED","DEMO","SYNTHETIC","80"
"SIM-S0226-Q-Zeta","SIM-S0226","SIM-S0226-S","Zeta","-41.8649","mV","SIM-M-Zeta","SIM-Q02","-50","-30","EQ","2026-09-05T15:45:00Z","2026-09-05T16:30:00Z","true","APPROVED","DEMO","SYNTHETIC","-40"
"SIM-S0226-Q-Fe","SIM-S0226","SIM-S0226-S","Fe","0.2792","ug/kg","SIM-M-Fe","SIM-Q02","","1","EQ","2026-09-05T15:45:00Z","2026-09-05T16:30:00Z","true","APPROVED","DEMO","SYNTHETIC","0.3"
"SIM-S0227-Q-pH","SIM-S0227","SIM-S0227-S","pH","9.9637","pH","SIM-M-pH","SIM-Q02","9.5","10.5","EQ","2026-09-05T15:45:00Z","2026-09-05T16:30:00Z","true","APPROVED","DEMO","SYNTHETIC","10"
"SIM-S0227-Q-Solids","SIM-S0227","SIM-S0227-S","Solids","10.1172","wt%","SIM-M-Solids","SIM-Q02","9.5","10.5","EQ","2026-09-05T15:45:00Z","2026-09-05T16:30:00Z","true","APPROVED","DEMO","SYNTHETIC","10"
"SIM-S0227-Q-Viscosity","SIM-S0227","SIM-S0227-S","Viscosity","1.7048","mPa.s","SIM-M-Viscosity","SIM-Q02","1.2","2.2","EQ","2026-09-05T15:45:00Z","2026-09-05T16:30:00Z","true","APPROVED","DEMO","SYNTHETIC","1.7"
"SIM-S0227-Q-D50","SIM-S0227","SIM-S0227-S","D50","88.1052","nm","SIM-M-D50","SIM-Q02","75","105","EQ","2026-09-05T15:45:00Z","2026-09-05T16:30:00Z","true","APPROVED","DEMO","SYNTHETIC","90"
"SIM-S0227-Q-D90","SIM-S0227","SIM-S0227-S","D90","129.1493","nm","SIM-M-D90","SIM-Q02","110","180","EQ","2026-09-05T15:45:00Z","2026-09-05T16:30:00Z","true","APPROVED","DEMO","SYNTHETIC","130"
"SIM-S0227-Q-LPC_0p5","SIM-S0227","SIM-S0227-S","LPC_0p5","2367.6403","count/mL","SIM-M-LPC_0p5","SIM-Q02","","3000","EQ","2026-09-05T15:45:00Z","2026-09-05T16:30:00Z","true","APPROVED","DEMO","SYNTHETIC","1000"
"SIM-S0227-Q-LPC_1p0","SIM-S0227","SIM-S0227-S","LPC_1p0","928.408","count/mL","SIM-M-LPC_1p0","SIM-Q02","","600","EQ","2026-09-05T15:45:00Z","2026-09-05T16:30:00Z","true","APPROVED","DEMO","SYNTHETIC","80"
"SIM-S0227-Q-Zeta","SIM-S0227","SIM-S0227-S","Zeta","-39.4228","mV","SIM-M-Zeta","SIM-Q02","-50","-30","EQ","2026-09-05T15:45:00Z","2026-09-05T16:30:00Z","true","APPROVED","DEMO","SYNTHETIC","-40"
"SIM-S0227-Q-Fe","SIM-S0227","SIM-S0227-S","Fe","0.2349","ug/kg","SIM-M-Fe","SIM-Q02","","1","EQ","2026-09-05T15:45:00Z","2026-09-05T16:30:00Z","true","APPROVED","DEMO","SYNTHETIC","0.3"
"SIM-S0228-Q-pH","SIM-S0228","SIM-S0228-S","pH","9.9553","pH","SIM-M-pH","SIM-Q02","9.5","10.5","EQ","2026-09-05T15:45:00Z","2026-09-05T16:30:00Z","true","APPROVED","DEMO","SYNTHETIC","10"
"SIM-S0228-Q-Solids","SIM-S0228","SIM-S0228-S","Solids","10.21","wt%","SIM-M-Solids","SIM-Q02","9.5","10.5","EQ","2026-09-05T15:45:00Z","2026-09-05T16:30:00Z","true","APPROVED","DEMO","SYNTHETIC","10"
"SIM-S0228-Q-Viscosity","SIM-S0228","SIM-S0228-S","Viscosity","1.7291","mPa.s","SIM-M-Viscosity","SIM-Q02","1.2","2.2","EQ","2026-09-05T15:45:00Z","2026-09-05T16:30:00Z","true","APPROVED","DEMO","SYNTHETIC","1.7"
"SIM-S0228-Q-D50","SIM-S0228","SIM-S0228-S","D50","90.2742","nm","SIM-M-D50","SIM-Q02","75","105","EQ","2026-09-05T15:45:00Z","2026-09-05T16:30:00Z","true","APPROVED","DEMO","SYNTHETIC","90"
"SIM-S0228-Q-D90","SIM-S0228","SIM-S0228-S","D90","129.4145","nm","SIM-M-D90","SIM-Q02","110","180","EQ","2026-09-05T15:45:00Z","2026-09-05T16:30:00Z","true","APPROVED","DEMO","SYNTHETIC","130"
"SIM-S0228-Q-LPC_0p5","SIM-S0228","SIM-S0228-S","LPC_0p5","1153.8214","count/mL","SIM-M-LPC_0p5","SIM-Q02","","3000","EQ","2026-09-05T15:45:00Z","2026-09-05T16:30:00Z","true","APPROVED","DEMO","SYNTHETIC","1000"
"SIM-S0228-Q-LPC_1p0","SIM-S0228","SIM-S0228-S","LPC_1p0","58.0867","count/mL","SIM-M-LPC_1p0","SIM-Q02","","600","EQ","2026-09-05T15:45:00Z","2026-09-05T16:30:00Z","true","APPROVED","DEMO","SYNTHETIC","80"
"SIM-S0228-Q-Zeta","SIM-S0228","SIM-S0228-S","Zeta","-38.8117","mV","SIM-M-Zeta","SIM-Q02","-50","-30","EQ","2026-09-05T15:45:00Z","2026-09-05T16:30:00Z","true","APPROVED","DEMO","SYNTHETIC","-40"
"SIM-S0228-Q-Fe","SIM-S0228","SIM-S0228-S","Fe","0.2797","ug/kg","SIM-M-Fe","SIM-Q02","","1","EQ","2026-09-05T15:45:00Z","2026-09-05T16:30:00Z","true","APPROVED","DEMO","SYNTHETIC","0.3"
"SIM-S0229-Q-pH","SIM-S0229","SIM-S0229-S","pH","9.9196","pH","SIM-M-pH","SIM-Q02","9.5","10.5","EQ","2026-09-05T17:15:00Z","2026-09-05T18:00:00Z","true","APPROVED","DEMO","SYNTHETIC","10"
"SIM-S0229-Q-Solids","SIM-S0229","SIM-S0229-S","Solids","9.9963","wt%","SIM-M-Solids","SIM-Q02","9.5","10.5","EQ","2026-09-05T17:15:00Z","2026-09-05T18:00:00Z","true","APPROVED","DEMO","SYNTHETIC","10"
"SIM-S0229-Q-Viscosity","SIM-S0229","SIM-S0229-S","Viscosity","1.6211","mPa.s","SIM-M-Viscosity","SIM-Q02","1.2","2.2","EQ","2026-09-05T17:15:00Z","2026-09-05T18:00:00Z","true","APPROVED","DEMO","SYNTHETIC","1.7"
"SIM-S0229-Q-D50","SIM-S0229","SIM-S0229-S","D50","90.0279","nm","SIM-M-D50","SIM-Q02","75","105","EQ","2026-09-05T17:15:00Z","2026-09-05T18:00:00Z","true","APPROVED","DEMO","SYNTHETIC","90"
"SIM-S0229-Q-D90","SIM-S0229","SIM-S0229-S","D90","132.4329","nm","SIM-M-D90","SIM-Q02","110","180","EQ","2026-09-05T17:15:00Z","2026-09-05T18:00:00Z","true","APPROVED","DEMO","SYNTHETIC","130"
"SIM-S0229-Q-LPC_0p5","SIM-S0229","SIM-S0229-S","LPC_0p5","669.7897","count/mL","SIM-M-LPC_0p5","SIM-Q02","","3000","EQ","2026-09-05T17:15:00Z","2026-09-05T18:00:00Z","true","APPROVED","DEMO","SYNTHETIC","1000"
"SIM-S0229-Q-LPC_1p0","SIM-S0229","SIM-S0229-S","LPC_1p0","95.4907","count/mL","SIM-M-LPC_1p0","SIM-Q02","","600","EQ","2026-09-05T17:15:00Z","2026-09-05T18:00:00Z","true","APPROVED","DEMO","SYNTHETIC","80"
"SIM-S0229-Q-Zeta","SIM-S0229","SIM-S0229-S","Zeta","-38.8252","mV","SIM-M-Zeta","SIM-Q02","-50","-30","EQ","2026-09-05T17:15:00Z","2026-09-05T18:00:00Z","true","APPROVED","DEMO","SYNTHETIC","-40"
"SIM-S0229-Q-Fe","SIM-S0229","SIM-S0229-S","Fe","0.2788","ug/kg","SIM-M-Fe","SIM-Q02","","1","EQ","2026-09-05T17:15:00Z","2026-09-05T18:00:00Z","true","APPROVED","DEMO","SYNTHETIC","0.3"
"SIM-S0230-Q-pH","SIM-S0230","SIM-S0230-S","pH","10.0106","pH","SIM-M-pH","SIM-Q02","9.5","10.5","EQ","2026-09-05T17:15:00Z","2026-09-05T18:00:00Z","true","APPROVED","DEMO","SYNTHETIC","10"
"SIM-S0230-Q-Solids","SIM-S0230","SIM-S0230-S","Solids","9.9105","wt%","SIM-M-Solids","SIM-Q02","9.5","10.5","EQ","2026-09-05T17:15:00Z","2026-09-05T18:00:00Z","true","APPROVED","DEMO","SYNTHETIC","10"
"SIM-S0230-Q-Viscosity","SIM-S0230","SIM-S0230-S","Viscosity","1.6895","mPa.s","SIM-M-Viscosity","SIM-Q02","1.2","2.2","EQ","2026-09-05T17:15:00Z","2026-09-05T18:00:00Z","true","APPROVED","DEMO","SYNTHETIC","1.7"
"SIM-S0230-Q-D50","SIM-S0230","SIM-S0230-S","D50","88.7081","nm","SIM-M-D50","SIM-Q02","75","105","EQ","2026-09-05T17:15:00Z","2026-09-05T18:00:00Z","true","APPROVED","DEMO","SYNTHETIC","90"
"SIM-S0230-Q-D90","SIM-S0230","SIM-S0230-S","D90","124.4805","nm","SIM-M-D90","SIM-Q02","110","180","EQ","2026-09-05T17:15:00Z","2026-09-05T18:00:00Z","true","APPROVED","DEMO","SYNTHETIC","130"
"SIM-S0230-Q-LPC_0p5","SIM-S0230","SIM-S0230-S","LPC_0p5","2460.698","count/mL","SIM-M-LPC_0p5","SIM-Q02","","3000","EQ","2026-09-05T17:15:00Z","2026-09-05T18:00:00Z","true","APPROVED","DEMO","SYNTHETIC","1000"
"SIM-S0230-Q-LPC_1p0","SIM-S0230","SIM-S0230-S","LPC_1p0","1135.2436","count/mL","SIM-M-LPC_1p0","SIM-Q02","","600","EQ","2026-09-05T17:15:00Z","2026-09-05T18:00:00Z","true","APPROVED","DEMO","SYNTHETIC","80"
"SIM-S0230-Q-Zeta","SIM-S0230","SIM-S0230-S","Zeta","-40.1106","mV","SIM-M-Zeta","SIM-Q02","-50","-30","EQ","2026-09-05T17:15:00Z","2026-09-05T18:00:00Z","true","APPROVED","DEMO","SYNTHETIC","-40"
"SIM-S0230-Q-Fe","SIM-S0230","SIM-S0230-S","Fe","0.2739","ug/kg","SIM-M-Fe","SIM-Q02","","1","EQ","2026-09-05T17:15:00Z","2026-09-05T18:00:00Z","true","APPROVED","DEMO","SYNTHETIC","0.3"
"SIM-S0231-Q-pH","SIM-S0231","SIM-S0231-S","pH","10.0204","pH","SIM-M-pH","SIM-Q02","9.5","10.5","EQ","2026-09-05T17:15:00Z","2026-09-05T18:00:00Z","true","APPROVED","DEMO","SYNTHETIC","10"
"SIM-S0231-Q-Solids","SIM-S0231","SIM-S0231-S","Solids","9.9177","wt%","SIM-M-Solids","SIM-Q02","9.5","10.5","EQ","2026-09-05T17:15:00Z","2026-09-05T18:00:00Z","true","APPROVED","DEMO","SYNTHETIC","10"
"SIM-S0231-Q-Viscosity","SIM-S0231","SIM-S0231-S","Viscosity","1.6631","mPa.s","SIM-M-Viscosity","SIM-Q02","1.2","2.2","EQ","2026-09-05T17:15:00Z","2026-09-05T18:00:00Z","true","APPROVED","DEMO","SYNTHETIC","1.7"
"SIM-S0231-Q-D50","SIM-S0231","SIM-S0231-S","D50","88.6222","nm","SIM-M-D50","SIM-Q02","75","105","EQ","2026-09-05T17:15:00Z","2026-09-05T18:00:00Z","true","APPROVED","DEMO","SYNTHETIC","90"
"SIM-S0231-Q-D90","SIM-S0231","SIM-S0231-S","D90","122.6855","nm","SIM-M-D90","SIM-Q02","110","180","EQ","2026-09-05T17:15:00Z","2026-09-05T18:00:00Z","true","APPROVED","DEMO","SYNTHETIC","130"
"SIM-S0231-Q-LPC_0p5","SIM-S0231","SIM-S0231-S","LPC_0p5","1049.2463","count/mL","SIM-M-LPC_0p5","SIM-Q02","","3000","EQ","2026-09-05T17:15:00Z","2026-09-05T18:00:00Z","true","APPROVED","DEMO","SYNTHETIC","1000"
"SIM-S0231-Q-LPC_1p0","SIM-S0231","SIM-S0231-S","LPC_1p0","83.3803","count/mL","SIM-M-LPC_1p0","SIM-Q02","","600","EQ","2026-09-05T17:15:00Z","2026-09-05T18:00:00Z","true","APPROVED","DEMO","SYNTHETIC","80"
"SIM-S0231-Q-Zeta","SIM-S0231","SIM-S0231-S","Zeta","-40.4626","mV","SIM-M-Zeta","SIM-Q02","-50","-30","EQ","2026-09-05T17:15:00Z","2026-09-05T18:00:00Z","true","APPROVED","DEMO","SYNTHETIC","-40"
"SIM-S0231-Q-Fe","SIM-S0231","SIM-S0231-S","Fe","0.3052","ug/kg","SIM-M-Fe","SIM-Q02","","1","EQ","2026-09-05T17:15:00Z","2026-09-05T18:00:00Z","true","APPROVED","DEMO","SYNTHETIC","0.3"
"SIM-S0232-Q-pH","SIM-S0232","SIM-S0232-S","pH","9.8372","pH","SIM-M-pH","SIM-Q02","9.5","10.5","EQ","2026-09-05T18:45:00Z","2026-09-05T19:30:00Z","true","APPROVED","DEMO","SYNTHETIC","10"
"SIM-S0232-Q-Solids","SIM-S0232","SIM-S0232-S","Solids","10.0487","wt%","SIM-M-Solids","SIM-Q02","9.5","10.5","EQ","2026-09-05T18:45:00Z","2026-09-05T19:30:00Z","true","APPROVED","DEMO","SYNTHETIC","10"
"SIM-S0232-Q-Viscosity","SIM-S0232","SIM-S0232-S","Viscosity","1.8394","mPa.s","SIM-M-Viscosity","SIM-Q02","1.2","2.2","EQ","2026-09-05T18:45:00Z","2026-09-05T19:30:00Z","true","APPROVED","DEMO","SYNTHETIC","1.7"
"SIM-S0232-Q-D50","SIM-S0232","SIM-S0232-S","D50","90.6074","nm","SIM-M-D50","SIM-Q02","75","105","EQ","2026-09-05T18:45:00Z","2026-09-05T19:30:00Z","true","APPROVED","DEMO","SYNTHETIC","90"
"SIM-S0232-Q-D90","SIM-S0232","SIM-S0232-S","D90","126.8656","nm","SIM-M-D90","SIM-Q02","110","180","EQ","2026-09-05T18:45:00Z","2026-09-05T19:30:00Z","true","APPROVED","DEMO","SYNTHETIC","130"
"SIM-S0232-Q-LPC_0p5","SIM-S0232","SIM-S0232-S","LPC_0p5","1189.7543","count/mL","SIM-M-LPC_0p5","SIM-Q02","","3000","EQ","2026-09-05T18:45:00Z","2026-09-05T19:30:00Z","true","APPROVED","DEMO","SYNTHETIC","1000"
"SIM-S0232-Q-LPC_1p0","SIM-S0232","SIM-S0232-S","LPC_1p0","83.5713","count/mL","SIM-M-LPC_1p0","SIM-Q02","","600","EQ","2026-09-05T18:45:00Z","2026-09-05T19:30:00Z","true","APPROVED","DEMO","SYNTHETIC","80"
"SIM-S0232-Q-Zeta","SIM-S0232","SIM-S0232-S","Zeta","-40.3895","mV","SIM-M-Zeta","SIM-Q02","-50","-30","EQ","2026-09-05T18:45:00Z","2026-09-05T19:30:00Z","true","APPROVED","DEMO","SYNTHETIC","-40"
"SIM-S0232-Q-Fe","SIM-S0232","SIM-S0232-S","Fe","0.2984","ug/kg","SIM-M-Fe","SIM-Q02","","1","EQ","2026-09-05T18:45:00Z","2026-09-05T19:30:00Z","true","APPROVED","DEMO","SYNTHETIC","0.3"
"SIM-S0233-Q-pH","SIM-S0233","SIM-S0233-S","pH","9.8063","pH","SIM-M-pH","SIM-Q02","9.5","10.5","EQ","2026-09-05T18:45:00Z","2026-09-05T19:30:00Z","true","APPROVED","DEMO","SYNTHETIC","10"
"SIM-S0233-Q-Solids","SIM-S0233","SIM-S0233-S","Solids","10.0635","wt%","SIM-M-Solids","SIM-Q02","9.5","10.5","EQ","2026-09-05T18:45:00Z","2026-09-05T19:30:00Z","true","APPROVED","DEMO","SYNTHETIC","10"
"SIM-S0233-Q-Viscosity","SIM-S0233","SIM-S0233-S","Viscosity","1.6956","mPa.s","SIM-M-Viscosity","SIM-Q02","1.2","2.2","EQ","2026-09-05T18:45:00Z","2026-09-05T19:30:00Z","true","APPROVED","DEMO","SYNTHETIC","1.7"
"SIM-S0233-Q-D50","SIM-S0233","SIM-S0233-S","D50","90.0389","nm","SIM-M-D50","SIM-Q02","75","105","EQ","2026-09-05T18:45:00Z","2026-09-05T19:30:00Z","true","APPROVED","DEMO","SYNTHETIC","90"
"SIM-S0233-Q-D90","SIM-S0233","SIM-S0233-S","D90","124.8689","nm","SIM-M-D90","SIM-Q02","110","180","EQ","2026-09-05T18:45:00Z","2026-09-05T19:30:00Z","true","APPROVED","DEMO","SYNTHETIC","130"
"SIM-S0233-Q-LPC_0p5","SIM-S0233","SIM-S0233-S","LPC_0p5","917.6375","count/mL","SIM-M-LPC_0p5","SIM-Q02","","3000","EQ","2026-09-05T18:45:00Z","2026-09-05T19:30:00Z","true","APPROVED","DEMO","SYNTHETIC","1000"
"SIM-S0233-Q-LPC_1p0","SIM-S0233","SIM-S0233-S","LPC_1p0","75.4913","count/mL","SIM-M-LPC_1p0","SIM-Q02","","600","EQ","2026-09-05T18:45:00Z","2026-09-05T19:30:00Z","true","APPROVED","DEMO","SYNTHETIC","80"
"SIM-S0233-Q-Zeta","SIM-S0233","SIM-S0233-S","Zeta","-39.6926","mV","SIM-M-Zeta","SIM-Q02","-50","-30","EQ","2026-09-05T18:45:00Z","2026-09-05T19:30:00Z","true","APPROVED","DEMO","SYNTHETIC","-40"
"SIM-S0233-Q-Fe","SIM-S0233","SIM-S0233-S","Fe","0.3385","ug/kg","SIM-M-Fe","SIM-Q02","","1","EQ","2026-09-05T18:45:00Z","2026-09-05T19:30:00Z","true","APPROVED","DEMO","SYNTHETIC","0.3"
"SIM-S0234-Q-pH","SIM-S0234","SIM-S0234-S","pH","10.0635","pH","SIM-M-pH","SIM-Q02","9.5","10.5","EQ","2026-09-05T18:45:00Z","2026-09-05T19:30:00Z","true","APPROVED","DEMO","SYNTHETIC","10"
"SIM-S0234-Q-Solids","SIM-S0234","SIM-S0234-S","Solids","9.9852","wt%","SIM-M-Solids","SIM-Q02","9.5","10.5","EQ","2026-09-05T18:45:00Z","2026-09-05T19:30:00Z","true","APPROVED","DEMO","SYNTHETIC","10"
"SIM-S0234-Q-Viscosity","SIM-S0234","SIM-S0234-S","Viscosity","1.6309","mPa.s","SIM-M-Viscosity","SIM-Q02","1.2","2.2","EQ","2026-09-05T18:45:00Z","2026-09-05T19:30:00Z","true","APPROVED","DEMO","SYNTHETIC","1.7"
"SIM-S0234-Q-D50","SIM-S0234","SIM-S0234-S","D50","88.4297","nm","SIM-M-D50","SIM-Q02","75","105","EQ","2026-09-05T18:45:00Z","2026-09-05T19:30:00Z","true","APPROVED","DEMO","SYNTHETIC","90"
"SIM-S0234-Q-D90","SIM-S0234","SIM-S0234-S","D90","130.0078","nm","SIM-M-D90","SIM-Q02","110","180","EQ","2026-09-05T18:45:00Z","2026-09-05T19:30:00Z","true","APPROVED","DEMO","SYNTHETIC","130"
"SIM-S0234-Q-LPC_0p5","SIM-S0234","SIM-S0234-S","LPC_0p5","1014.69","count/mL","SIM-M-LPC_0p5","SIM-Q02","","3000","EQ","2026-09-05T18:45:00Z","2026-09-05T19:30:00Z","true","APPROVED","DEMO","SYNTHETIC","1000"
"SIM-S0234-Q-LPC_1p0","SIM-S0234","SIM-S0234-S","LPC_1p0","84.3544","count/mL","SIM-M-LPC_1p0","SIM-Q02","","600","EQ","2026-09-05T18:45:00Z","2026-09-05T19:30:00Z","true","APPROVED","DEMO","SYNTHETIC","80"
"SIM-S0234-Q-Zeta","SIM-S0234","SIM-S0234-S","Zeta","-39.8132","mV","SIM-M-Zeta","SIM-Q02","-50","-30","EQ","2026-09-05T18:45:00Z","2026-09-05T19:30:00Z","true","APPROVED","DEMO","SYNTHETIC","-40"
"SIM-S0234-Q-Fe","SIM-S0234","SIM-S0234-S","Fe","0.2983","ug/kg","SIM-M-Fe","SIM-Q02","","1","EQ","2026-09-05T18:45:00Z","2026-09-05T19:30:00Z","true","APPROVED","DEMO","SYNTHETIC","0.3"
"SIM-S0235-Q-pH","SIM-S0235","SIM-S0235-S","pH","10.0474","pH","SIM-M-pH","SIM-Q02","9.5","10.5","EQ","2026-09-05T20:15:00Z","2026-09-05T21:00:00Z","true","APPROVED","DEMO","SYNTHETIC","10"
"SIM-S0235-Q-Solids","SIM-S0235","SIM-S0235-S","Solids","10.0319","wt%","SIM-M-Solids","SIM-Q02","9.5","10.5","EQ","2026-09-05T20:15:00Z","2026-09-05T21:00:00Z","true","APPROVED","DEMO","SYNTHETIC","10"
"SIM-S0235-Q-Viscosity","SIM-S0235","SIM-S0235-S","Viscosity","1.6631","mPa.s","SIM-M-Viscosity","SIM-Q02","1.2","2.2","EQ","2026-09-05T20:15:00Z","2026-09-05T21:00:00Z","true","APPROVED","DEMO","SYNTHETIC","1.7"
"SIM-S0235-Q-D50","SIM-S0235","SIM-S0235-S","D50","88.9855","nm","SIM-M-D50","SIM-Q02","75","105","EQ","2026-09-05T20:15:00Z","2026-09-05T21:00:00Z","true","APPROVED","DEMO","SYNTHETIC","90"
"SIM-S0235-Q-D90","SIM-S0235","SIM-S0235-S","D90","122.9385","nm","SIM-M-D90","SIM-Q02","110","180","EQ","2026-09-05T20:15:00Z","2026-09-05T21:00:00Z","true","APPROVED","DEMO","SYNTHETIC","130"
"SIM-S0235-Q-LPC_0p5","SIM-S0235","SIM-S0235-S","LPC_0p5","1079.1038","count/mL","SIM-M-LPC_0p5","SIM-Q02","","3000","EQ","2026-09-05T20:15:00Z","2026-09-05T21:00:00Z","true","APPROVED","DEMO","SYNTHETIC","1000"
"SIM-S0235-Q-LPC_1p0","SIM-S0235","SIM-S0235-S","LPC_1p0","95.8312","count/mL","SIM-M-LPC_1p0","SIM-Q02","","600","EQ","2026-09-05T20:15:00Z","2026-09-05T21:00:00Z","true","APPROVED","DEMO","SYNTHETIC","80"
"SIM-S0235-Q-Zeta","SIM-S0235","SIM-S0235-S","Zeta","-40.7907","mV","SIM-M-Zeta","SIM-Q02","-50","-30","EQ","2026-09-05T20:15:00Z","2026-09-05T21:00:00Z","true","APPROVED","DEMO","SYNTHETIC","-40"
"SIM-S0235-Q-Fe","SIM-S0235","SIM-S0235-S","Fe","0.2753","ug/kg","SIM-M-Fe","SIM-Q02","","1","EQ","2026-09-05T20:15:00Z","2026-09-05T21:00:00Z","true","APPROVED","DEMO","SYNTHETIC","0.3"
"SIM-S0236-Q-pH","SIM-S0236","SIM-S0236-S","pH","10.053","pH","SIM-M-pH","SIM-Q02","9.5","10.5","EQ","2026-09-05T20:15:00Z","2026-09-05T21:00:00Z","true","APPROVED","DEMO","SYNTHETIC","10"
"SIM-S0236-Q-Solids","SIM-S0236","SIM-S0236-S","Solids","9.9268","wt%","SIM-M-Solids","SIM-Q02","9.5","10.5","EQ","2026-09-05T20:15:00Z","2026-09-05T21:00:00Z","true","APPROVED","DEMO","SYNTHETIC","10"
"SIM-S0236-Q-Viscosity","SIM-S0236","SIM-S0236-S","Viscosity","1.7227","mPa.s","SIM-M-Viscosity","SIM-Q02","1.2","2.2","EQ","2026-09-05T20:15:00Z","2026-09-05T21:00:00Z","true","APPROVED","DEMO","SYNTHETIC","1.7"
"SIM-S0236-Q-D50","SIM-S0236","SIM-S0236-S","D50","93.5217","nm","SIM-M-D50","SIM-Q02","75","105","EQ","2026-09-05T20:15:00Z","2026-09-05T21:00:00Z","true","APPROVED","DEMO","SYNTHETIC","90"
"SIM-S0236-Q-D90","SIM-S0236","SIM-S0236-S","D90","126.6308","nm","SIM-M-D90","SIM-Q02","110","180","EQ","2026-09-05T20:15:00Z","2026-09-05T21:00:00Z","true","APPROVED","DEMO","SYNTHETIC","130"
"SIM-S0236-Q-LPC_0p5","SIM-S0236","SIM-S0236-S","LPC_0p5","1001.2931","count/mL","SIM-M-LPC_0p5","SIM-Q02","","3000","EQ","2026-09-05T20:15:00Z","2026-09-05T21:00:00Z","true","APPROVED","DEMO","SYNTHETIC","1000"
"SIM-S0236-Q-LPC_1p0","SIM-S0236","SIM-S0236-S","LPC_1p0","92.8399","count/mL","SIM-M-LPC_1p0","SIM-Q02","","600","EQ","2026-09-05T20:15:00Z","2026-09-05T21:00:00Z","true","APPROVED","DEMO","SYNTHETIC","80"
"SIM-S0236-Q-Zeta","SIM-S0236","SIM-S0236-S","Zeta","-39.501","mV","SIM-M-Zeta","SIM-Q02","-50","-30","EQ","2026-09-05T20:15:00Z","2026-09-05T21:00:00Z","true","APPROVED","DEMO","SYNTHETIC","-40"
"SIM-S0236-Q-Fe","SIM-S0236","SIM-S0236-S","Fe","0.261","ug/kg","SIM-M-Fe","SIM-Q02","","1","EQ","2026-09-05T20:15:00Z","2026-09-05T21:00:00Z","true","APPROVED","DEMO","SYNTHETIC","0.3"
"SIM-S0237-Q-pH","SIM-S0237","SIM-S0237-S","pH","10.0817","pH","SIM-M-pH","SIM-Q02","9.5","10.5","EQ","2026-09-05T20:15:00Z","2026-09-05T21:00:00Z","true","APPROVED","DEMO","SYNTHETIC","10"
"SIM-S0237-Q-Solids","SIM-S0237","SIM-S0237-S","Solids","10.125","wt%","SIM-M-Solids","SIM-Q02","9.5","10.5","EQ","2026-09-05T20:15:00Z","2026-09-05T21:00:00Z","true","APPROVED","DEMO","SYNTHETIC","10"
"SIM-S0237-Q-Viscosity","SIM-S0237","SIM-S0237-S","Viscosity","1.6995","mPa.s","SIM-M-Viscosity","SIM-Q02","1.2","2.2","EQ","2026-09-05T20:15:00Z","2026-09-05T21:00:00Z","true","APPROVED","DEMO","SYNTHETIC","1.7"
"SIM-S0237-Q-D50","SIM-S0237","SIM-S0237-S","D50","90.0111","nm","SIM-M-D50","SIM-Q02","75","105","EQ","2026-09-05T20:15:00Z","2026-09-05T21:00:00Z","true","APPROVED","DEMO","SYNTHETIC","90"
"SIM-S0237-Q-D90","SIM-S0237","SIM-S0237-S","D90","130.8836","nm","SIM-M-D90","SIM-Q02","110","180","EQ","2026-09-05T20:15:00Z","2026-09-05T21:00:00Z","true","APPROVED","DEMO","SYNTHETIC","130"
"SIM-S0237-Q-LPC_0p5","SIM-S0237","SIM-S0237-S","LPC_0p5","952.6541","count/mL","SIM-M-LPC_0p5","SIM-Q02","","3000","EQ","2026-09-05T20:15:00Z","2026-09-05T21:00:00Z","true","APPROVED","DEMO","SYNTHETIC","1000"
"SIM-S0237-Q-LPC_1p0","SIM-S0237","SIM-S0237-S","LPC_1p0","67.5712","count/mL","SIM-M-LPC_1p0","SIM-Q02","","600","EQ","2026-09-05T20:15:00Z","2026-09-05T21:00:00Z","true","APPROVED","DEMO","SYNTHETIC","80"
"SIM-S0237-Q-Zeta","SIM-S0237","SIM-S0237-S","Zeta","-40.7754","mV","SIM-M-Zeta","SIM-Q02","-50","-30","EQ","2026-09-05T20:15:00Z","2026-09-05T21:00:00Z","true","APPROVED","DEMO","SYNTHETIC","-40"
"SIM-S0237-Q-Fe","SIM-S0237","SIM-S0237-S","Fe","0.3064","ug/kg","SIM-M-Fe","SIM-Q02","","1","EQ","2026-09-05T20:15:00Z","2026-09-05T21:00:00Z","true","APPROVED","DEMO","SYNTHETIC","0.3"
"SIM-S0238-Q-pH","SIM-S0238","SIM-S0238-S","pH","9.9428","pH","SIM-M-pH","SIM-Q02","9.5","10.5","EQ","2026-09-05T21:45:00Z","2026-09-05T22:30:00Z","true","APPROVED","DEMO","SYNTHETIC","10"
"SIM-S0238-Q-Solids","SIM-S0238","SIM-S0238-S","Solids","9.9968","wt%","SIM-M-Solids","SIM-Q02","9.5","10.5","EQ","2026-09-05T21:45:00Z","2026-09-05T22:30:00Z","true","APPROVED","DEMO","SYNTHETIC","10"
"SIM-S0238-Q-Viscosity","SIM-S0238","SIM-S0238-S","Viscosity","1.7399","mPa.s","SIM-M-Viscosity","SIM-Q02","1.2","2.2","EQ","2026-09-05T21:45:00Z","2026-09-05T22:30:00Z","true","APPROVED","DEMO","SYNTHETIC","1.7"
"SIM-S0238-Q-D50","SIM-S0238","SIM-S0238-S","D50","90.5752","nm","SIM-M-D50","SIM-Q02","75","105","EQ","2026-09-05T21:45:00Z","2026-09-05T22:30:00Z","true","APPROVED","DEMO","SYNTHETIC","90"
"SIM-S0238-Q-D90","SIM-S0238","SIM-S0238-S","D90","133.7194","nm","SIM-M-D90","SIM-Q02","110","180","EQ","2026-09-05T21:45:00Z","2026-09-05T22:30:00Z","true","APPROVED","DEMO","SYNTHETIC","130"
"SIM-S0238-Q-LPC_0p5","SIM-S0238","SIM-S0238-S","LPC_0p5","1199.7225","count/mL","SIM-M-LPC_0p5","SIM-Q02","","3000","EQ","2026-09-05T21:45:00Z","2026-09-05T22:30:00Z","true","APPROVED","DEMO","SYNTHETIC","1000"
"SIM-S0238-Q-LPC_1p0","SIM-S0238","SIM-S0238-S","LPC_1p0","75.045","count/mL","SIM-M-LPC_1p0","SIM-Q02","","600","EQ","2026-09-05T21:45:00Z","2026-09-05T22:30:00Z","true","APPROVED","DEMO","SYNTHETIC","80"
"SIM-S0238-Q-Zeta","SIM-S0238","SIM-S0238-S","Zeta","-39.8755","mV","SIM-M-Zeta","SIM-Q02","-50","-30","EQ","2026-09-05T21:45:00Z","2026-09-05T22:30:00Z","true","APPROVED","DEMO","SYNTHETIC","-40"
"SIM-S0238-Q-Fe","SIM-S0238","SIM-S0238-S","Fe","0.2978","ug/kg","SIM-M-Fe","SIM-Q02","","1","EQ","2026-09-05T21:45:00Z","2026-09-05T22:30:00Z","true","APPROVED","DEMO","SYNTHETIC","0.3"
"SIM-S0239-Q-pH","SIM-S0239","SIM-S0239-S","pH","10.0987","pH","SIM-M-pH","SIM-Q02","9.5","10.5","EQ","2026-09-05T21:45:00Z","2026-09-05T22:30:00Z","true","APPROVED","DEMO","SYNTHETIC","10"
"SIM-S0239-Q-Solids","SIM-S0239","SIM-S0239-S","Solids","9.9256","wt%","SIM-M-Solids","SIM-Q02","9.5","10.5","EQ","2026-09-05T21:45:00Z","2026-09-05T22:30:00Z","true","APPROVED","DEMO","SYNTHETIC","10"
"SIM-S0239-Q-Viscosity","SIM-S0239","SIM-S0239-S","Viscosity","1.6634","mPa.s","SIM-M-Viscosity","SIM-Q02","1.2","2.2","EQ","2026-09-05T21:45:00Z","2026-09-05T22:30:00Z","true","APPROVED","DEMO","SYNTHETIC","1.7"
"SIM-S0239-Q-D50","SIM-S0239","SIM-S0239-S","D50","88.654","nm","SIM-M-D50","SIM-Q02","75","105","EQ","2026-09-05T21:45:00Z","2026-09-05T22:30:00Z","true","APPROVED","DEMO","SYNTHETIC","90"
"SIM-S0239-Q-D90","SIM-S0239","SIM-S0239-S","D90","131.4883","nm","SIM-M-D90","SIM-Q02","110","180","EQ","2026-09-05T21:45:00Z","2026-09-05T22:30:00Z","true","APPROVED","DEMO","SYNTHETIC","130"
"SIM-S0239-Q-LPC_0p5","SIM-S0239","SIM-S0239-S","LPC_0p5","838.2171","count/mL","SIM-M-LPC_0p5","SIM-Q02","","3000","EQ","2026-09-05T21:45:00Z","2026-09-05T22:30:00Z","true","APPROVED","DEMO","SYNTHETIC","1000"
"SIM-S0239-Q-LPC_1p0","SIM-S0239","SIM-S0239-S","LPC_1p0","89.8419","count/mL","SIM-M-LPC_1p0","SIM-Q02","","600","EQ","2026-09-05T21:45:00Z","2026-09-05T22:30:00Z","true","APPROVED","DEMO","SYNTHETIC","80"
"SIM-S0239-Q-Zeta","SIM-S0239","SIM-S0239-S","Zeta","-38.7749","mV","SIM-M-Zeta","SIM-Q02","-50","-30","EQ","2026-09-05T21:45:00Z","2026-09-05T22:30:00Z","true","APPROVED","DEMO","SYNTHETIC","-40"
"SIM-S0239-Q-Fe","SIM-S0239","SIM-S0239-S","Fe","0.3292","ug/kg","SIM-M-Fe","SIM-Q02","","1","EQ","2026-09-05T21:45:00Z","2026-09-05T22:30:00Z","true","APPROVED","DEMO","SYNTHETIC","0.3"
"SIM-S0240-Q-pH","SIM-S0240","SIM-S0240-S","pH","9.9164","pH","SIM-M-pH","SIM-Q02","9.5","10.5","EQ","2026-09-05T21:45:00Z","2026-09-05T22:30:00Z","true","APPROVED","DEMO","SYNTHETIC","10"
"SIM-S0240-Q-Solids","SIM-S0240","SIM-S0240-S","Solids","9.9161","wt%","SIM-M-Solids","SIM-Q02","9.5","10.5","EQ","2026-09-05T21:45:00Z","2026-09-05T22:30:00Z","true","APPROVED","DEMO","SYNTHETIC","10"
"SIM-S0240-Q-Viscosity","SIM-S0240","SIM-S0240-S","Viscosity","1.6734","mPa.s","SIM-M-Viscosity","SIM-Q02","1.2","2.2","EQ","2026-09-05T21:45:00Z","2026-09-05T22:30:00Z","true","APPROVED","DEMO","SYNTHETIC","1.7"
"SIM-S0240-Q-D50","SIM-S0240","SIM-S0240-S","D50","90.6025","nm","SIM-M-D50","SIM-Q02","75","105","EQ","2026-09-05T21:45:00Z","2026-09-05T22:30:00Z","true","APPROVED","DEMO","SYNTHETIC","90"
"SIM-S0240-Q-D90","SIM-S0240","SIM-S0240-S","D90","131.9069","nm","SIM-M-D90","SIM-Q02","110","180","EQ","2026-09-05T21:45:00Z","2026-09-05T22:30:00Z","true","APPROVED","DEMO","SYNTHETIC","130"
"SIM-S0240-Q-LPC_0p5","SIM-S0240","SIM-S0240-S","LPC_0p5","1209.9445","count/mL","SIM-M-LPC_0p5","SIM-Q02","","3000","EQ","2026-09-05T21:45:00Z","2026-09-05T22:30:00Z","true","APPROVED","DEMO","SYNTHETIC","1000"
"SIM-S0240-Q-LPC_1p0","SIM-S0240","SIM-S0240-S","LPC_1p0","78.8253","count/mL","SIM-M-LPC_1p0","SIM-Q02","","600","EQ","2026-09-05T21:45:00Z","2026-09-05T22:30:00Z","true","APPROVED","DEMO","SYNTHETIC","80"
"SIM-S0240-Q-Zeta","SIM-S0240","SIM-S0240-S","Zeta","-40.3712","mV","SIM-M-Zeta","SIM-Q02","-50","-30","EQ","2026-09-05T21:45:00Z","2026-09-05T22:30:00Z","true","APPROVED","DEMO","SYNTHETIC","-40"
"SIM-S0240-Q-Fe","SIM-S0240","SIM-S0240-S","Fe","0.3121","ug/kg","SIM-M-Fe","SIM-Q02","","1","EQ","2026-09-05T21:45:00Z","2026-09-05T22:30:00Z","true","APPROVED","DEMO","SYNTHETIC","0.3"